Original_Correlation,Model_Correlation,Correlation_Coefficient
-0.19000000000000006,-0.13096000000000002,0.28816409615969973
-0.16000000000000003,-0.1375000000000001,0.28816409615969973
-0.21000000000000008,-0.13900000000000007,0.28816409615969973
-0.15200000000000005,-0.12588000000000005,0.28816409615969973
-0.17400000000000004,-0.13112000000000007,0.28816409615969973
-0.19000000000000006,-0.12572000000000008,0.28816409615969973
-0.14600000000000005,-0.1369600000000001,0.28816409615969973
-0.14000000000000007,-0.11760000000000004,0.28816409615969973
-0.20600000000000007,-0.1385600000000001,0.28816409615969973
-0.17600000000000005,-0.14604000000000006,0.28816409615969973
-0.16400000000000003,-0.14374000000000006,0.28816409615969973
-0.1660000000000001,-0.11634000000000003,0.28816409615969973
-0.18400000000000008,-0.13080000000000008,0.28816409615969973
-0.11800000000000002,-0.12160000000000004,0.28816409615969973
-0.14,-0.12436000000000008,0.28816409615969973
-0.12000000000000005,-0.11196000000000006,0.28816409615969973
-0.13200000000000006,-0.13424000000000008,0.28816409615969973
-0.11800000000000004,-0.11208000000000008,0.28816409615969973
-0.16800000000000004,-0.13264000000000006,0.28816409615969973
-0.14200000000000004,-0.12768000000000007,0.28816409615969973
-0.15800000000000006,-0.14122000000000007,0.28816409615969973
-0.18200000000000005,-0.1311800000000001,0.28816409615969973
-0.13200000000000006,-0.11834000000000001,0.28816409615969973
-0.16600000000000006,-0.12802000000000005,0.28816409615969973
-0.11800000000000005,-0.12162000000000008,0.28816409615969973
-0.14200000000000004,-0.12878000000000006,0.28816409615969973
-0.136,-0.11618000000000005,0.28816409615969973
-0.13400000000000006,-0.13002000000000005,0.28816409615969973
-0.15600000000000003,-0.13458000000000006,0.28816409615969973
-0.14400000000000004,-0.13356000000000007,0.28816409615969973
-0.15400000000000008,-0.13256000000000007,0.28816409615969973
-0.13200000000000003,-0.12800000000000009,0.28816409615969973
-0.15600000000000006,-0.13420000000000004,0.28816409615969973
-0.12800000000000003,-0.13596000000000005,0.28816409615969973
-0.15000000000000005,-0.11504000000000007,0.28816409615969973
-0.14800000000000008,-0.1429600000000001,0.28816409615969973
-0.15400000000000005,-0.13760000000000008,0.28816409615969973
-0.17800000000000005,-0.1406200000000001,0.28816409615969973
-0.10600000000000002,-0.12324000000000009,0.28816409615969973
-0.15400000000000005,-0.12452000000000005,0.28816409615969973
-0.12600000000000003,-0.1310000000000001,0.28816409615969973
-0.08400000000000002,-0.11788000000000005,0.28816409615969973
-0.15400000000000003,-0.13600000000000007,0.28816409615969973
-0.10000000000000003,-0.11624000000000005,0.28816409615969973
-0.14000000000000007,-0.14402000000000006,0.28816409615969973
-0.13200000000000003,-0.12248000000000003,0.28816409615969973
-0.10000000000000003,-0.14112000000000008,0.28816409615969973
-0.12200000000000003,-0.11892000000000008,0.28816409615969973
-0.17600000000000005,-0.13488000000000008,0.28816409615969973
-0.11800000000000002,-0.13496000000000008,0.28816409615969973
-0.15800000000000006,-0.13822000000000004,0.28816409615969973
-0.11200000000000003,-0.13356000000000007,0.28816409615969973
-0.11000000000000004,-0.12036000000000008,0.28816409615969973
-0.16800000000000007,-0.1398800000000001,0.28816409615969973
-0.15000000000000005,-0.13488000000000006,0.28816409615969973
-0.17000000000000007,-0.13450000000000012,0.28816409615969973
-0.13800000000000007,-0.12148000000000003,0.28816409615969973
-0.14000000000000004,-0.14328000000000007,0.28816409615969973
-0.15000000000000005,-0.1371600000000001,0.28816409615969973
-0.14600000000000007,-0.15042000000000005,0.28816409615969973
-0.15800000000000003,-0.12720000000000006,0.28816409615969973
-0.12000000000000005,-0.13400000000000006,0.28816409615969973
-0.1640000000000001,-0.13098000000000004,0.28816409615969973
-0.14600000000000002,-0.14548000000000008,0.28816409615969973
-0.13800000000000004,-0.15458000000000008,0.28816409615969973
-0.15200000000000002,-0.14750000000000008,0.28816409615969973
-0.15200000000000002,-0.11930000000000004,0.28816409615969973
-0.14200000000000004,-0.12420000000000007,0.28816409615969973
-0.16400000000000006,-0.11704000000000005,0.28816409615969973
-0.15000000000000002,-0.12760000000000007,0.28816409615969973
-0.17800000000000005,-0.10760000000000006,0.28816409615969973
-0.08600000000000002,-0.12700000000000006,0.28816409615969973
-0.1,-0.10560000000000007,0.28816409615969973
-0.17800000000000007,-0.12696000000000007,0.28816409615969973
-0.18800000000000006,-0.13280000000000008,0.28816409615969973
-0.16400000000000006,-0.13190000000000007,0.28816409615969973
-0.16800000000000007,-0.13118000000000005,0.28816409615969973
-0.11800000000000004,-0.12150000000000008,0.28816409615969973
-0.15600000000000006,-0.12802000000000008,0.28816409615969973
-0.10800000000000004,-0.12050000000000007,0.28816409615969973
-0.15600000000000006,-0.1331000000000001,0.28816409615969973
-0.12200000000000005,-0.11758000000000003,0.28816409615969973
-0.17200000000000007,-0.13278000000000006,0.28816409615969973
-0.13400000000000006,-0.1395800000000001,0.28816409615969973
-0.13000000000000003,-0.13260000000000008,0.28816409615969973
-0.136,-0.12320000000000005,0.28816409615969973
-0.17400000000000007,-0.1239600000000001,0.28816409615969973
-0.15000000000000005,-0.12024000000000004,0.28816409615969973
-0.10600000000000004,-0.12048000000000006,0.28816409615969973
-0.15600000000000003,-0.10376000000000006,0.28816409615969973
-0.18200000000000005,-0.1354400000000001,0.28816409615969973
-0.14400000000000007,-0.13728000000000007,0.28816409615969973
-0.12000000000000002,-0.13298000000000004,0.28816409615969973
-0.17200000000000004,-0.12172000000000005,0.28816409615969973
-0.14800000000000005,-0.11628000000000008,0.28816409615969973
-0.128,-0.12084000000000004,0.28816409615969973
-0.09800000000000002,-0.10912000000000005,0.28816409615969973
-0.18000000000000005,-0.1314000000000001,0.28816409615969973
-0.14600000000000007,-0.12844000000000005,0.28816409615969973
-0.138,-0.13298000000000007,0.28816409615969973
-0.15400000000000005,-0.11420000000000005,0.28816409615969973
-0.12200000000000005,-0.12404000000000008,0.28816409615969973
-0.10800000000000004,-0.11084000000000005,0.28816409615969973
-0.21400000000000008,-0.13304000000000005,0.28816409615969973
-0.14400000000000007,-0.1406400000000001,0.28816409615969973
-0.16800000000000004,-0.1338600000000001,0.28816409615969973
-0.15800000000000008,-0.12024000000000004,0.28816409615969973
-0.08800000000000002,-0.10260000000000005,0.28816409615969973
-0.18200000000000005,-0.13044000000000008,0.28816409615969973
-0.13600000000000004,-0.1314400000000001,0.28816409615969973
-0.13200000000000003,-0.12702000000000008,0.28816409615969973
-0.10800000000000004,-0.10892000000000006,0.28816409615969973
-0.17000000000000007,-0.13016000000000008,0.28816409615969973
-0.13600000000000004,-0.13180000000000008,0.28816409615969973
-0.14000000000000004,-0.13822000000000012,0.28816409615969973
-0.1680000000000001,-0.11716000000000007,0.28816409615969973
-0.13400000000000004,-0.1280400000000001,0.28816409615969973
-0.15400000000000008,-0.11858000000000005,0.28816409615969973
-0.18800000000000008,-0.14976000000000012,0.28816409615969973
-0.17200000000000007,-0.1481800000000001,0.28816409615969973
-0.11000000000000004,-0.15038000000000012,0.28816409615969973
-0.14200000000000007,-0.11470000000000007,0.28816409615969973
-0.14800000000000002,-0.09990000000000006,0.28816409615969973
-0.09800000000000003,-0.11594000000000004,0.28816409615969973
-0.15800000000000003,-0.09710000000000003,0.28816409615969973
-0.08600000000000001,-0.11306000000000005,0.28816409615969973
-0.10800000000000001,-0.10082000000000002,0.28816409615969973
-0.12600000000000006,-0.11274000000000002,0.28816409615969973
-0.12400000000000003,-0.11782000000000006,0.28816409615969973
-0.10800000000000004,-0.11780000000000004,0.28816409615969973
-0.15800000000000006,-0.11152000000000005,0.28816409615969973
-0.13200000000000003,-0.11908000000000007,0.28816409615969973
-0.12800000000000006,-0.11020000000000008,0.28816409615969973
-0.06800000000000002,-0.11980000000000009,0.28816409615969973
-0.15000000000000005,-0.09972000000000004,0.28816409615969973
-0.16800000000000007,-0.12660000000000007,0.28816409615969973
-0.11800000000000005,-0.12528000000000006,0.28816409615969973
-0.12200000000000003,-0.12186000000000004,0.28816409615969973
-0.14600000000000007,-0.11324000000000008,0.28816409615969973
-0.14200000000000004,-0.09792000000000006,0.28816409615969973
-0.11400000000000003,-0.11272000000000007,0.28816409615969973
-0.10800000000000003,-0.10468000000000005,0.28816409615969973
-0.15000000000000005,-0.11848000000000009,0.28816409615969973
-0.12800000000000003,-0.10748000000000006,0.28816409615969973
-0.16400000000000003,-0.12714000000000006,0.28816409615969973
-0.10000000000000003,-0.10968000000000004,0.28816409615969973
-0.11600000000000003,-0.12624000000000007,0.28816409615969973
-0.09400000000000003,-0.10408000000000005,0.28816409615969973
-0.12800000000000006,-0.12204000000000005,0.28816409615969973
-0.12600000000000003,-0.12704000000000004,0.28816409615969973
-0.14600000000000007,-0.1314600000000001,0.28816409615969973
-0.10000000000000003,-0.10696000000000006,0.28816409615969973
-0.12600000000000006,-0.09732,0.28816409615969973
-0.16400000000000003,-0.10956000000000005,0.28816409615969973
-0.12200000000000005,-0.10772000000000004,0.28816409615969973
-0.10600000000000004,-0.11506000000000005,0.28816409615969973
-0.12200000000000005,-0.10556000000000007,0.28816409615969973
-0.11200000000000003,-0.1244000000000001,0.28816409615969973
-0.06600000000000002,-0.11792000000000007,0.28816409615969973
-0.09800000000000003,-0.13154000000000007,0.28816409615969973
-0.17400000000000007,-0.11228000000000003,0.28816409615969973
-0.13600000000000007,-0.11368000000000004,0.28816409615969973
-0.17600000000000005,-0.11190000000000005,0.28816409615969973
-0.17400000000000004,-0.1289200000000001,0.28816409615969973
-0.14600000000000005,-0.1355800000000001,0.28816409615969973
-0.12000000000000005,-0.13358000000000012,0.28816409615969973
-0.11600000000000005,-0.11630000000000008,0.28816409615969973
-0.14200000000000004,-0.11798000000000004,0.28816409615969973
-0.15800000000000006,-0.11710000000000002,0.28816409615969973
-0.15000000000000002,-0.12134000000000006,0.28816409615969973
-0.15200000000000005,-0.10770000000000006,0.28816409615969973
-0.18200000000000008,-0.13170000000000007,0.28816409615969973
-0.16400000000000006,-0.1317400000000001,0.28816409615969973
-0.13200000000000003,-0.1272800000000001,0.28816409615969973
-0.12400000000000003,-0.11122000000000004,0.28816409615969973
-0.13200000000000006,-0.10966000000000004,0.28816409615969973
-0.13200000000000006,-0.11094000000000004,0.28816409615969973
-0.12600000000000006,-0.10934000000000008,0.28816409615969973
-0.15600000000000006,-0.11898000000000006,0.28816409615969973
-0.12600000000000003,-0.10902000000000006,0.28816409615969973
-0.10200000000000004,-0.12084000000000009,0.28816409615969973
-0.14200000000000004,-0.11642000000000007,0.28816409615969973
-0.14600000000000007,-0.1291400000000001,0.28816409615969973
-0.12400000000000005,-0.11294000000000004,0.28816409615969973
-0.20200000000000007,-0.12426000000000006,0.28816409615969973
-0.14400000000000002,-0.13558000000000006,0.28816409615969973
-0.16000000000000003,-0.12960000000000008,0.28816409615969973
-0.15000000000000005,-0.11922000000000006,0.28816409615969973
-0.08800000000000004,-0.10666,0.28816409615969973
-0.16200000000000006,-0.11722000000000005,0.28816409615969973
-0.12800000000000003,-0.12442000000000006,0.28816409615969973
-0.14800000000000005,-0.12136000000000007,0.28816409615969973
-0.16800000000000007,-0.10930000000000005,0.28816409615969973
-0.18600000000000005,-0.12638000000000008,0.28816409615969973
-0.18800000000000008,-0.12958000000000006,0.28816409615969973
-0.16800000000000007,-0.13080000000000008,0.28816409615969973
-0.13600000000000007,-0.11790000000000007,0.28816409615969973
-0.13000000000000006,-0.12370000000000007,0.28816409615969973
-0.13400000000000004,-0.11704000000000007,0.28816409615969973
-0.10800000000000004,-0.1397400000000001,0.28816409615969973
-0.10800000000000004,-0.1368000000000001,0.28816409615969973
-0.13800000000000004,-0.1377600000000001,0.28816409615969973
-0.12200000000000005,-0.10844000000000005,0.28816409615969973
-0.14600000000000007,-0.11468000000000007,0.28816409615969973
-0.15800000000000006,-0.11032000000000003,0.28816409615969973
-0.11600000000000005,-0.10752000000000006,0.28816409615969973
-0.14600000000000005,-0.12892000000000006,0.28816409615969973
-0.10800000000000004,-0.11184000000000006,0.28816409615969973
-0.13600000000000004,-0.12658000000000005,0.28816409615969973
-0.11600000000000005,-0.11376000000000007,0.28816409615969973
-0.09200000000000003,-0.11804000000000003,0.28816409615969973
-0.10600000000000005,-0.10120000000000005,0.28816409615969973
-0.17600000000000005,-0.12668000000000004,0.28816409615969973
-0.15000000000000005,-0.13120000000000007,0.28816409615969973
-0.13800000000000007,-0.11998000000000006,0.28816409615969973
-0.14400000000000007,-0.11832000000000002,0.28816409615969973
-0.11000000000000004,-0.10488000000000001,0.28816409615969973
-0.19200000000000006,-0.12784000000000006,0.28816409615969973
-0.16600000000000004,-0.12224000000000004,0.28816409615969973
-0.19000000000000006,-0.12034000000000007,0.28816409615969973
-0.14600000000000005,-0.09876000000000003,0.28816409615969973
-0.14800000000000005,-0.13088000000000008,0.28816409615969973
-0.08600000000000005,-0.12216000000000009,0.28816409615969973
-0.15000000000000005,-0.12406000000000007,0.28816409615969973
-0.13400000000000006,-0.11512000000000004,0.28816409615969973
-0.12000000000000005,-0.11900000000000008,0.28816409615969973
-0.12800000000000003,-0.10990000000000005,0.28816409615969973
-0.14600000000000007,-0.14456000000000013,0.28816409615969973
-0.15800000000000003,-0.14086000000000012,0.28816409615969973
-0.13200000000000003,-0.1314200000000001,0.28816409615969973
-0.15400000000000003,-0.11032000000000003,0.28816409615969973
-0.1780000000000001,-0.11692000000000005,0.28816409615969973
-0.11200000000000004,-0.10924000000000007,0.28816409615969973
-0.18200000000000005,-0.12140000000000009,0.28816409615969973
-0.14400000000000007,-0.1136,0.28816409615969973
-0.16400000000000003,-0.12794000000000008,0.28816409615969973
-0.14200000000000004,-0.11388000000000005,0.28816409615969973
-0.12400000000000005,-0.10576000000000003,0.28816409615969973
-0.15800000000000006,-0.12012000000000009,0.28816409615969973
-0.13600000000000007,-0.11436000000000006,0.28816409615969973
-0.12000000000000002,-0.12410000000000004,0.28816409615969973
-0.10400000000000004,-0.10612000000000003,0.28816409615969973
-0.17800000000000005,-0.12700000000000006,0.28816409615969973
-0.14400000000000004,-0.10308000000000007,0.28816409615969973
-0.16800000000000004,-0.12774000000000008,0.28816409615969973
-0.10800000000000004,-0.12448000000000004,0.28816409615969973
-0.09000000000000002,-0.11972000000000008,0.28816409615969973
-0.07400000000000004,-0.12210000000000008,0.28816409615969973
-0.16400000000000003,-0.12948000000000007,0.28816409615969973
-0.14400000000000004,-0.1488600000000001,0.28816409615969973
-0.11400000000000002,-0.1279000000000001,0.28816409615969973
-0.12400000000000005,-0.12164000000000008,0.28816409615969973
-0.09000000000000005,-0.10812000000000005,0.28816409615969973
-0.16400000000000003,-0.11816000000000007,0.28816409615969973
-0.11400000000000003,-0.1277600000000001,0.28816409615969973
-0.12200000000000005,-0.12338000000000009,0.28816409615969973
-0.11400000000000005,-0.11304000000000004,0.28816409615969973
-0.16400000000000003,-0.12672000000000005,0.28816409615969973
-0.14200000000000004,-0.1320000000000001,0.28816409615969973
-0.15800000000000008,-0.13310000000000005,0.28816409615969973
-0.08600000000000003,-0.12168000000000007,0.28816409615969973
-0.10400000000000004,-0.12380000000000008,0.28816409615969973
-0.10400000000000005,-0.12118000000000004,0.28816409615969973
-0.14600000000000005,-0.14068000000000006,0.28816409615969973
-0.17400000000000007,-0.1394600000000001,0.28816409615969973
-0.14800000000000008,-0.14258000000000012,0.28816409615969973
-0.12200000000000005,-0.10992000000000005,0.28816409615969973
-0.16000000000000003,-0.12436000000000005,0.28816409615969973
-0.12200000000000005,-0.12432000000000008,0.28816409615969973
-0.18200000000000005,-0.13514000000000007,0.28816409615969973
-0.12200000000000003,-0.11904000000000003,0.28816409615969973
-0.12400000000000005,-0.12312000000000009,0.28816409615969973
-0.12800000000000006,-0.11606000000000007,0.28816409615969973
-0.17000000000000004,-0.13924000000000006,0.28816409615969973
-0.15400000000000005,-0.13782000000000005,0.28816409615969973
-0.14400000000000004,-0.1344200000000001,0.28816409615969973
-0.14200000000000004,-0.12272000000000004,0.28816409615969973
-0.14000000000000007,-0.11576000000000006,0.28816409615969973
-0.10400000000000004,-0.11874000000000005,0.28816409615969973
-0.13000000000000006,-0.13632000000000008,0.28816409615969973
-0.17000000000000007,-0.14782000000000015,0.28816409615969973
-0.13200000000000003,-0.1360200000000001,0.28816409615969973
-0.12000000000000002,-0.13368000000000008,0.28816409615969973
-0.13600000000000007,-0.13674000000000006,0.28816409615969973
-0.09000000000000002,-0.13682000000000008,0.28816409615969973
-0.13200000000000003,-0.1515800000000001,0.28816409615969973
-0.16600000000000006,-0.12808000000000005,0.28816409615969973
-0.15200000000000002,-0.13130000000000006,0.28816409615969973
-0.1660000000000001,-0.12746000000000007,0.28816409615969973
-0.1600000000000001,-0.13418000000000008,0.28816409615969973
-0.14400000000000004,-0.12682000000000007,0.28816409615969973
-0.15200000000000005,-0.14366000000000007,0.28816409615969973
-0.13800000000000004,-0.12014000000000005,0.28816409615969973
-0.15200000000000002,-0.14262000000000005,0.28816409615969973
-0.17400000000000007,-0.14402000000000012,0.28816409615969973
-0.13400000000000004,-0.14248000000000008,0.28816409615969973
-0.14600000000000002,-0.1327600000000001,0.28816409615969973
-0.09600000000000003,-0.12080000000000006,0.28816409615969973
-0.15000000000000002,-0.12900000000000006,0.28816409615969973
-0.12200000000000004,-0.1279600000000001,0.28816409615969973
-0.11000000000000004,-0.13528000000000007,0.28816409615969973
-0.15200000000000005,-0.12588000000000008,0.28816409615969973
-0.11400000000000002,-0.13380000000000006,0.28816409615969973
-0.13600000000000007,-0.13696000000000008,0.28816409615969973
-0.10000000000000003,-0.1314200000000001,0.28816409615969973
-0.12600000000000006,-0.12498000000000006,0.28816409615969973
-0.14,-0.12310000000000004,0.28816409615969973
-0.12800000000000006,-0.13290000000000007,0.28816409615969973
-0.15200000000000005,-0.12610000000000007,0.28816409615969973
-0.134,-0.11678000000000002,0.28816409615969973
-0.20800000000000007,-0.1375800000000001,0.28816409615969973
-0.19000000000000006,-0.1323400000000001,0.28816409615969973
-0.18200000000000008,-0.12964000000000006,0.28816409615969973
-0.12200000000000004,-0.11930000000000004,0.28816409615969973
-0.11800000000000004,-0.11930000000000007,0.28816409615969973
-0.07800000000000001,-0.12338000000000007,0.28816409615969973
-0.12400000000000005,-0.11786000000000009,0.28816409615969973
-0.13400000000000006,-0.13174000000000008,0.28816409615969973
-0.08000000000000002,-0.12178000000000004,0.28816409615969973
-0.16000000000000003,-0.1325600000000001,0.28816409615969973
-0.14800000000000005,-0.12154000000000006,0.28816409615969973
-0.16000000000000006,-0.13130000000000008,0.28816409615969973
-0.17400000000000007,-0.11774000000000008,0.28816409615969973
-0.16000000000000006,-0.13450000000000006,0.28816409615969973
-0.13400000000000004,-0.13646000000000008,0.28816409615969973
-0.134,-0.12744000000000008,0.28816409615969973
-0.12000000000000002,-0.13518000000000008,0.28816409615969973
-0.14200000000000007,-0.12438000000000007,0.28816409615969973
-0.10000000000000003,-0.14342000000000008,0.28816409615969973
-0.11400000000000003,-0.13918000000000008,0.28816409615969973
-0.17400000000000004,-0.13524000000000008,0.28816409615969973
-0.13400000000000004,-0.12406000000000006,0.28816409615969973
-0.15600000000000003,-0.1447400000000001,0.28816409615969973
-0.15000000000000005,-0.13634000000000007,0.28816409615969973
-0.1620000000000001,-0.13940000000000008,0.28816409615969973
-0.15800000000000006,-0.12818000000000007,0.28816409615969973
-0.14400000000000002,-0.13694000000000003,0.28816409615969973
-0.17200000000000004,-0.12820000000000006,0.28816409615969973
-0.18200000000000008,-0.1561000000000001,0.28816409615969973
-0.18200000000000008,-0.1516400000000001,0.28816409615969973
-0.15600000000000006,-0.14804000000000012,0.28816409615969973
-0.12800000000000006,-0.12100000000000007,0.28816409615969973
-0.12600000000000003,-0.11064000000000004,0.28816409615969973
-0.09200000000000003,-0.12252000000000007,0.28816409615969973
-0.12400000000000007,-0.11360000000000003,0.28816409615969973
-0.09600000000000003,-0.12564000000000006,0.28816409615969973
-0.09000000000000002,-0.11432000000000005,0.28816409615969973
-0.11600000000000005,-0.12216000000000007,0.28816409615969973
-0.11000000000000001,-0.12048000000000007,0.28816409615969973
-0.08600000000000002,-0.11966000000000004,0.28816409615969973
-0.10800000000000003,-0.12154000000000005,0.28816409615969973
-0.15400000000000005,-0.12158000000000006,0.28816409615969973
-0.14600000000000005,-0.12470000000000007,0.28816409615969973
-0.11400000000000003,-0.13038000000000008,0.28816409615969973
-0.12000000000000002,-0.11058000000000003,0.28816409615969973
-0.13800000000000007,-0.13442000000000012,0.28816409615969973
-0.14000000000000004,-0.12546000000000007,0.28816409615969973
-0.15200000000000005,-0.12844000000000008,0.28816409615969973
-0.14400000000000007,-0.11818000000000008,0.28816409615969973
-0.12800000000000006,-0.11478000000000005,0.28816409615969973
-0.07200000000000002,-0.12358000000000008,0.28816409615969973
-0.15000000000000002,-0.11142000000000009,0.28816409615969973
-0.15200000000000005,-0.1309000000000001,0.28816409615969973
-0.12600000000000006,-0.10962000000000006,0.28816409615969973
-0.13000000000000003,-0.12784000000000006,0.28816409615969973
-0.15800000000000003,-0.12022000000000005,0.28816409615969973
-0.09800000000000003,-0.13390000000000007,0.28816409615969973
-0.17600000000000007,-0.11242000000000005,0.28816409615969973
-0.15400000000000008,-0.12750000000000006,0.28816409615969973
-0.14800000000000005,-0.12614000000000006,0.28816409615969973
-0.12000000000000004,-0.12512000000000004,0.28816409615969973
-0.11800000000000005,-0.13038000000000008,0.28816409615969973
-0.11600000000000002,-0.11454000000000007,0.28816409615969973
-0.14600000000000005,-0.12470000000000005,0.28816409615969973
-0.13200000000000006,-0.12154000000000006,0.28816409615969973
-0.10800000000000004,-0.11928000000000008,0.28816409615969973
-0.12400000000000003,-0.1211800000000001,0.28816409615969973
-0.13800000000000004,-0.1396200000000001,0.28816409615969973
-0.08800000000000001,-0.12910000000000005,0.28816409615969973
-0.12000000000000002,-0.1425600000000001,0.28816409615969973
-0.11600000000000003,-0.12450000000000007,0.28816409615969973
-0.13000000000000003,-0.12594000000000005,0.28816409615969973
-0.10600000000000004,-0.11912000000000006,0.28816409615969973
-0.15200000000000005,-0.1403800000000001,0.28816409615969973
-0.14800000000000005,-0.1441600000000001,0.28816409615969973
-0.11000000000000001,-0.13628000000000007,0.28816409615969973
-0.15400000000000003,-0.11608000000000009,0.28816409615969973
-0.11600000000000006,-0.11832000000000009,0.28816409615969973
-0.11200000000000004,-0.12120000000000007,0.28816409615969973
-0.10000000000000005,-0.1252000000000001,0.28816409615969973
-0.13000000000000006,-0.11672000000000006,0.28816409615969973
-0.15200000000000005,-0.12800000000000006,0.28816409615969973
-0.13800000000000007,-0.12808000000000005,0.28816409615969973
-0.11400000000000005,-0.12042000000000008,0.28816409615969973
-0.13000000000000003,-0.11224000000000006,0.28816409615969973
-0.09400000000000003,-0.11468000000000005,0.28816409615969973
-0.050000000000000024,-0.11316000000000005,0.28816409615969973
-0.15200000000000005,-0.11328000000000003,0.28816409615969973
-0.15000000000000002,-0.11684000000000004,0.28816409615969973
-0.11600000000000005,-0.10572000000000004,0.28816409615969973
-0.15600000000000006,-0.11562000000000004,0.28816409615969973
-0.10400000000000001,-0.12208000000000005,0.28816409615969973
-0.11200000000000004,-0.13064000000000006,0.28816409615969973
-0.1980000000000001,-0.12272000000000008,0.28816409615969973
-0.11600000000000005,-0.12772000000000006,0.28816409615969973
-0.15000000000000002,-0.1334800000000001,0.28816409615969973
-0.11800000000000004,-0.12254000000000007,0.28816409615969973
-0.08800000000000005,-0.12968000000000007,0.28816409615969973
-0.11800000000000005,-0.11916000000000006,0.28816409615969973
-0.09600000000000003,-0.12660000000000005,0.28816409615969973
-0.10600000000000004,-0.13168000000000007,0.28816409615969973
-0.13400000000000004,-0.12046000000000005,0.28816409615969973
-0.11400000000000005,-0.12372000000000008,0.28816409615969973
-0.13200000000000006,-0.13264000000000006,0.28816409615969973
-0.11400000000000005,-0.12860000000000008,0.28816409615969973
-0.14200000000000007,-0.1287000000000001,0.28816409615969973
-0.15000000000000005,-0.12364000000000004,0.28816409615969973
-0.14800000000000005,-0.12788000000000008,0.28816409615969973
-0.16800000000000007,-0.12034000000000003,0.28816409615969973
-0.10200000000000002,-0.13552000000000008,0.28816409615969973
-0.12600000000000006,-0.13338000000000008,0.28816409615969973
-0.14400000000000004,-0.13086000000000006,0.28816409615969973
-0.15600000000000006,-0.11210000000000006,0.28816409615969973
-0.16000000000000006,-0.11754000000000005,0.28816409615969973
-0.08000000000000002,-0.11486000000000005,0.28816409615969973
-0.13000000000000006,-0.11138000000000006,0.28816409615969973
-0.13600000000000004,-0.13158000000000006,0.28816409615969973
-0.13400000000000006,-0.11006000000000006,0.28816409615969973
-0.17800000000000005,-0.12352000000000007,0.28816409615969973
-0.10600000000000005,-0.11534000000000004,0.28816409615969973
-0.10200000000000004,-0.12026000000000009,0.28816409615969973
-0.14400000000000004,-0.10802000000000005,0.28816409615969973
-0.12600000000000003,-0.12918000000000004,0.28816409615969973
-0.15200000000000002,-0.12470000000000005,0.28816409615969973
-0.12400000000000003,-0.11476000000000008,0.28816409615969973
-0.11800000000000004,-0.1312600000000001,0.28816409615969973
-0.14400000000000004,-0.11234000000000006,0.28816409615969973
-0.13800000000000004,-0.13514000000000007,0.28816409615969973
-0.10000000000000003,-0.12782000000000004,0.28816409615969973
-0.13200000000000006,-0.12192000000000008,0.28816409615969973
-0.12800000000000006,-0.10750000000000007,0.28816409615969973
-0.10600000000000004,-0.13554000000000005,0.28816409615969973
-0.11200000000000004,-0.12382000000000007,0.28816409615969973
-0.14400000000000007,-0.12348000000000008,0.28816409615969973
-0.11200000000000003,-0.12406000000000006,0.28816409615969973
-0.15800000000000006,-0.12054000000000006,0.28816409615969973
-0.15000000000000008,-0.11264000000000005,0.28816409615969973
-0.18400000000000008,-0.1384200000000001,0.28816409615969973
-0.14000000000000007,-0.1411200000000001,0.28816409615969973
-0.14200000000000002,-0.1281200000000001,0.28816409615969973
-0.10400000000000004,-0.11770000000000007,0.28816409615969973
-0.10800000000000004,-0.11614000000000006,0.28816409615969973
-0.15000000000000002,-0.10978000000000004,0.28816409615969973
-0.15600000000000006,-0.12554000000000007,0.28816409615969973
-0.09800000000000002,-0.11010000000000005,0.28816409615969973
-0.15800000000000006,-0.1188400000000001,0.28816409615969973
-0.09200000000000004,-0.12294000000000006,0.28816409615969973
-0.08600000000000002,-0.11982000000000008,0.28816409615969973
-0.13600000000000004,-0.13298000000000007,0.28816409615969973
-0.07800000000000004,-0.11486000000000007,0.28816409615969973
-0.15800000000000008,-0.12364000000000008,0.28816409615969973
-0.11800000000000005,-0.11490000000000009,0.28816409615969973
-0.11200000000000003,-0.13066000000000005,0.28816409615969973
-0.042,-0.10222000000000006,0.28816409615969973
-0.13800000000000007,-0.12864000000000006,0.28816409615969973
-0.14200000000000004,-0.12882000000000007,0.28816409615969973
-0.14400000000000004,-0.12042000000000011,0.28816409615969973
-0.13600000000000007,-0.1212800000000001,0.28816409615969973
-0.11400000000000005,-0.12866000000000008,0.28816409615969973
-0.15800000000000003,-0.1416400000000001,0.28816409615969973
-0.14800000000000005,-0.12008000000000003,0.28816409615969973
-0.09800000000000003,-0.12702000000000005,0.28816409615969973
-0.14000000000000004,-0.11562000000000004,0.28816409615969973
-0.10200000000000005,-0.12822000000000006,0.28816409615969973
-0.11200000000000003,-0.12970000000000007,0.28816409615969973
-0.13600000000000004,-0.11540000000000007,0.28816409615969973
-0.13600000000000007,-0.12158000000000006,0.28816409615969973
-0.13800000000000004,-0.13646000000000008,0.28816409615969973
-0.09600000000000003,-0.1312200000000001,0.28816409615969973
-0.12000000000000005,-0.12992000000000006,0.28816409615969973
-0.14400000000000007,-0.12794000000000005,0.28816409615969973
-0.15000000000000008,-0.13322000000000006,0.28816409615969973
-0.15800000000000008,-0.12092000000000008,0.28816409615969973
-0.08800000000000004,-0.13906000000000004,0.28816409615969973
-0.14800000000000005,-0.13624000000000008,0.28816409615969973
-0.14200000000000004,-0.13020000000000012,0.28816409615969973
-0.11600000000000005,-0.12526000000000007,0.28816409615969973
-0.12200000000000005,-0.13930000000000003,0.28816409615969973
-0.08000000000000002,-0.13010000000000008,0.28816409615969973
-0.15600000000000008,-0.13596000000000008,0.28816409615969973
-0.12000000000000002,-0.13098000000000007,0.28816409615969973
-0.12600000000000006,-0.13206000000000007,0.28816409615969973
-0.11400000000000002,-0.12572000000000008,0.28816409615969973
-0.11600000000000005,-0.14770000000000014,0.28816409615969973
-0.17200000000000004,-0.1408400000000001,0.28816409615969973
-0.16600000000000006,-0.1344400000000001,0.28816409615969973
-0.13600000000000007,-0.13114000000000006,0.28816409615969973
-0.10600000000000004,-0.1283800000000001,0.28816409615969973
-0.09400000000000003,-0.13160000000000002,0.28816409615969973
-0.07200000000000002,-0.1451800000000001,0.28816409615969973
-0.17600000000000007,-0.14820000000000014,0.28816409615969973
-0.12600000000000006,-0.13708000000000006,0.28816409615969973
-0.1620000000000001,-0.14154000000000005,0.28816409615969973
-0.16200000000000006,-0.14132000000000008,0.28816409615969973
-0.19200000000000006,-0.1359200000000001,0.28816409615969973
-0.13000000000000003,-0.15428000000000008,0.28816409615969973
-0.13400000000000006,-0.12176000000000008,0.28816409615969973
-0.09200000000000004,-0.11032000000000007,0.28816409615969973
-0.14200000000000007,-0.12440000000000007,0.28816409615969973
-0.14200000000000004,-0.11620000000000003,0.28816409615969973
-0.12200000000000003,-0.1268000000000001,0.28816409615969973
-0.07200000000000002,-0.10960000000000009,0.28816409615969973
-0.10200000000000004,-0.12160000000000006,0.28816409615969973
-0.18000000000000008,-0.12616000000000005,0.28816409615969973
-0.10800000000000004,-0.11714000000000005,0.28816409615969973
-0.12600000000000003,-0.11886000000000004,0.28816409615969973
-0.16800000000000004,-0.11886000000000002,0.28816409615969973
-0.16000000000000003,-0.12094000000000005,0.28816409615969973
-0.06400000000000003,-0.12366000000000003,0.28816409615969973
-0.06600000000000002,-0.10558000000000006,0.28816409615969973
-0.14400000000000004,-0.13582000000000008,0.28816409615969973
-0.13400000000000006,-0.12798000000000007,0.28816409615969973
-0.10600000000000004,-0.11996000000000004,0.28816409615969973
-0.11000000000000004,-0.11678000000000006,0.28816409615969973
-0.13400000000000006,-0.11538000000000005,0.28816409615969973
-0.10200000000000005,-0.12242000000000008,0.28816409615969973
-0.09600000000000003,-0.11382000000000006,0.28816409615969973
-0.14200000000000007,-0.12906000000000006,0.28816409615969973
-0.12000000000000005,-0.12042000000000007,0.28816409615969973
-0.14800000000000005,-0.1315600000000001,0.28816409615969973
-0.16000000000000006,-0.11958000000000006,0.28816409615969973
-0.11600000000000005,-0.12910000000000008,0.28816409615969973
-0.12600000000000006,-0.11398000000000008,0.28816409615969973
-0.18800000000000006,-0.1297800000000001,0.28816409615969973
-0.2340000000000001,-0.14026000000000008,0.28816409615969973
-0.13400000000000006,-0.12824000000000008,0.28816409615969973
-0.09600000000000003,-0.12350000000000007,0.28816409615969973
-0.12200000000000003,-0.11114000000000006,0.28816409615969973
-0.14,-0.12874000000000008,0.28816409615969973
-0.16200000000000006,-0.12646000000000007,0.28816409615969973
-0.09000000000000004,-0.12256000000000007,0.28816409615969973
-0.09000000000000004,-0.11706000000000005,0.28816409615969973
-0.13200000000000003,-0.13806000000000007,0.28816409615969973
-0.15000000000000008,-0.13578000000000007,0.28816409615969973
-0.08600000000000002,-0.14064000000000004,0.28816409615969973
-0.15400000000000003,-0.12274000000000009,0.28816409615969973
-0.14000000000000004,-0.12810000000000007,0.28816409615969973
-0.13200000000000006,-0.11884000000000007,0.28816409615969973
-0.19000000000000006,-0.14454000000000009,0.28816409615969973
-0.13800000000000007,-0.14388000000000012,0.28816409615969973
-0.13600000000000007,-0.14192000000000007,0.28816409615969973
-0.12000000000000004,-0.11640000000000006,0.28816409615969973
-0.13400000000000004,-0.11580000000000007,0.28816409615969973
-0.09800000000000003,-0.11932000000000004,0.28816409615969973
-0.11800000000000005,-0.12388000000000006,0.28816409615969973
-0.08800000000000002,-0.10528000000000004,0.28816409615969973
-0.16200000000000006,-0.12816000000000008,0.28816409615969973
-0.1680000000000001,-0.13024000000000008,0.28816409615969973
-0.10400000000000004,-0.11638000000000004,0.28816409615969973
-0.12400000000000003,-0.11504000000000006,0.28816409615969973
-0.09600000000000003,-0.11652000000000008,0.28816409615969973
-0.028000000000000018,-0.11292000000000009,0.28816409615969973
-0.07000000000000003,-0.10716000000000003,0.28816409615969973
-0.10400000000000004,-0.12192000000000006,0.28816409615969973
-0.10600000000000004,-0.11280000000000004,0.28816409615969973
-0.10600000000000002,-0.11850000000000008,0.28816409615969973
-0.12600000000000006,-0.12228000000000006,0.28816409615969973
-0.13400000000000006,-0.1287600000000001,0.28816409615969973
-0.11200000000000003,-0.11376000000000006,0.28816409615969973
-0.13800000000000004,-0.12516000000000005,0.28816409615969973
-0.1600000000000001,-0.13788000000000009,0.28816409615969973
-0.08800000000000004,-0.1204200000000001,0.28816409615969973
-0.15000000000000005,-0.12484000000000006,0.28816409615969973
-0.08800000000000005,-0.11140000000000005,0.28816409615969973
-0.09400000000000001,-0.12780000000000008,0.28816409615969973
-0.09200000000000003,-0.13208000000000011,0.28816409615969973
-0.13600000000000007,-0.11842000000000005,0.28816409615969973
-0.09200000000000004,-0.11524000000000006,0.28816409615969973
-0.09800000000000003,-0.13096000000000005,0.28816409615969973
-0.18000000000000005,-0.13428000000000007,0.28816409615969973
-0.16000000000000006,-0.12802000000000008,0.28816409615969973
-0.08800000000000002,-0.12176000000000006,0.28816409615969973
-0.12200000000000005,-0.12872000000000008,0.28816409615969973
-0.14200000000000004,-0.11602000000000005,0.28816409615969973
-0.14400000000000004,-0.1443600000000001,0.28816409615969973
-0.13600000000000007,-0.13154000000000007,0.28816409615969973
-0.07800000000000001,-0.13230000000000003,0.28816409615969973
-0.12200000000000004,-0.11246000000000007,0.28816409615969973
-0.16600000000000006,-0.11630000000000007,0.28816409615969973
-0.08600000000000002,-0.10842000000000003,0.28816409615969973
-0.10000000000000003,-0.10394000000000006,0.28816409615969973
-0.15000000000000002,-0.13166000000000008,0.28816409615969973
-0.16800000000000007,-0.11582000000000003,0.28816409615969973
-0.13200000000000006,-0.12004000000000002,0.28816409615969973
-0.14000000000000007,-0.11166000000000006,0.28816409615969973
-0.11200000000000003,-0.11170000000000009,0.28816409615969973
-0.13400000000000006,-0.09902000000000001,0.28816409615969973
-0.15200000000000005,-0.11874000000000005,0.28816409615969973
-0.19800000000000006,-0.12506000000000006,0.28816409615969973
-0.09000000000000004,-0.11380000000000007,0.28816409615969973
-0.12000000000000005,-0.12054000000000005,0.28816409615969973
-0.11000000000000004,-0.10598000000000005,0.28816409615969973
-0.15600000000000008,-0.13150000000000003,0.28816409615969973
-0.18600000000000005,-0.12674000000000007,0.28816409615969973
-0.11400000000000002,-0.11448000000000005,0.28816409615969973
-0.11000000000000001,-0.09874000000000005,0.28816409615969973
-0.11600000000000003,-0.12862000000000004,0.28816409615969973
-0.12600000000000003,-0.12106000000000007,0.28816409615969973
-0.15000000000000005,-0.11844000000000003,0.28816409615969973
-0.18200000000000005,-0.11046000000000003,0.28816409615969973
-0.15200000000000008,-0.11350000000000003,0.28816409615969973
-0.15200000000000008,-0.10500000000000005,0.28816409615969973
-0.19000000000000006,-0.14066000000000006,0.28816409615969973
-0.18600000000000008,-0.1364400000000001,0.28816409615969973
-0.08000000000000002,-0.1297600000000001,0.28816409615969973
-0.13000000000000006,-0.11118000000000007,0.28816409615969973
-0.10200000000000005,-0.10978000000000007,0.28816409615969973
-0.09200000000000003,-0.10578000000000003,0.28816409615969973
-0.15000000000000005,-0.11970000000000001,0.28816409615969973
-0.1600000000000001,-0.12066000000000004,0.28816409615969973
-0.14000000000000007,-0.11696000000000005,0.28816409615969973
-0.11800000000000005,-0.11778000000000008,0.28816409615969973
-0.09200000000000004,-0.10710000000000007,0.28816409615969973
-0.14600000000000005,-0.13074000000000008,0.28816409615969973
-0.09200000000000003,-0.11982000000000011,0.28816409615969973
-0.13200000000000003,-0.12232000000000005,0.28816409615969973
-0.06800000000000003,-0.10706000000000004,0.28816409615969973
-0.10600000000000001,-0.12410000000000007,0.28816409615969973
-0.07200000000000004,-0.11150000000000006,0.28816409615969973
-0.12800000000000006,-0.12516000000000008,0.28816409615969973
-0.14800000000000008,-0.11934000000000008,0.28816409615969973
-0.07400000000000002,-0.12278000000000006,0.28816409615969973
-0.09000000000000002,-0.11832000000000004,0.28816409615969973
-0.12000000000000005,-0.13398000000000007,0.28816409615969973
-0.15600000000000003,-0.13884000000000005,0.28816409615969973
-0.08600000000000002,-0.12904000000000007,0.28816409615969973
-0.16000000000000003,-0.12158000000000006,0.28816409615969973
-0.13400000000000006,-0.10734000000000007,0.28816409615969973
-0.12400000000000005,-0.12242000000000007,0.28816409615969973
-0.15400000000000008,-0.12598000000000006,0.28816409615969973
-0.10600000000000001,-0.11780000000000007,0.28816409615969973
-0.11400000000000006,-0.10778000000000008,0.28816409615969973
-0.15200000000000005,-0.12650000000000008,0.28816409615969973
-0.19400000000000012,-0.1348600000000001,0.28816409615969973
-0.13000000000000003,-0.12504000000000007,0.28816409615969973
-0.12200000000000005,-0.11962000000000002,0.28816409615969973
-0.14800000000000005,-0.12586000000000008,0.28816409615969973
-0.10000000000000003,-0.1124800000000001,0.28816409615969973
-0.17000000000000007,-0.14650000000000007,0.28816409615969973
-0.14200000000000004,-0.1348400000000001,0.28816409615969973
-0.10800000000000005,-0.13560000000000008,0.28816409615969973
-0.09400000000000004,-0.11194000000000005,0.28816409615969973
-0.08800000000000002,-0.13382000000000008,0.28816409615969973
-0.11400000000000002,-0.12710000000000007,0.28816409615969973
-0.14200000000000007,-0.13140000000000007,0.28816409615969973
-0.14600000000000005,-0.1255400000000001,0.28816409615969973
-0.10800000000000004,-0.12718000000000007,0.28816409615969973
-0.12800000000000006,-0.11904000000000006,0.28816409615969973
-0.11800000000000005,-0.1477000000000001,0.28816409615969973
-0.14200000000000004,-0.1412000000000001,0.28816409615969973
-0.09200000000000003,-0.1333600000000001,0.28816409615969973
-0.09800000000000003,-0.11986000000000005,0.28816409615969973
-0.13600000000000007,-0.12134000000000007,0.28816409615969973
-0.10800000000000005,-0.11900000000000008,0.28816409615969973
-0.13000000000000006,-0.14182000000000008,0.28816409615969973
-0.13800000000000007,-0.14192000000000005,0.28816409615969973
-0.12400000000000003,-0.1389600000000001,0.28816409615969973
-0.13600000000000007,-0.14222000000000012,0.28816409615969973
-0.15200000000000002,-0.12892000000000003,0.28816409615969973
-0.17000000000000004,-0.13312000000000007,0.28816409615969973
-0.15200000000000005,-0.15516000000000005,0.28816409615969973
-0.16600000000000006,-0.10212000000000004,0.28816409615969973
-0.09200000000000005,-0.10968000000000004,0.28816409615969973
-0.10800000000000004,-0.10556000000000004,0.28816409615969973
-0.05600000000000002,-0.11668000000000008,0.28816409615969973
-0.05000000000000002,-0.10008000000000007,0.28816409615969973
-0.05200000000000002,-0.11864000000000008,0.28816409615969973
-0.07800000000000003,-0.11364000000000007,0.28816409615969973
-0.05800000000000003,-0.10890000000000007,0.28816409615969973
-0.07400000000000001,-0.10412000000000005,0.28816409615969973
-0.14600000000000005,-0.09580000000000004,0.28816409615969973
-0.11000000000000004,-0.10236000000000008,0.28816409615969973
-0.12000000000000004,-0.09908000000000006,0.28816409615969973
-0.09800000000000005,-0.10680000000000003,0.28816409615969973
-0.096,-0.09484000000000005,0.28816409615969973
-0.124,-0.10902000000000005,0.28816409615969973
-0.07200000000000002,-0.10844000000000005,0.28816409615969973
-0.08800000000000002,-0.12172000000000005,0.28816409615969973
-0.11400000000000003,-0.11000000000000004,0.28816409615969973
-0.08400000000000002,-0.11860000000000004,0.28816409615969973
-0.09400000000000003,-0.12240000000000006,0.28816409615969973
-0.05000000000000001,-0.11766000000000004,0.28816409615969973
-0.16400000000000006,-0.11056000000000006,0.28816409615969973
-0.09400000000000003,-0.10168000000000005,0.28816409615969973
-0.10800000000000004,-0.10664000000000007,0.28816409615969973
-0.12600000000000006,-0.10768000000000004,0.28816409615969973
-0.11000000000000004,-0.10538000000000003,0.28816409615969973
-0.082,-0.10960000000000007,0.28816409615969973
-0.09600000000000003,-0.11668000000000005,0.28816409615969973
-0.10200000000000004,-0.11420000000000004,0.28816409615969973
-0.07800000000000001,-0.11810000000000007,0.28816409615969973
-0.07800000000000001,-0.10668000000000005,0.28816409615969973
-0.14000000000000004,-0.10984000000000005,0.28816409615969973
-0.10000000000000005,-0.10090000000000002,0.28816409615969973
-0.08200000000000002,-0.11948000000000004,0.28816409615969973
-0.09400000000000001,-0.11930000000000009,0.28816409615969973
-0.07200000000000002,-0.11594000000000003,0.28816409615969973
-0.15200000000000005,-0.10474000000000004,0.28816409615969973
-0.16000000000000003,-0.10318000000000006,0.28816409615969973
-0.12000000000000004,-0.10794000000000004,0.28816409615969973
-0.11000000000000003,-0.09706000000000001,0.28816409615969973
-0.12800000000000003,-0.11878000000000007,0.28816409615969973
-0.09400000000000003,-0.10426000000000003,0.28816409615969973
-0.12600000000000006,-0.11792000000000004,0.28816409615969973
-0.08600000000000003,-0.10670000000000004,0.28816409615969973
-0.07400000000000001,-0.11554000000000005,0.28816409615969973
-0.12000000000000002,-0.09726000000000003,0.28816409615969973
-0.13800000000000004,-0.11794000000000004,0.28816409615969973
-0.14000000000000007,-0.11774000000000007,0.28816409615969973
-0.10000000000000003,-0.11168000000000006,0.28816409615969973
-0.10200000000000004,-0.11482000000000006,0.28816409615969973
-0.12400000000000003,-0.10106000000000002,0.28816409615969973
-0.12200000000000005,-0.11858000000000005,0.28816409615969973
-0.060000000000000026,-0.11170000000000005,0.28816409615969973
-0.048000000000000015,-0.11080000000000007,0.28816409615969973
-0.08400000000000003,-0.10246000000000005,0.28816409615969973
-0.05800000000000002,-0.12906000000000004,0.28816409615969973
-0.05600000000000001,-0.11570000000000007,0.28816409615969973
-0.06800000000000002,-0.11956000000000007,0.28816409615969973
-0.10800000000000004,-0.11450000000000006,0.28816409615969973
-0.07400000000000001,-0.10622000000000004,0.28816409615969973
-0.07,-0.09940000000000006,0.28816409615969973
-0.07200000000000001,-0.1309800000000001,0.28816409615969973
-0.09600000000000003,-0.1310800000000001,0.28816409615969973
-0.05800000000000002,-0.11692000000000007,0.28816409615969973
-0.12400000000000003,-0.10974000000000003,0.28816409615969973
-0.08800000000000004,-0.11050000000000007,0.28816409615969973
-0.11000000000000004,-0.10858000000000008,0.28816409615969973
-0.15200000000000008,-0.11962000000000006,0.28816409615969973
-0.11000000000000003,-0.10886000000000007,0.28816409615969973
-0.11000000000000004,-0.11772000000000005,0.28816409615969973
-0.12400000000000005,-0.11062000000000007,0.28816409615969973
-0.09000000000000002,-0.09994000000000006,0.28816409615969973
-0.1600000000000001,-0.11350000000000006,0.28816409615969973
-0.13400000000000006,-0.10294000000000003,0.28816409615969973
-0.07400000000000004,-0.10880000000000005,0.28816409615969973
-0.11400000000000002,-0.10302000000000008,0.28816409615969973
-0.12000000000000004,-0.12350000000000004,0.28816409615969973
-0.13000000000000006,-0.10006000000000004,0.28816409615969973
-0.14200000000000007,-0.12436000000000007,0.28816409615969973
-0.10600000000000004,-0.11850000000000004,0.28816409615969973
-0.11600000000000005,-0.10878000000000004,0.28816409615969973
-0.08000000000000002,-0.11496000000000006,0.28816409615969973
-0.15400000000000005,-0.11966000000000009,0.28816409615969973
-0.12200000000000003,-0.13044000000000008,0.28816409615969973
-0.06400000000000002,-0.11692000000000008,0.28816409615969973
-0.09400000000000003,-0.12162000000000006,0.28816409615969973
-0.10800000000000003,-0.10754000000000004,0.28816409615969973
-0.11400000000000005,-0.11758000000000005,0.28816409615969973
-0.14800000000000002,-0.11590000000000004,0.28816409615969973
-0.03200000000000001,-0.11404000000000006,0.28816409615969973
-0.09600000000000003,-0.11446000000000005,0.28816409615969973
-0.07,-0.1263000000000001,0.28816409615969973
-0.11600000000000005,-0.12894000000000003,0.28816409615969973
-0.10400000000000004,-0.13208000000000006,0.28816409615969973
-0.11200000000000002,-0.11518000000000003,0.28816409615969973
-0.15000000000000008,-0.12106000000000007,0.28816409615969973
-0.11400000000000005,-0.11184000000000005,0.28816409615969973
-0.11600000000000003,-0.13298000000000004,0.28816409615969973
-0.13200000000000003,-0.13260000000000008,0.28816409615969973
-0.08600000000000003,-0.12868000000000004,0.28816409615969973
-0.11200000000000004,-0.10434000000000007,0.28816409615969973
-0.10600000000000002,-0.12206000000000006,0.28816409615969973
-0.08800000000000004,-0.11642000000000007,0.28816409615969973
-0.09600000000000003,-0.12496000000000007,0.28816409615969973
-0.11600000000000005,-0.10922000000000004,0.28816409615969973
-0.12200000000000004,-0.11042000000000006,0.28816409615969973
-0.06600000000000002,-0.10204000000000003,0.28816409615969973
-0.12400000000000003,-0.12606000000000006,0.28816409615969973
-0.12000000000000004,-0.12516000000000005,0.28816409615969973
-0.09000000000000004,-0.11688000000000007,0.28816409615969973
-0.10000000000000003,-0.11922000000000005,0.28816409615969973
-0.13400000000000006,-0.11786000000000006,0.28816409615969973
-0.10200000000000004,-0.12256000000000009,0.28816409615969973
-0.12000000000000004,-0.1332200000000001,0.28816409615969973
-0.14000000000000004,-0.1468400000000001,0.28816409615969973
-0.11400000000000005,-0.13128000000000004,0.28816409615969973
-0.10200000000000004,-0.12730000000000005,0.28816409615969973
-0.13800000000000007,-0.12752000000000008,0.28816409615969973
-0.12000000000000002,-0.12672000000000003,0.28816409615969973
-0.11800000000000002,-0.1465200000000001,0.28816409615969973
-0.13000000000000003,-0.10308000000000005,0.28816409615969973
-0.10200000000000004,-0.10840000000000002,0.28816409615969973
-0.11400000000000006,-0.10732000000000004,0.28816409615969973
-0.13600000000000007,-0.09952000000000003,0.28816409615969973
-0.11800000000000004,-0.11524000000000006,0.28816409615969973
-0.14000000000000004,-0.10288000000000001,0.28816409615969973
-0.16800000000000007,-0.11070000000000003,0.28816409615969973
-0.09600000000000003,-0.10700000000000005,0.28816409615969973
-0.09600000000000003,-0.1120000000000001,0.28816409615969973
-0.11000000000000004,-0.10144000000000006,0.28816409615969973
-0.14800000000000008,-0.11476000000000004,0.28816409615969973
-0.11000000000000003,-0.11976000000000006,0.28816409615969973
-0.07400000000000002,-0.10386000000000004,0.28816409615969973
-0.11200000000000004,-0.12064000000000007,0.28816409615969973
-0.11000000000000004,-0.10300000000000004,0.28816409615969973
-0.08800000000000002,-0.11988000000000007,0.28816409615969973
-0.11400000000000005,-0.11660000000000004,0.28816409615969973
-0.13000000000000003,-0.10698000000000005,0.28816409615969973
-0.09800000000000003,-0.10232000000000006,0.28816409615969973
-0.10800000000000001,-0.12916000000000008,0.28816409615969973
-0.12200000000000005,-0.12020000000000008,0.28816409615969973
-0.15400000000000008,-0.11430000000000004,0.28816409615969973
-0.11000000000000004,-0.11152000000000005,0.28816409615969973
-0.15600000000000003,-0.11068000000000006,0.28816409615969973
-0.15600000000000006,-0.10322000000000003,0.28816409615969973
-0.13400000000000006,-0.1318400000000001,0.28816409615969973
-0.13000000000000006,-0.12194000000000003,0.28816409615969973
-0.08400000000000002,-0.11746000000000008,0.28816409615969973
-0.11800000000000005,-0.10288000000000003,0.28816409615969973
-0.10200000000000004,-0.10300000000000004,0.28816409615969973
-0.15600000000000008,-0.10032000000000005,0.28816409615969973
-0.14600000000000005,-0.11200000000000007,0.28816409615969973
-0.13600000000000007,-0.10500000000000005,0.28816409615969973
-0.08400000000000002,-0.10554000000000005,0.28816409615969973
-0.13400000000000006,-0.10784000000000005,0.28816409615969973
-0.12400000000000007,-0.09648000000000002,0.28816409615969973
-0.10200000000000004,-0.11100000000000006,0.28816409615969973
-0.07600000000000003,-0.10388000000000007,0.28816409615969973
-0.13200000000000006,-0.10862000000000004,0.28816409615969973
-0.12000000000000006,-0.10372000000000006,0.28816409615969973
-0.09000000000000004,-0.11196000000000005,0.28816409615969973
-0.09200000000000004,-0.09564000000000004,0.28816409615969973
-0.13200000000000006,-0.10802000000000007,0.28816409615969973
-0.15600000000000006,-0.11156000000000005,0.28816409615969973
-0.11000000000000004,-0.10480000000000006,0.28816409615969973
-0.13400000000000006,-0.10434000000000006,0.28816409615969973
-0.07200000000000001,-0.11528000000000006,0.28816409615969973
-0.13200000000000003,-0.1204600000000001,0.28816409615969973
-0.10600000000000004,-0.10430000000000006,0.28816409615969973
-0.13200000000000006,-0.11872000000000005,0.28816409615969973
-0.10600000000000004,-0.10860000000000004,0.28816409615969973
-0.09200000000000003,-0.11600000000000006,0.28816409615969973
-0.09400000000000003,-0.12368000000000005,0.28816409615969973
-0.03800000000000002,-0.11398000000000007,0.28816409615969973
-0.13800000000000007,-0.11112000000000008,0.28816409615969973
-0.11600000000000005,-0.1224800000000001,0.28816409615969973
-0.13800000000000007,-0.13016000000000005,0.28816409615969973
-0.09800000000000003,-0.12282000000000005,0.28816409615969973
-0.11000000000000003,-0.11532000000000006,0.28816409615969973
-0.10800000000000003,-0.12512000000000006,0.28816409615969973
-0.07600000000000001,-0.10926000000000007,0.28816409615969973
-0.10200000000000002,-0.13368000000000008,0.28816409615969973
-0.09000000000000002,-0.12594000000000005,0.28816409615969973
-0.06000000000000001,-0.12658000000000008,0.28816409615969973
-0.11800000000000005,-0.11244000000000004,0.28816409615969973
-0.12400000000000005,-0.12344000000000006,0.28816409615969973
-0.16200000000000003,-0.12396000000000006,0.28816409615969973
-0.1660000000000001,-0.12218000000000007,0.28816409615969973
-0.07800000000000003,-0.11704000000000007,0.28816409615969973
-0.12400000000000005,-0.11976000000000009,0.28816409615969973
-0.09600000000000003,-0.11050000000000006,0.28816409615969973
-0.09800000000000002,-0.1344400000000001,0.28816409615969973
-0.09000000000000002,-0.12506000000000006,0.28816409615969973
-0.10800000000000001,-0.12038000000000007,0.28816409615969973
-0.11400000000000005,-0.11792000000000004,0.28816409615969973
-0.16400000000000006,-0.11568,0.28816409615969973
-0.13600000000000007,-0.11878000000000002,0.28816409615969973
-0.08200000000000003,-0.12968000000000007,0.28816409615969973
-0.12200000000000003,-0.12978000000000006,0.28816409615969973
-0.13600000000000007,-0.13062000000000007,0.28816409615969973
-0.08000000000000004,-0.12956000000000006,0.28816409615969973
-0.10400000000000001,-0.12314000000000008,0.28816409615969973
-0.12600000000000003,-0.12274000000000009,0.28816409615969973
-0.09600000000000002,-0.13550000000000004,0.28816409615969973
-0.12000000000000005,-0.10338000000000004,0.28816409615969973
-0.12400000000000003,-0.10202000000000007,0.28816409615969973
-0.15000000000000005,-0.09574000000000003,0.28816409615969973
-0.15600000000000003,-0.11262000000000004,0.28816409615969973
-0.13000000000000006,-0.10602000000000007,0.28816409615969973
-0.13000000000000006,-0.10228000000000008,0.28816409615969973
-0.12400000000000007,-0.10970000000000005,0.28816409615969973
-0.07800000000000004,-0.10250000000000002,0.28816409615969973
-0.12000000000000005,-0.12366000000000008,0.28816409615969973
-0.08600000000000003,-0.10854000000000004,0.28816409615969973
-0.11400000000000005,-0.10996000000000009,0.28816409615969973
-0.11000000000000004,-0.09530000000000002,0.28816409615969973
-0.10400000000000002,-0.11890000000000006,0.28816409615969973
-0.09000000000000004,-0.09754000000000004,0.28816409615969973
-0.13400000000000006,-0.11012000000000007,0.28816409615969973
-0.09400000000000003,-0.11274000000000005,0.28816409615969973
-0.10400000000000004,-0.10566000000000005,0.28816409615969973
-0.10000000000000003,-0.10100000000000003,0.28816409615969973
-0.15400000000000003,-0.11830000000000006,0.28816409615969973
-0.08200000000000002,-0.12592000000000006,0.28816409615969973
-0.12800000000000006,-0.11152000000000004,0.28816409615969973
-0.09800000000000003,-0.11170000000000006,0.28816409615969973
-0.10800000000000004,-0.09782000000000003,0.28816409615969973
-0.11800000000000002,-0.11170000000000006,0.28816409615969973
-0.15200000000000008,-0.11682000000000008,0.28816409615969973
-0.11600000000000005,-0.10252000000000004,0.28816409615969973
-0.13600000000000004,-0.09686000000000004,0.28816409615969973
-0.09800000000000003,-0.11958000000000005,0.28816409615969973
-0.16000000000000003,-0.11678000000000008,0.28816409615969973
-0.12400000000000005,-0.10852000000000002,0.28816409615969973
-0.13600000000000007,-0.10354000000000003,0.28816409615969973
-0.11800000000000005,-0.10742000000000002,0.28816409615969973
-0.12200000000000005,-0.09808000000000001,0.28816409615969973
-0.17600000000000005,-0.12662000000000007,0.28816409615969973
-0.14400000000000007,-0.12084000000000007,0.28816409615969973
-0.13000000000000006,-0.11524000000000006,0.28816409615969973
-0.12400000000000004,-0.10446000000000005,0.28816409615969973
-0.14600000000000007,-0.12234000000000009,0.28816409615969973
-0.08800000000000002,-0.11454000000000006,0.28816409615969973
-0.1600000000000001,-0.11584000000000007,0.28816409615969973
-0.12000000000000005,-0.11194000000000007,0.28816409615969973
-0.09400000000000004,-0.11458000000000004,0.28816409615969973
-0.08600000000000002,-0.10048000000000004,0.28816409615969973
-0.11600000000000002,-0.1312600000000001,0.28816409615969973
-0.12000000000000004,-0.12240000000000008,0.28816409615969973
-0.13000000000000003,-0.11284000000000007,0.28816409615969973
-0.11200000000000004,-0.10942000000000002,0.28816409615969973
-0.09800000000000003,-0.10398000000000004,0.28816409615969973
-0.10600000000000004,-0.09680000000000004,0.28816409615969973
-0.08800000000000002,-0.1285400000000001,0.28816409615969973
-0.12400000000000004,-0.12996000000000008,0.28816409615969973
-0.07400000000000004,-0.11624000000000002,0.28816409615969973
-0.10600000000000004,-0.12066000000000006,0.28816409615969973
-0.11000000000000004,-0.11724000000000007,0.28816409615969973
-0.10800000000000004,-0.11324000000000006,0.28816409615969973
-0.12600000000000006,-0.13624000000000008,0.28816409615969973
-0.07200000000000002,-0.10914000000000004,0.28816409615969973
-0.13000000000000006,-0.10282000000000006,0.28816409615969973
-0.10800000000000004,-0.11234000000000006,0.28816409615969973
-0.13800000000000004,-0.11258000000000007,0.28816409615969973
-0.11800000000000005,-0.11136000000000006,0.28816409615969973
-0.09400000000000004,-0.1045000000000001,0.28816409615969973
-0.12800000000000003,-0.11494000000000006,0.28816409615969973
-0.14600000000000007,-0.10246000000000004,0.28816409615969973
-0.11000000000000007,-0.11248000000000005,0.28816409615969973
-0.11000000000000004,-0.11326000000000008,0.28816409615969973
-0.12800000000000003,-0.11050000000000004,0.28816409615969973
-0.11600000000000005,-0.11136000000000004,0.28816409615969973
-0.15400000000000005,-0.11990000000000006,0.28816409615969973
-0.13000000000000003,-0.12584000000000006,0.28816409615969973
-0.13600000000000007,-0.11504000000000006,0.28816409615969973
-0.08200000000000003,-0.10598000000000005,0.28816409615969973
-0.12800000000000006,-0.11502000000000005,0.28816409615969973
-0.09000000000000002,-0.10458000000000006,0.28816409615969973
-0.13800000000000007,-0.11984000000000006,0.28816409615969973
-0.11000000000000001,-0.11802000000000004,0.28816409615969973
-0.05600000000000002,-0.10858000000000004,0.28816409615969973
-0.07200000000000001,-0.11156000000000008,0.28816409615969973
-0.09400000000000001,-0.12178000000000005,0.28816409615969973
-0.09800000000000003,-0.13008000000000006,0.28816409615969973
-0.11200000000000003,-0.11228000000000006,0.28816409615969973
-0.08600000000000002,-0.11758000000000003,0.28816409615969973
-0.13200000000000006,-0.10358000000000003,0.28816409615969973
-0.10000000000000003,-0.11164000000000004,0.28816409615969973
-0.11400000000000005,-0.11354000000000007,0.28816409615969973
-0.15000000000000005,-0.1355600000000001,0.28816409615969973
-0.14400000000000007,-0.10976000000000005,0.28816409615969973
-0.14800000000000005,-0.12362000000000008,0.28816409615969973
-0.08800000000000002,-0.12872000000000006,0.28816409615969973
-0.11400000000000005,-0.11440000000000004,0.28816409615969973
-0.17200000000000004,-0.13160000000000005,0.28816409615969973
-0.13200000000000006,-0.10758000000000005,0.28816409615969973
-0.09800000000000003,-0.11902000000000007,0.28816409615969973
-0.11200000000000004,-0.12538000000000005,0.28816409615969973
-0.08000000000000004,-0.12172000000000009,0.28816409615969973
-0.08800000000000002,-0.11390000000000003,0.28816409615969973
-0.11000000000000004,-0.12086000000000005,0.28816409615969973
-0.07000000000000002,-0.10844000000000002,0.28816409615969973
-0.09200000000000003,-0.13254000000000005,0.28816409615969973
-0.08800000000000001,-0.1252000000000001,0.28816409615969973
-0.08200000000000003,-0.12532000000000004,0.28816409615969973
-0.060000000000000026,-0.12202000000000006,0.28816409615969973
-0.12600000000000006,-0.12018000000000006,0.28816409615969973
-0.08600000000000003,-0.11844000000000006,0.28816409615969973
-0.10000000000000003,-0.1361400000000001,0.28816409615969973
-0.1600000000000001,-0.1338800000000001,0.28816409615969973
-0.14200000000000007,-0.13392000000000007,0.28816409615969973
-0.11000000000000004,-0.1317800000000001,0.28816409615969973
-0.09800000000000003,-0.12844000000000008,0.28816409615969973
-0.10400000000000004,-0.12724000000000005,0.28816409615969973
-0.11400000000000005,-0.14532000000000006,0.28816409615969973
-0.08000000000000003,-0.11858000000000006,0.28816409615969973
-0.09000000000000002,-0.11694000000000006,0.28816409615969973
-0.11000000000000004,-0.11868000000000004,0.28816409615969973
-0.08400000000000002,-0.1336600000000001,0.28816409615969973
-0.18800000000000008,-0.13640000000000008,0.28816409615969973
-0.11400000000000005,-0.1305600000000001,0.28816409615969973
-0.11800000000000005,-0.13406000000000007,0.28816409615969973
-0.07800000000000001,-0.1330800000000001,0.28816409615969973
-0.07600000000000003,-0.12368000000000007,0.28816409615969973
-0.10600000000000002,-0.1409200000000001,0.28816409615969973
-0.11400000000000005,-0.12958000000000008,0.28816409615969973
-0.12200000000000003,-0.13568000000000005,0.28816409615969973
-0.12400000000000005,-0.1300400000000001,0.28816409615969973
-0.14600000000000007,-0.14756000000000008,0.28816409615969973
-0.13600000000000007,-0.1426000000000001,0.28816409615969973
-0.11800000000000005,-0.11572000000000003,0.28816409615969973
-0.13200000000000006,-0.12806000000000006,0.28816409615969973
-0.11400000000000005,-0.11942000000000004,0.28816409615969973
-0.16400000000000003,-0.12374000000000007,0.28816409615969973
-0.10000000000000003,-0.10998000000000006,0.28816409615969973
-0.08800000000000002,-0.13006000000000006,0.28816409615969973
-0.13000000000000003,-0.11070000000000008,0.28816409615969973
-0.14400000000000002,-0.12386000000000008,0.28816409615969973
-0.12600000000000003,-0.12802000000000005,0.28816409615969973
-0.16600000000000006,-0.1377600000000001,0.28816409615969973
-0.10600000000000002,-0.12820000000000004,0.28816409615969973
-0.12000000000000005,-0.11696000000000008,0.28816409615969973
-0.10200000000000004,-0.11980000000000003,0.28816409615969973
-0.10600000000000005,-0.12132000000000005,0.28816409615969973
-0.09800000000000003,-0.12860000000000002,0.28816409615969973
-0.116,-0.11488000000000005,0.28816409615969973
-0.10200000000000004,-0.1255600000000001,0.28816409615969973
-0.10800000000000004,-0.13124000000000008,0.28816409615969973
-0.06400000000000002,-0.12538000000000007,0.28816409615969973
-0.11400000000000002,-0.12794000000000008,0.28816409615969973
-0.13600000000000004,-0.12494000000000006,0.28816409615969973
-0.11600000000000005,-0.13226000000000007,0.28816409615969973
-0.08800000000000004,-0.1314200000000001,0.28816409615969973
-0.14200000000000004,-0.11546000000000008,0.28816409615969973
-0.12000000000000005,-0.1364600000000001,0.28816409615969973
-0.14200000000000004,-0.1379800000000001,0.28816409615969973
-0.14200000000000004,-0.13848000000000005,0.28816409615969973
-0.15800000000000003,-0.11978000000000008,0.28816409615969973
-0.11400000000000002,-0.12098000000000006,0.28816409615969973
-0.07800000000000001,-0.12358000000000008,0.28816409615969973
-0.10000000000000002,-0.10934000000000006,0.28816409615969973
-0.12600000000000003,-0.12126000000000002,0.28816409615969973
-0.11200000000000006,-0.1223800000000001,0.28816409615969973
-0.15200000000000005,-0.13180000000000006,0.28816409615969973
-0.14400000000000007,-0.1167400000000001,0.28816409615969973
-0.14400000000000007,-0.12734000000000006,0.28816409615969973
-0.11000000000000004,-0.11266000000000007,0.28816409615969973
-0.16000000000000006,-0.12666000000000008,0.28816409615969973
-0.15000000000000002,-0.13498000000000007,0.28816409615969973
-0.15800000000000003,-0.13204000000000007,0.28816409615969973
-0.10400000000000004,-0.12250000000000007,0.28816409615969973
-0.10200000000000004,-0.10930000000000006,0.28816409615969973
-0.14000000000000004,-0.12718000000000004,0.28816409615969973
-0.09800000000000003,-0.1274600000000001,0.28816409615969973
-0.13400000000000006,-0.12824000000000008,0.28816409615969973
-0.10600000000000004,-0.11326000000000004,0.28816409615969973
-0.10400000000000002,-0.13190000000000007,0.28816409615969973
-0.14600000000000007,-0.1301800000000001,0.28816409615969973
-0.16600000000000006,-0.14060000000000003,0.28816409615969973
-0.17800000000000007,-0.11726000000000007,0.28816409615969973
-0.11600000000000005,-0.1268600000000001,0.28816409615969973
-0.13600000000000004,-0.12364000000000006,0.28816409615969973
-0.11400000000000003,-0.1433400000000001,0.28816409615969973
-0.10600000000000004,-0.1460000000000001,0.28816409615969973
-0.12000000000000006,-0.14364000000000007,0.28816409615969973
-0.10800000000000004,-0.12452000000000008,0.28816409615969973
-0.11400000000000003,-0.11208000000000004,0.28816409615969973
-0.10400000000000004,-0.12220000000000006,0.28816409615969973
-0.09600000000000006,-0.10816000000000005,0.28816409615969973
-0.08000000000000002,-0.12032000000000002,0.28816409615969973
-0.09800000000000003,-0.10924000000000006,0.28816409615969973
-0.08400000000000005,-0.11456000000000002,0.28816409615969973
-0.08600000000000002,-0.12020000000000006,0.28816409615969973
-0.11800000000000002,-0.12354000000000007,0.28816409615969973
-0.15600000000000003,-0.12314000000000007,0.28816409615969973
-0.14600000000000005,-0.13046000000000005,0.28816409615969973
-0.15400000000000008,-0.11942000000000005,0.28816409615969973
-0.09400000000000003,-0.13138000000000008,0.28816409615969973
-0.18800000000000008,-0.11542000000000006,0.28816409615969973
-0.14200000000000007,-0.13354000000000008,0.28816409615969973
-0.09600000000000003,-0.12574000000000007,0.28816409615969973
-0.1640000000000001,-0.1373600000000001,0.28816409615969973
-0.12000000000000005,-0.12498000000000004,0.28816409615969973
-0.10400000000000004,-0.10950000000000006,0.28816409615969973
-0.10800000000000004,-0.11922000000000006,0.28816409615969973
-0.11400000000000002,-0.11394000000000007,0.28816409615969973
-0.11600000000000002,-0.12090000000000005,0.28816409615969973
-0.10600000000000001,-0.11006000000000006,0.28816409615969973
-0.11800000000000002,-0.13396000000000008,0.28816409615969973
-0.15000000000000005,-0.11062000000000005,0.28816409615969973
-0.10200000000000006,-0.12930000000000005,0.28816409615969973
-0.052000000000000005,-0.11494000000000004,0.28816409615969973
-0.11000000000000003,-0.12358000000000005,0.28816409615969973
-0.128,-0.12410000000000007,0.28816409615969973
-0.14,-0.13892000000000007,0.28816409615969973
-0.08200000000000002,-0.11914000000000008,0.28816409615969973
-0.12000000000000002,-0.10674000000000004,0.28816409615969973
-0.13400000000000004,-0.11334000000000007,0.28816409615969973
-0.08800000000000004,-0.11390000000000003,0.28816409615969973
-0.07200000000000002,-0.11780000000000006,0.28816409615969973
-0.11600000000000002,-0.11574000000000004,0.28816409615969973
-0.04200000000000002,-0.1348600000000001,0.28816409615969973
-0.06400000000000002,-0.12046000000000005,0.28816409615969973
-0.10400000000000002,-0.1435200000000001,0.28816409615969973
-0.15600000000000008,-0.11694000000000006,0.28816409615969973
-0.14600000000000005,-0.12162000000000009,0.28816409615969973
-0.13000000000000003,-0.12224000000000004,0.28816409615969973
-0.11200000000000004,-0.12890000000000007,0.28816409615969973
-0.10000000000000005,-0.1426800000000001,0.28816409615969973
-0.11000000000000003,-0.13588000000000006,0.28816409615969973
-0.14200000000000004,-0.12868000000000007,0.28816409615969973
-0.12800000000000006,-0.13108000000000006,0.28816409615969973
-0.12400000000000005,-0.12972000000000009,0.28816409615969973
-0.10800000000000003,-0.1346400000000001,0.28816409615969973
-0.09800000000000002,-0.12456000000000009,0.28816409615969973
-0.12800000000000003,-0.13260000000000005,0.28816409615969973
-0.13800000000000004,-0.13616000000000011,0.28816409615969973
-0.11400000000000002,-0.13786000000000007,0.28816409615969973
-0.12600000000000003,-0.11612000000000006,0.28816409615969973
-0.10600000000000004,-0.11912000000000007,0.28816409615969973
-0.11400000000000003,-0.12068000000000004,0.28816409615969973
-0.14400000000000004,-0.11552000000000005,0.28816409615969973
-0.11800000000000004,-0.11656000000000005,0.28816409615969973
-0.10800000000000004,-0.11564000000000005,0.28816409615969973
-0.11600000000000003,-0.12458000000000008,0.28816409615969973
-0.10000000000000003,-0.12196000000000007,0.28816409615969973
-0.12800000000000006,-0.13224000000000008,0.28816409615969973
-0.08600000000000002,-0.12536000000000005,0.28816409615969973
-0.14000000000000004,-0.12288000000000004,0.28816409615969973
-0.14200000000000007,-0.1347600000000001,0.28816409615969973
-0.14200000000000004,-0.13382000000000005,0.28816409615969973
-0.09600000000000003,-0.12400000000000005,0.28816409615969973
-0.11800000000000005,-0.11820000000000006,0.28816409615969973
-0.13600000000000004,-0.12184000000000006,0.28816409615969973
-0.12200000000000005,-0.12816000000000008,0.28816409615969973
-0.07,-0.12174000000000007,0.28816409615969973
-0.15800000000000003,-0.12520000000000006,0.28816409615969973
-0.14400000000000004,-0.12896000000000005,0.28816409615969973
-0.15800000000000006,-0.13168000000000007,0.28816409615969973
-0.13800000000000007,-0.13618000000000005,0.28816409615969973
-0.13800000000000007,-0.12324000000000006,0.28816409615969973
-0.13600000000000007,-0.13080000000000008,0.28816409615969973
-0.12400000000000003,-0.12646000000000007,0.28816409615969973
-0.10600000000000004,-0.13312000000000004,0.28816409615969973
-0.08200000000000002,-0.1345000000000001,0.28816409615969973
-0.09200000000000001,-0.1368200000000001,0.28816409615969973
-0.13200000000000003,-0.1260600000000001,0.28816409615969973
-0.14400000000000007,-0.13118000000000007,0.28816409615969973
-0.10800000000000005,-0.12974000000000005,0.28816409615969973
-0.13400000000000004,-0.12298000000000002,0.28816409615969973
-0.12400000000000005,-0.13730000000000012,0.28816409615969973
-0.12200000000000005,-0.12110000000000005,0.28816409615969973
-0.15000000000000002,-0.1422400000000001,0.28816409615969973
-0.12200000000000004,-0.12626000000000007,0.28816409615969973
-0.11400000000000005,-0.13266000000000008,0.28816409615969973
-0.10800000000000004,-0.11850000000000006,0.28816409615969973
-0.12200000000000004,-0.13330000000000006,0.28816409615969973
-0.14000000000000007,-0.13518000000000008,0.28816409615969973
-0.14400000000000004,-0.13204000000000007,0.28816409615969973
-0.09800000000000003,-0.1347000000000001,0.28816409615969973
-0.11600000000000003,-0.12266000000000007,0.28816409615969973
-0.12600000000000006,-0.13846000000000006,0.28816409615969973
-0.12000000000000004,-0.13102000000000008,0.28816409615969973
-0.13600000000000007,-0.13760000000000008,0.28816409615969973
-0.13600000000000004,-0.12530000000000005,0.28816409615969973
-0.12200000000000005,-0.14354000000000006,0.28816409615969973
-0.08800000000000002,-0.13274000000000005,0.28816409615969973
-0.12000000000000005,-0.1462400000000001,0.28816409615969973
-0.13600000000000007,-0.12710000000000007,0.28816409615969973
-0.15800000000000006,-0.12874000000000008,0.28816409615969973
-0.15000000000000002,-0.13044000000000008,0.28816409615969973
-0.11200000000000004,-0.14562000000000008,0.28816409615969973
-0.14800000000000008,-0.15344000000000013,0.28816409615969973
-0.11800000000000004,-0.14136000000000007,0.28816409615969973
-0.1600000000000001,-0.1232600000000001,0.28816409615969973
-0.15200000000000008,-0.12374000000000007,0.28816409615969973
-0.14600000000000005,-0.11578000000000006,0.28816409615969973
-0.10400000000000004,-0.12494000000000005,0.28816409615969973
-0.11800000000000005,-0.11698000000000006,0.28816409615969973
-0.11400000000000007,-0.13228000000000006,0.28816409615969973
-0.12000000000000004,-0.12686000000000008,0.28816409615969973
-0.10600000000000004,-0.11974000000000008,0.28816409615969973
-0.14000000000000004,-0.12854000000000007,0.28816409615969973
-0.11400000000000003,-0.11878000000000004,0.28816409615969973
-0.13000000000000003,-0.13308000000000006,0.28816409615969973
-0.11800000000000004,-0.12030000000000006,0.28816409615969973
-0.12000000000000005,-0.1319400000000001,0.28816409615969973
-0.12200000000000007,-0.11082000000000006,0.28816409615969973
-0.15400000000000005,-0.1356400000000001,0.28816409615969973
-0.15800000000000006,-0.12626000000000007,0.28816409615969973
-0.15200000000000005,-0.11838000000000007,0.28816409615969973
-0.11200000000000004,-0.12972000000000006,0.28816409615969973
-0.08200000000000002,-0.12618000000000007,0.28816409615969973
-0.11000000000000004,-0.1499600000000001,0.28816409615969973
-0.08400000000000003,-0.12820000000000006,0.28816409615969973
-0.13400000000000006,-0.12550000000000008,0.28816409615969973
-0.12800000000000006,-0.11754000000000006,0.28816409615969973
-0.12200000000000004,-0.12274000000000004,0.28816409615969973
-0.12400000000000005,-0.1267400000000001,0.28816409615969973
-0.14800000000000005,-0.12492000000000007,0.28816409615969973
-0.12000000000000004,-0.12234000000000006,0.28816409615969973
-0.13000000000000003,-0.13374000000000008,0.28816409615969973
-0.12000000000000005,-0.12918000000000007,0.28816409615969973
-0.16000000000000006,-0.14700000000000008,0.28816409615969973
-0.10400000000000004,-0.12594000000000005,0.28816409615969973
-0.12600000000000006,-0.1337400000000001,0.28816409615969973
-0.08600000000000002,-0.1299200000000001,0.28816409615969973
-0.10400000000000005,-0.13978000000000004,0.28816409615969973
-0.11600000000000005,-0.14224000000000012,0.28816409615969973
-0.15000000000000008,-0.1437600000000001,0.28816409615969973
-0.11600000000000005,-0.12186000000000007,0.28816409615969973
-0.09800000000000003,-0.1289000000000001,0.28816409615969973
-0.12800000000000006,-0.1273400000000001,0.28816409615969973
-0.12400000000000005,-0.13976000000000008,0.28816409615969973
-0.12000000000000002,-0.12306000000000006,0.28816409615969973
-0.11800000000000004,-0.12658000000000008,0.28816409615969973
-0.12200000000000004,-0.12752000000000008,0.28816409615969973
-0.10000000000000003,-0.1345800000000001,0.28816409615969973
-0.10800000000000001,-0.1431600000000001,0.28816409615969973
-0.11800000000000005,-0.13128000000000006,0.28816409615969973
-0.13200000000000006,-0.12606000000000006,0.28816409615969973
-0.16600000000000004,-0.12646000000000004,0.28816409615969973
-0.17000000000000004,-0.1319200000000001,0.28816409615969973
-0.06800000000000003,-0.13698000000000002,0.28816409615969973
-0.10800000000000004,-0.1536000000000001,0.28816409615969973
-0.13000000000000003,-0.13996000000000008,0.28816409615969973
-0.11800000000000006,-0.13638000000000008,0.28816409615969973
-0.15000000000000008,-0.14008000000000007,0.28816409615969973
-0.14000000000000004,-0.14056000000000005,0.28816409615969973
-0.07800000000000001,-0.15440000000000006,0.28816409615969973
-0.138,-0.12468000000000005,0.28816409615969973
-0.11200000000000004,-0.11444000000000006,0.28816409615969973
-0.09800000000000003,-0.12212000000000008,0.28816409615969973
-0.07400000000000001,-0.10840000000000005,0.28816409615969973
-0.06600000000000002,-0.11840000000000005,0.28816409615969973
-0.08800000000000002,-0.10856000000000003,0.28816409615969973
-0.15000000000000008,-0.11596000000000005,0.28816409615969973
-0.11600000000000003,-0.13128000000000006,0.28816409615969973
-0.14000000000000004,-0.12290000000000005,0.28816409615969973
-0.13400000000000004,-0.1250600000000001,0.28816409615969973
-0.17600000000000005,-0.1245000000000001,0.28816409615969973
-0.10400000000000002,-0.11746000000000008,0.28816409615969973
-0.012000000000000004,-0.12014000000000004,0.28816409615969973
-0.13400000000000004,-0.11110000000000005,0.28816409615969973
-0.14000000000000004,-0.13434000000000007,0.28816409615969973
-0.12200000000000005,-0.13414000000000006,0.28816409615969973
-0.15800000000000006,-0.13652000000000009,0.28816409615969973
-0.14200000000000004,-0.12362000000000005,0.28816409615969973
-0.11800000000000002,-0.10846000000000004,0.28816409615969973
-0.082,-0.11554000000000006,0.28816409615969973
-0.16400000000000006,-0.1126200000000001,0.28816409615969973
-0.15400000000000005,-0.12494000000000006,0.28816409615969973
-0.15600000000000006,-0.12442000000000009,0.28816409615969973
-0.18400000000000005,-0.13500000000000006,0.28816409615969973
-0.08800000000000005,-0.10770000000000005,0.28816409615969973
-0.07200000000000001,-0.12214000000000005,0.28816409615969973
-0.08200000000000002,-0.11502000000000004,0.28816409615969973
-0.12000000000000005,-0.12150000000000005,0.28816409615969973
-0.15000000000000002,-0.13426000000000002,0.28816409615969973
-0.14600000000000007,-0.13120000000000007,0.28816409615969973
-0.07600000000000001,-0.10726000000000005,0.28816409615969973
-0.09400000000000003,-0.10162000000000004,0.28816409615969973
-0.12000000000000002,-0.11230000000000007,0.28816409615969973
-0.15000000000000008,-0.11766000000000007,0.28816409615969973
-0.11000000000000004,-0.11896000000000007,0.28816409615969973
-0.034000000000000016,-0.10966000000000006,0.28816409615969973
-0.07600000000000001,-0.12062000000000006,0.28816409615969973
-0.09400000000000003,-0.12446000000000008,0.28816409615969973
-0.12600000000000003,-0.1330000000000001,0.28816409615969973
-0.15400000000000003,-0.11346000000000006,0.28816409615969973
-0.15600000000000006,-0.12390000000000007,0.28816409615969973
-0.13200000000000006,-0.12016000000000004,0.28816409615969973
-0.19000000000000006,-0.13494000000000003,0.28816409615969973
-0.13800000000000004,-0.1390000000000001,0.28816409615969973
-0.14400000000000007,-0.14268000000000008,0.28816409615969973
-0.12400000000000004,-0.13272000000000012,0.28816409615969973
-0.13800000000000004,-0.13212000000000007,0.28816409615969973
-0.10200000000000004,-0.12828000000000006,0.28816409615969973
-0.10200000000000004,-0.12248000000000006,0.28816409615969973
-0.08000000000000003,-0.11852000000000007,0.28816409615969973
-0.15400000000000005,-0.13352000000000008,0.28816409615969973
-0.16000000000000006,-0.14556000000000013,0.28816409615969973
-0.10400000000000002,-0.1353000000000001,0.28816409615969973
-0.12000000000000004,-0.1241600000000001,0.28816409615969973
-0.07600000000000001,-0.12212000000000006,0.28816409615969973
-0.07600000000000003,-0.11864000000000005,0.28816409615969973
-0.09400000000000003,-0.11616000000000007,0.28816409615969973
-0.17600000000000007,-0.12728000000000006,0.28816409615969973
-0.14600000000000005,-0.1308400000000001,0.28816409615969973
-0.10600000000000004,-0.13174000000000005,0.28816409615969973
-0.13000000000000003,-0.12044000000000003,0.28816409615969973
-0.15800000000000008,-0.12808000000000008,0.28816409615969973
-0.12000000000000002,-0.11676000000000009,0.28816409615969973
-0.17800000000000005,-0.1310800000000001,0.28816409615969973
-0.12800000000000006,-0.1445600000000001,0.28816409615969973
-0.17600000000000007,-0.13454000000000013,0.28816409615969973
-0.11800000000000005,-0.12080000000000005,0.28816409615969973
-0.08000000000000002,-0.11040000000000005,0.28816409615969973
-0.11800000000000002,-0.12012000000000006,0.28816409615969973
-0.06800000000000003,-0.1270000000000001,0.28816409615969973
-0.08800000000000002,-0.12886000000000006,0.28816409615969973
-0.12800000000000006,-0.11340000000000006,0.28816409615969973
-0.12600000000000006,-0.13036000000000011,0.28816409615969973
-0.16800000000000004,-0.1344400000000001,0.28816409615969973
-0.12400000000000005,-0.13642,0.28816409615969973
-0.15600000000000006,-0.11924000000000005,0.28816409615969973
-0.10200000000000004,-0.1291200000000001,0.28816409615969973
-0.09800000000000003,-0.12138000000000004,0.28816409615969973
-0.18000000000000005,-0.14392000000000005,0.28816409615969973
-0.16400000000000006,-0.13974000000000003,0.28816409615969973
-0.12200000000000003,-0.1451000000000001,0.28816409615969973
-0.10600000000000002,-0.12462000000000005,0.28816409615969973
-0.12600000000000003,-0.12470000000000006,0.28816409615969973
-0.10600000000000002,-0.11654000000000007,0.28816409615969973
-0.12800000000000006,-0.11414000000000003,0.28816409615969973
-0.15400000000000003,-0.1375800000000001,0.28816409615969973
-0.14800000000000005,-0.13002000000000008,0.28816409615969973
-0.12000000000000005,-0.13728000000000007,0.28816409615969973
-0.09200000000000003,-0.11926000000000007,0.28816409615969973
-0.09200000000000003,-0.12326000000000006,0.28816409615969973
-0.13000000000000003,-0.11066000000000005,0.28816409615969973
-0.15600000000000003,-0.13330000000000009,0.28816409615969973
-0.15400000000000003,-0.14270000000000008,0.28816409615969973
-0.13400000000000004,-0.13168000000000007,0.28816409615969973
-0.11600000000000005,-0.11522000000000004,0.28816409615969973
-0.11400000000000003,-0.10970000000000003,0.28816409615969973
-0.15200000000000008,-0.13126000000000007,0.28816409615969973
-0.15800000000000003,-0.13238000000000005,0.28816409615969973
-0.12600000000000003,-0.13036000000000006,0.28816409615969973
-0.15000000000000005,-0.10586000000000004,0.28816409615969973
-0.10800000000000001,-0.12834000000000007,0.28816409615969973
-0.10200000000000004,-0.13058000000000008,0.28816409615969973
-0.15000000000000005,-0.1336400000000001,0.28816409615969973
-0.13400000000000004,-0.11698000000000003,0.28816409615969973
-0.15200000000000008,-0.12302000000000007,0.28816409615969973
-0.09600000000000003,-0.11804000000000008,0.28816409615969973
-0.17400000000000004,-0.1525400000000001,0.28816409615969973
-0.13000000000000006,-0.1516800000000001,0.28816409615969973
-0.11200000000000003,-0.14808000000000013,0.28816409615969973
-0.16200000000000006,-0.11478000000000005,0.28816409615969973
-0.12200000000000004,-0.11630000000000007,0.28816409615969973
-0.16000000000000003,-0.11686000000000003,0.28816409615969973
-0.13000000000000006,-0.12642000000000006,0.28816409615969973
-0.17200000000000007,-0.1301400000000001,0.28816409615969973
-0.12800000000000006,-0.1331600000000001,0.28816409615969973
-0.13800000000000007,-0.11526000000000007,0.28816409615969973
-0.12000000000000002,-0.10402000000000003,0.28816409615969973
-0.15000000000000005,-0.12026000000000005,0.28816409615969973
-0.10400000000000004,-0.12066000000000004,0.28816409615969973
-0.12000000000000002,-0.12996000000000008,0.28816409615969973
-0.10800000000000004,-0.10826000000000006,0.28816409615969973
-0.11400000000000002,-0.12102000000000007,0.28816409615969973
-0.14400000000000007,-0.11870000000000006,0.28816409615969973
-0.14400000000000002,-0.1347600000000001,0.28816409615969973
-0.14800000000000005,-0.11842000000000004,0.28816409615969973
-0.17000000000000004,-0.12294000000000004,0.28816409615969973
-0.11400000000000005,-0.12704000000000007,0.28816409615969973
-0.12000000000000005,-0.13738000000000006,0.28816409615969973
-0.16400000000000006,-0.14744000000000007,0.28816409615969973
-0.13400000000000004,-0.1391200000000001,0.28816409615969973
-0.1,-0.11874000000000004,0.28816409615969973
-0.10600000000000002,-0.10578000000000001,0.28816409615969973
-0.13600000000000007,-0.11746000000000008,0.28816409615969973
-0.11800000000000006,-0.12794000000000008,0.28816409615969973
-0.14200000000000007,-0.12168000000000007,0.28816409615969973
-0.06600000000000002,-0.10754000000000005,0.28816409615969973
-0.08800000000000005,-0.1245400000000001,0.28816409615969973
-0.13800000000000004,-0.1344600000000001,0.28816409615969973
-0.16200000000000006,-0.13048000000000007,0.28816409615969973
-0.10600000000000004,-0.11910000000000008,0.28816409615969973
-0.17200000000000007,-0.13018000000000007,0.28816409615969973
-0.10000000000000005,-0.12624000000000007,0.28816409615969973
-0.16200000000000006,-0.14254000000000006,0.28816409615969973
-0.14200000000000004,-0.1376000000000001,0.28816409615969973
-0.15600000000000006,-0.14968000000000012,0.28816409615969973
-0.11000000000000004,-0.10298000000000002,0.28816409615969973
-0.12000000000000006,-0.11882000000000005,0.28816409615969973
-0.14600000000000005,-0.12414000000000007,0.28816409615969973
-0.13400000000000006,-0.1311600000000001,0.28816409615969973
-0.13800000000000004,-0.11102000000000009,0.28816409615969973
-0.13200000000000003,-0.11838000000000007,0.28816409615969973
-0.12800000000000006,-0.11832000000000009,0.28816409615969973
-0.15800000000000008,-0.1386200000000001,0.28816409615969973
-0.12600000000000003,-0.13764000000000007,0.28816409615969973
-0.14800000000000008,-0.13416000000000014,0.28816409615969973
-0.10200000000000004,-0.11082000000000004,0.28816409615969973
-0.16400000000000003,-0.11842000000000005,0.28816409615969973
-0.11200000000000003,-0.12088000000000008,0.28816409615969973
-0.11800000000000005,-0.13550000000000006,0.28816409615969973
-0.11800000000000005,-0.1445600000000001,0.28816409615969973
-0.15200000000000005,-0.14636000000000013,0.28816409615969973
-0.13200000000000006,-0.13230000000000006,0.28816409615969973
-0.12400000000000005,-0.12836000000000006,0.28816409615969973
-0.12600000000000006,-0.13468000000000008,0.28816409615969973
-0.14800000000000008,-0.15780000000000008,0.28816409615969973
-0.13400000000000006,-0.11764000000000005,0.28816409615969973
-0.14000000000000007,-0.12944000000000006,0.28816409615969973
-0.14800000000000002,-0.11524000000000005,0.28816409615969973
-0.10000000000000006,-0.11840000000000006,0.28816409615969973
-0.08600000000000002,-0.11492000000000006,0.28816409615969973
-0.15200000000000005,-0.12448000000000006,0.28816409615969973
-0.12200000000000005,-0.12656000000000003,0.28816409615969973
-0.17400000000000007,-0.12990000000000007,0.28816409615969973
-0.12200000000000004,-0.11932000000000006,0.28816409615969973
-0.12200000000000005,-0.10316000000000006,0.28816409615969973
-0.11400000000000003,-0.10728000000000004,0.28816409615969973
-0.14800000000000005,-0.10704000000000008,0.28816409615969973
-0.12600000000000006,-0.10728000000000004,0.28816409615969973
-0.10000000000000003,-0.10944000000000002,0.28816409615969973
-0.12000000000000002,-0.12010000000000007,0.28816409615969973
-0.10400000000000004,-0.10828000000000004,0.28816409615969973
-0.13200000000000006,-0.12064000000000007,0.28816409615969973
-0.09400000000000003,-0.11204000000000007,0.28816409615969973
-0.11200000000000004,-0.11796000000000005,0.28816409615969973
-0.12200000000000005,-0.1287600000000001,0.28816409615969973
-0.11800000000000004,-0.13226000000000007,0.28816409615969973
-0.11200000000000003,-0.10500000000000004,0.28816409615969973
-0.06600000000000003,-0.10068000000000006,0.28816409615969973
-0.11200000000000003,-0.10200000000000005,0.28816409615969973
-0.07400000000000002,-0.10788000000000005,0.28816409615969973
-0.08200000000000002,-0.11006000000000006,0.28816409615969973
-0.10600000000000004,-0.10600000000000004,0.28816409615969973
-0.11200000000000003,-0.11128000000000006,0.28816409615969973
-0.13400000000000004,-0.11644000000000007,0.28816409615969973
-0.10200000000000002,-0.12602000000000008,0.28816409615969973
-0.10200000000000002,-0.11080000000000007,0.28816409615969973
-0.13200000000000006,-0.11784000000000004,0.28816409615969973
-0.10000000000000003,-0.11482000000000002,0.28816409615969973
-0.14600000000000007,-0.12088000000000007,0.28816409615969973
-0.134,-0.12070000000000007,0.28816409615969973
-0.10400000000000001,-0.12706000000000003,0.28816409615969973
-0.12400000000000005,-0.12802000000000005,0.28816409615969973
-0.14800000000000005,-0.11470000000000005,0.28816409615969973
-0.14400000000000007,-0.12062000000000006,0.28816409615969973
-0.15800000000000008,-0.11334000000000002,0.28816409615969973
-0.16800000000000004,-0.12726000000000007,0.28816409615969973
-0.10200000000000004,-0.11590000000000003,0.28816409615969973
-0.15800000000000006,-0.1367600000000001,0.28816409615969973
-0.13000000000000003,-0.11734000000000004,0.28816409615969973
-0.09000000000000002,-0.12598000000000006,0.28816409615969973
-0.10400000000000004,-0.11378000000000006,0.28816409615969973
-0.11400000000000002,-0.13306000000000007,0.28816409615969973
-0.12400000000000005,-0.13338000000000008,0.28816409615969973
-0.10800000000000004,-0.13380000000000009,0.28816409615969973
-0.09400000000000006,-0.11542000000000008,0.28816409615969973
-0.12400000000000005,-0.11014000000000006,0.28816409615969973
-0.14600000000000007,-0.11810000000000008,0.28816409615969973
-0.10000000000000005,-0.11758000000000007,0.28816409615969973
-0.12800000000000006,-0.12324000000000007,0.28816409615969973
-0.11200000000000004,-0.10758000000000006,0.28816409615969973
-0.10200000000000001,-0.12982000000000007,0.28816409615969973
-0.06000000000000001,-0.12146000000000005,0.28816409615969973
-0.12800000000000006,-0.1358000000000001,0.28816409615969973
-0.11200000000000003,-0.11702000000000005,0.28816409615969973
-0.13400000000000004,-0.11990000000000006,0.28816409615969973
-0.12200000000000003,-0.12076000000000008,0.28816409615969973
-0.13200000000000003,-0.13870000000000007,0.28816409615969973
-0.18000000000000005,-0.14216000000000012,0.28816409615969973
-0.12600000000000003,-0.13380000000000009,0.28816409615969973
-0.17600000000000007,-0.11310000000000006,0.28816409615969973
-0.13600000000000007,-0.12302000000000007,0.28816409615969973
-0.12600000000000006,-0.11790000000000006,0.28816409615969973
-0.11200000000000004,-0.12202000000000006,0.28816409615969973
-0.19000000000000006,-0.11930000000000003,0.28816409615969973
-0.10200000000000004,-0.13280000000000008,0.28816409615969973
-0.14800000000000002,-0.11058000000000005,0.28816409615969973
-0.12200000000000005,-0.10358000000000005,0.28816409615969973
-0.12000000000000004,-0.10782000000000003,0.28816409615969973
-0.07800000000000001,-0.10506000000000007,0.28816409615969973
-0.09000000000000002,-0.11660000000000006,0.28816409615969973
-0.15000000000000008,-0.10982000000000006,0.28816409615969973
-0.07600000000000001,-0.11866000000000007,0.28816409615969973
-0.12600000000000006,-0.10406000000000006,0.28816409615969973
-0.11400000000000002,-0.1310800000000001,0.28816409615969973
-0.15000000000000002,-0.11910000000000005,0.28816409615969973
-0.13600000000000004,-0.12070000000000007,0.28816409615969973
-0.10800000000000004,-0.1277600000000001,0.28816409615969973
-0.11000000000000004,-0.12474000000000006,0.28816409615969973
-0.11800000000000002,-0.1400800000000001,0.28816409615969973
-0.09200000000000003,-0.12644000000000008,0.28816409615969973
-0.08600000000000002,-0.11542000000000008,0.28816409615969973
-0.06800000000000002,-0.10654000000000007,0.28816409615969973
-0.098,-0.11110000000000007,0.28816409615969973
-0.12400000000000003,-0.11186000000000007,0.28816409615969973
-0.09600000000000004,-0.12056000000000007,0.28816409615969973
-0.09200000000000003,-0.11382000000000005,0.28816409615969973
-0.06600000000000003,-0.12474000000000005,0.28816409615969973
-0.09600000000000003,-0.11854000000000006,0.28816409615969973
-0.12400000000000003,-0.1395200000000001,0.28816409615969973
-0.09200000000000001,-0.11770000000000007,0.28816409615969973
-0.11400000000000002,-0.12234000000000007,0.28816409615969973
-0.08600000000000003,-0.12112000000000009,0.28816409615969973
-0.11200000000000003,-0.13046000000000008,0.28816409615969973
-0.12000000000000004,-0.13568000000000013,0.28816409615969973
-0.11400000000000003,-0.14084000000000008,0.28816409615969973
-0.14800000000000008,-0.10026000000000006,0.28816409615969973
-0.09400000000000003,-0.10922000000000007,0.28816409615969973
-0.10000000000000003,-0.10826000000000006,0.28816409615969973
-0.08400000000000002,-0.11840000000000006,0.28816409615969973
-0.11200000000000003,-0.10734000000000006,0.28816409615969973
-0.11000000000000004,-0.10834000000000003,0.28816409615969973
-0.09400000000000003,-0.10948000000000004,0.28816409615969973
-0.11200000000000004,-0.11762000000000007,0.28816409615969973
-0.068,-0.11920000000000006,0.28816409615969973
-0.08600000000000002,-0.12280000000000005,0.28816409615969973
-0.08400000000000003,-0.11450000000000006,0.28816409615969973
-0.13400000000000006,-0.11318000000000009,0.28816409615969973
-0.11000000000000004,-0.12268000000000004,0.28816409615969973
-0.064,-0.12386000000000007,0.28816409615969973
-0.06,-0.1406800000000001,0.28816409615969973
-0.09000000000000002,-0.1359600000000001,0.28816409615969973
-0.10200000000000004,-0.12306000000000006,0.28816409615969973
-0.11400000000000006,-0.12944000000000008,0.28816409615969973
-0.12000000000000002,-0.1315600000000001,0.28816409615969973
-0.11000000000000004,-0.14364000000000013,0.28816409615969973
-0.17000000000000004,-0.13144000000000008,0.28816409615969973
-0.12600000000000003,-0.1326800000000001,0.28816409615969973
-0.11800000000000005,-0.12564000000000006,0.28816409615969973
-0.13200000000000003,-0.12496000000000007,0.28816409615969973
-0.13000000000000006,-0.13184000000000004,0.28816409615969973
-0.14400000000000004,-0.12880000000000008,0.28816409615969973
-0.12400000000000003,-0.1387800000000001,0.28816409615969973
-0.14400000000000004,-0.12952000000000008,0.28816409615969973
-0.14000000000000007,-0.13136000000000006,0.28816409615969973
-0.12200000000000005,-0.12400000000000007,0.28816409615969973
-0.16000000000000006,-0.13408000000000006,0.28816409615969973
-0.18600000000000005,-0.1467200000000001,0.28816409615969973
-0.16600000000000004,-0.13978000000000007,0.28816409615969973
-0.14800000000000002,-0.12616000000000008,0.28816409615969973
-0.17000000000000007,-0.11860000000000004,0.28816409615969973
-0.14800000000000008,-0.1306400000000001,0.28816409615969973
-0.18200000000000008,-0.13732000000000008,0.28816409615969973
-0.15000000000000008,-0.1325800000000001,0.28816409615969973
-0.16200000000000003,-0.11820000000000008,0.28816409615969973
-0.19600000000000006,-0.1340400000000001,0.28816409615969973
-0.17800000000000007,-0.1320800000000001,0.28816409615969973
-0.14600000000000007,-0.14074000000000012,0.28816409615969973
-0.15800000000000003,-0.12872000000000008,0.28816409615969973
-0.14000000000000007,-0.13272000000000006,0.28816409615969973
-0.12400000000000003,-0.12870000000000006,0.28816409615969973
-0.17400000000000004,-0.1486400000000001,0.28816409615969973
-0.15400000000000005,-0.14714000000000008,0.28816409615969973
-0.18000000000000008,-0.14422000000000007,0.28816409615969973
-0.17400000000000007,-0.11868000000000004,0.28816409615969973
-0.14600000000000007,-0.11844000000000007,0.28816409615969973
-0.16800000000000007,-0.12184000000000009,0.28816409615969973
-0.14200000000000007,-0.12396000000000007,0.28816409615969973
-0.14800000000000005,-0.12668000000000004,0.28816409615969973
-0.14400000000000007,-0.13050000000000006,0.28816409615969973
-0.13800000000000004,-0.11680000000000006,0.28816409615969973
-0.08800000000000004,-0.11872000000000008,0.28816409615969973
-0.09800000000000003,-0.11856000000000005,0.28816409615969973
-0.11200000000000004,-0.12156000000000006,0.28816409615969973
-0.16800000000000004,-0.12070000000000008,0.28816409615969973
-0.12800000000000006,-0.11752000000000007,0.28816409615969973
-0.15400000000000005,-0.11788000000000005,0.28816409615969973
-0.10800000000000004,-0.11048000000000005,0.28816409615969973
-0.08400000000000002,-0.12966000000000005,0.28816409615969973
-0.14800000000000005,-0.12036000000000008,0.28816409615969973
-0.15000000000000008,-0.12148000000000007,0.28816409615969973
-0.12600000000000006,-0.12790000000000007,0.28816409615969973
-0.10400000000000004,-0.12632000000000007,0.28816409615969973
-0.14800000000000005,-0.13694000000000003,0.28816409615969973
-0.11400000000000002,-0.1311400000000001,0.28816409615969973
-0.13600000000000007,-0.1259200000000001,0.28816409615969973
-0.09400000000000003,-0.12068000000000005,0.28816409615969973
-0.12800000000000006,-0.12476000000000009,0.28816409615969973
-0.14600000000000005,-0.1330400000000001,0.28816409615969973
-0.13800000000000004,-0.12790000000000007,0.28816409615969973
-0.15400000000000005,-0.12156000000000007,0.28816409615969973
-0.1880000000000001,-0.12728000000000006,0.28816409615969973
-0.17000000000000004,-0.1358000000000001,0.28816409615969973
-0.13000000000000003,-0.14318000000000006,0.28816409615969973
-0.13400000000000006,-0.12580000000000008,0.28816409615969973
-0.15600000000000006,-0.13604000000000008,0.28816409615969973
-0.10800000000000005,-0.13274000000000008,0.28816409615969973
-0.19000000000000006,-0.14280000000000007,0.28816409615969973
-0.14600000000000007,-0.1429800000000001,0.28816409615969973
-0.11600000000000005,-0.1558200000000001,0.28816409615969973
-0.09400000000000004,-0.11640000000000007,0.28816409615969973
-0.17200000000000004,-0.12208000000000008,0.28816409615969973
-0.14600000000000007,-0.12640000000000007,0.28816409615969973
-0.07,-0.1304600000000001,0.28816409615969973
-0.11800000000000001,-0.11960000000000007,0.28816409615969973
-0.13200000000000006,-0.1254000000000001,0.28816409615969973
-0.10400000000000004,-0.12158000000000012,0.28816409615969973
-0.17800000000000007,-0.1333200000000001,0.28816409615969973
-0.09000000000000001,-0.13194000000000006,0.28816409615969973
-0.11600000000000002,-0.13554000000000008,0.28816409615969973
-0.18200000000000005,-0.12108000000000006,0.28816409615969973
-0.20800000000000007,-0.12504000000000004,0.28816409615969973
-0.14800000000000005,-0.12758000000000005,0.28816409615969973
-0.2060000000000001,-0.13444000000000006,0.28816409615969973
-0.15000000000000005,-0.14358000000000012,0.28816409615969973
-0.13200000000000003,-0.14814000000000013,0.28816409615969973
-0.13200000000000003,-0.13592000000000007,0.28816409615969973
-0.14000000000000007,-0.13062000000000007,0.28816409615969973
-0.13000000000000006,-0.1385000000000001,0.28816409615969973
-0.14800000000000005,-0.1503400000000001,0.28816409615969973
-0.12400000000000005,-0.12430000000000006,0.28816409615969973
-0.14000000000000007,-0.12362000000000006,0.28816409615969973
-0.15000000000000005,-0.12062000000000002,0.28816409615969973
-0.11600000000000002,-0.13290000000000007,0.28816409615969973
-0.14600000000000002,-0.12922000000000003,0.28816409615969973
-0.09800000000000003,-0.1378800000000001,0.28816409615969973
-0.14000000000000007,-0.12314000000000007,0.28816409615969973
-0.11800000000000002,-0.12130000000000009,0.28816409615969973
-0.12000000000000005,-0.13386000000000006,0.28816409615969973
-0.10200000000000004,-0.12334000000000007,0.28816409615969973
-0.16200000000000003,-0.1343600000000001,0.28816409615969973
-0.17000000000000004,-0.11678000000000004,0.28816409615969973
-0.14800000000000005,-0.1297800000000001,0.28816409615969973
-0.12600000000000006,-0.11086000000000006,0.28816409615969973
-0.15400000000000008,-0.13600000000000007,0.28816409615969973
-0.16200000000000006,-0.13122000000000006,0.28816409615969973
-0.1800000000000001,-0.1271400000000001,0.28816409615969973
-0.12800000000000003,-0.13080000000000008,0.28816409615969973
-0.15000000000000005,-0.13910000000000008,0.28816409615969973
-0.12600000000000006,-0.15296000000000012,0.28816409615969973
-0.15600000000000008,-0.1366800000000001,0.28816409615969973
-0.13000000000000006,-0.1257000000000001,0.28816409615969973
-0.12400000000000003,-0.11726000000000006,0.28816409615969973
-0.12600000000000003,-0.12910000000000008,0.28816409615969973
-0.16800000000000004,-0.13058000000000008,0.28816409615969973
-0.16400000000000003,-0.1299600000000001,0.28816409615969973
-0.14000000000000007,-0.11298000000000005,0.28816409615969973
-0.13400000000000006,-0.13214000000000006,0.28816409615969973
-0.14800000000000008,-0.13138000000000008,0.28816409615969973
-0.11200000000000004,-0.13944000000000006,0.28816409615969973
-0.12400000000000005,-0.12474000000000007,0.28816409615969973
-0.1700000000000001,-0.12738000000000005,0.28816409615969973
-0.11000000000000003,-0.12276000000000006,0.28816409615969973
-0.18000000000000005,-0.15038000000000018,0.28816409615969973
-0.13200000000000006,-0.14628000000000008,0.28816409615969973
-0.15800000000000006,-0.14640000000000009,0.28816409615969973
-0.19200000000000012,-0.11706000000000003,0.28816409615969973
-0.18200000000000005,-0.12610000000000007,0.28816409615969973
-0.14800000000000005,-0.1281000000000001,0.28816409615969973
-0.10800000000000003,-0.13076000000000007,0.28816409615969973
-0.10000000000000002,-0.12738000000000005,0.28816409615969973
-0.11400000000000005,-0.1301400000000001,0.28816409615969973
-0.15400000000000005,-0.12324000000000004,0.28816409615969973
-0.1680000000000001,-0.14582000000000012,0.28816409615969973
-0.14000000000000007,-0.1406400000000001,0.28816409615969973
-0.16600000000000004,-0.13768000000000008,0.28816409615969973
-0.12800000000000003,-0.11994000000000006,0.28816409615969973
-0.1620000000000001,-0.12126000000000006,0.28816409615969973
-0.13800000000000004,-0.12248000000000009,0.28816409615969973
-0.12800000000000006,-0.13754000000000008,0.28816409615969973
-0.132,-0.1486400000000001,0.28816409615969973
-0.09000000000000004,-0.1398400000000001,0.28816409615969973
-0.10600000000000004,-0.13918000000000008,0.28816409615969973
-0.14200000000000007,-0.13800000000000007,0.28816409615969973
-0.1640000000000001,-0.1358000000000001,0.28816409615969973
-0.15800000000000006,-0.1625200000000001,0.28816409615969973
-0.14400000000000007,-0.12034000000000004,0.28816409615969973
-0.15400000000000003,-0.12346000000000007,0.28816409615969973
-0.14000000000000007,-0.12398000000000006,0.28816409615969973
-0.1620000000000001,-0.12378000000000006,0.28816409615969973
-0.12600000000000003,-0.12624000000000007,0.28816409615969973
-0.14600000000000005,-0.11566000000000008,0.28816409615969973
-0.13200000000000003,-0.12278000000000007,0.28816409615969973
-0.16600000000000004,-0.11186000000000003,0.28816409615969973
-0.1620000000000001,-0.13348000000000007,0.28816409615969973
-0.09800000000000003,-0.13006000000000006,0.28816409615969973
-0.18000000000000008,-0.12798000000000007,0.28816409615969973
-0.10400000000000004,-0.13204000000000007,0.28816409615969973
-0.14200000000000004,-0.13438000000000005,0.28816409615969973
-0.10200000000000004,-0.1427200000000001,0.28816409615969973
-0.14800000000000005,-0.14020000000000007,0.28816409615969973
-0.10200000000000004,-0.11762000000000007,0.28816409615969973
-0.14800000000000008,-0.11934000000000006,0.28816409615969973
-0.15000000000000005,-0.11374000000000006,0.28816409615969973
-0.16600000000000004,-0.1352400000000001,0.28816409615969973
-0.13800000000000007,-0.12410000000000007,0.28816409615969973
-0.14000000000000004,-0.11862000000000007,0.28816409615969973
-0.09200000000000004,-0.12440000000000007,0.28816409615969973
-0.11400000000000003,-0.1297800000000001,0.28816409615969973
-0.13400000000000006,-0.1408800000000001,0.28816409615969973
-0.14800000000000005,-0.12968000000000007,0.28816409615969973
-0.11000000000000001,-0.12042000000000008,0.28816409615969973
-0.17200000000000007,-0.11494000000000004,0.28816409615969973
-0.14,-0.12844000000000008,0.28816409615969973
-0.13000000000000003,-0.12086000000000009,0.28816409615969973
-0.13400000000000004,-0.14768000000000012,0.28816409615969973
-0.13600000000000004,-0.1279200000000001,0.28816409615969973
-0.12400000000000005,-0.1350200000000001,0.28816409615969973
-0.09600000000000003,-0.14548000000000008,0.28816409615969973
-0.14600000000000005,-0.1380800000000001,0.28816409615969973
-0.11600000000000005,-0.1530000000000001,0.28816409615969973
-0.13600000000000007,-0.11602000000000005,0.28816409615969973
-0.11800000000000005,-0.12238000000000007,0.28816409615969973
-0.10000000000000003,-0.12342000000000004,0.28816409615969973
-0.13200000000000006,-0.13536000000000004,0.28816409615969973
-0.12400000000000005,-0.12454000000000007,0.28816409615969973
-0.13000000000000003,-0.12338000000000006,0.28816409615969973
-0.09000000000000005,-0.1250400000000001,0.28816409615969973
-0.14400000000000007,-0.13686000000000012,0.28816409615969973
-0.10800000000000001,-0.1320800000000001,0.28816409615969973
-0.15800000000000008,-0.1356800000000001,0.28816409615969973
-0.14000000000000007,-0.12022000000000005,0.28816409615969973
-0.15000000000000008,-0.12138000000000009,0.28816409615969973
-0.12600000000000003,-0.12868000000000007,0.28816409615969973
-0.18000000000000008,-0.13282000000000008,0.28816409615969973
-0.14400000000000007,-0.1402400000000001,0.28816409615969973
-0.15800000000000008,-0.1424000000000001,0.28816409615969973
-0.09400000000000004,-0.13870000000000007,0.28816409615969973
-0.11400000000000005,-0.14144000000000012,0.28816409615969973
-0.10400000000000004,-0.1474000000000001,0.28816409615969973
-0.17000000000000007,-0.1547200000000001,0.28816409615969973
-0.1600000000000001,-0.11918000000000008,0.28816409615969973
-0.15400000000000008,-0.11710000000000007,0.28816409615969973
-0.12600000000000003,-0.12652000000000005,0.28816409615969973
-0.14000000000000007,-0.13250000000000006,0.28816409615969973
-0.11600000000000002,-0.1408400000000001,0.28816409615969973
-0.11400000000000005,-0.13896000000000008,0.28816409615969973
-0.11800000000000002,-0.1353000000000001,0.28816409615969973
-0.14200000000000007,-0.13712000000000008,0.28816409615969973
-0.16400000000000003,-0.1344800000000001,0.28816409615969973
-0.13800000000000004,-0.1531200000000001,0.28816409615969973
-0.13400000000000004,-0.12870000000000006,0.28816409615969973
-0.12600000000000003,-0.1407200000000001,0.28816409615969973
-0.1600000000000001,-0.1369600000000001,0.28816409615969973
-0.13400000000000004,-0.15564000000000008,0.28816409615969973
-0.11600000000000005,-0.1508400000000001,0.28816409615969973
-0.10400000000000004,-0.1299000000000001,0.28816409615969973
-0.09400000000000003,-0.11954000000000005,0.28816409615969973
-0.12800000000000006,-0.12666000000000008,0.28816409615969973
-0.12400000000000005,-0.12094000000000008,0.28816409615969973
-0.10400000000000004,-0.1352600000000001,0.28816409615969973
-0.09000000000000004,-0.12042000000000008,0.28816409615969973
-0.08000000000000002,-0.12270000000000009,0.28816409615969973
-0.13800000000000007,-0.13022000000000009,0.28816409615969973
-0.10600000000000002,-0.12672000000000005,0.28816409615969973
-0.12800000000000006,-0.12624000000000007,0.28816409615969973
-0.14600000000000005,-0.12464000000000008,0.28816409615969973
-0.11800000000000004,-0.1292800000000001,0.28816409615969973
-0.11000000000000004,-0.13404000000000005,0.28816409615969973
-0.11600000000000005,-0.11600000000000003,0.28816409615969973
-0.15400000000000005,-0.13852000000000006,0.28816409615969973
-0.12400000000000003,-0.13252000000000008,0.28816409615969973
-0.12000000000000004,-0.13354000000000008,0.28816409615969973
-0.14400000000000004,-0.12212000000000006,0.28816409615969973
-0.07600000000000003,-0.11840000000000006,0.28816409615969973
-0.11600000000000005,-0.12868000000000007,0.28816409615969973
-0.13000000000000003,-0.11892000000000005,0.28816409615969973
-0.12800000000000006,-0.13412000000000004,0.28816409615969973
-0.11000000000000004,-0.12196000000000008,0.28816409615969973
-0.15400000000000005,-0.1359800000000001,0.28816409615969973
-0.10200000000000004,-0.12068000000000006,0.28816409615969973
-0.16200000000000006,-0.13248000000000007,0.28816409615969973
-0.12000000000000005,-0.12028000000000005,0.28816409615969973
-0.11800000000000005,-0.13068000000000007,0.28816409615969973
-0.16000000000000006,-0.13540000000000005,0.28816409615969973
-0.15600000000000003,-0.1284200000000001,0.28816409615969973
-0.12200000000000005,-0.1311200000000001,0.28816409615969973
-0.18400000000000005,-0.11656000000000004,0.28816409615969973
-0.10600000000000001,-0.13084000000000007,0.28816409615969973
-0.14800000000000008,-0.12808000000000005,0.28816409615969973
-0.11600000000000003,-0.12482000000000008,0.28816409615969973
-0.14400000000000004,-0.12612000000000004,0.28816409615969973
-0.13000000000000003,-0.1393200000000001,0.28816409615969973
-0.14400000000000007,-0.13968000000000005,0.28816409615969973
-0.16000000000000006,-0.1439800000000001,0.28816409615969973
-0.11600000000000003,-0.12692000000000006,0.28816409615969973
-0.18600000000000005,-0.13508000000000012,0.28816409615969973
-0.11400000000000005,-0.12302000000000007,0.28816409615969973
-0.12400000000000003,-0.1482800000000001,0.28816409615969973
-0.16000000000000006,-0.14698000000000008,0.28816409615969973
-0.12200000000000004,-0.14054000000000008,0.28816409615969973
-0.11800000000000002,-0.12342000000000003,0.28816409615969973
-0.11600000000000003,-0.12202000000000009,0.28816409615969973
-0.14000000000000004,-0.13250000000000012,0.28816409615969973
-0.11200000000000004,-0.13486000000000006,0.28816409615969973
-0.11000000000000003,-0.12022000000000004,0.28816409615969973
-0.16000000000000006,-0.1296200000000001,0.28816409615969973
-0.15400000000000008,-0.1374600000000001,0.28816409615969973
-0.12200000000000005,-0.12536000000000008,0.28816409615969973
-0.09000000000000002,-0.11114000000000006,0.28816409615969973
-0.09800000000000003,-0.12254000000000005,0.28816409615969973
-0.04600000000000002,-0.1185800000000001,0.28816409615969973
-0.11600000000000005,-0.11110000000000007,0.28816409615969973
-0.10200000000000002,-0.12134000000000003,0.28816409615969973
-0.10000000000000003,-0.11598000000000007,0.28816409615969973
-0.14000000000000004,-0.11840000000000006,0.28816409615969973
-0.12000000000000005,-0.11854000000000009,0.28816409615969973
-0.12800000000000006,-0.12786000000000008,0.28816409615969973
-0.11000000000000003,-0.11506000000000005,0.28816409615969973
-0.10400000000000004,-0.12378000000000007,0.28816409615969973
-0.08200000000000002,-0.13546000000000008,0.28816409615969973
-0.09800000000000003,-0.12216000000000007,0.28816409615969973
-0.14000000000000007,-0.12858000000000008,0.28816409615969973
-0.13800000000000007,-0.11670000000000005,0.28816409615969973
-0.09600000000000003,-0.12514000000000008,0.28816409615969973
-0.12200000000000005,-0.13206000000000007,0.28816409615969973
-0.13400000000000006,-0.12200000000000008,0.28816409615969973
-0.12600000000000006,-0.12394000000000006,0.28816409615969973
-0.09200000000000003,-0.13346000000000008,0.28816409615969973
-0.13000000000000006,-0.14014000000000013,0.28816409615969973
-0.08600000000000005,-0.13132000000000008,0.28816409615969973
-0.11800000000000002,-0.12006000000000004,0.28816409615969973
-0.16400000000000006,-0.13310000000000005,0.28816409615969973
-0.12800000000000006,-0.12232000000000007,0.28816409615969973
-0.12200000000000005,-0.1331800000000001,0.28816409615969973
-0.13000000000000006,-0.13228000000000004,0.28816409615969973
-0.12400000000000005,-0.13472000000000006,0.28816409615969973
-0.11200000000000003,-0.11840000000000005,0.28816409615969973
-0.11200000000000003,-0.1258400000000001,0.28816409615969973
-0.07200000000000004,-0.11816000000000004,0.28816409615969973
-0.09800000000000005,-0.11460000000000006,0.28816409615969973
-0.14800000000000008,-0.13388000000000003,0.28816409615969973
-0.11400000000000006,-0.12212000000000005,0.28816409615969973
-0.15000000000000008,-0.12386000000000004,0.28816409615969973
-0.08600000000000002,-0.12064000000000007,0.28816409615969973
-0.13000000000000006,-0.11640000000000005,0.28816409615969973
-0.14,-0.11032000000000004,0.28816409615969973
-0.12600000000000003,-0.12504000000000007,0.28816409615969973
-0.14400000000000004,-0.12952000000000005,0.28816409615969973
-0.12400000000000004,-0.11890000000000006,0.28816409615969973
-0.10200000000000004,-0.13220000000000004,0.28816409615969973
-0.13600000000000004,-0.11592000000000006,0.28816409615969973
-0.15000000000000005,-0.13740000000000008,0.28816409615969973
-0.14400000000000004,-0.1332000000000001,0.28816409615969973
-0.10400000000000004,-0.12790000000000007,0.28816409615969973
-0.1600000000000001,-0.11408000000000007,0.28816409615969973
-0.11000000000000004,-0.13368000000000008,0.28816409615969973
-0.12400000000000005,-0.12772000000000006,0.28816409615969973
-0.12400000000000005,-0.12686000000000008,0.28816409615969973
-0.11600000000000002,-0.12180000000000006,0.28816409615969973
-0.1620000000000001,-0.12804000000000007,0.28816409615969973
-0.1700000000000001,-0.11698000000000006,0.28816409615969973
-0.16800000000000004,-0.1421200000000001,0.28816409615969973
-0.16400000000000003,-0.14118000000000008,0.28816409615969973
-0.12600000000000003,-0.13362000000000004,0.28816409615969973
-0.12400000000000004,-0.11612000000000007,0.28816409615969973
-0.16800000000000007,-0.11116000000000006,0.28816409615969973
-0.14600000000000002,-0.10680000000000006,0.28816409615969973
-0.14800000000000005,-0.12404000000000007,0.28816409615969973
-0.12200000000000004,-0.12164000000000008,0.28816409615969973
-0.16600000000000006,-0.11930000000000006,0.28816409615969973
-0.14000000000000007,-0.12300000000000005,0.28816409615969973
-0.12600000000000006,-0.11420000000000007,0.28816409615969973
-0.18800000000000006,-0.12932000000000005,0.28816409615969973
-0.12200000000000004,-0.12368000000000008,0.28816409615969973
-0.15400000000000005,-0.12906000000000004,0.28816409615969973
-0.09400000000000004,-0.11388000000000008,0.28816409615969973
-0.11600000000000005,-0.1300800000000001,0.28816409615969973
-0.11000000000000004,-0.11324000000000005,0.28816409615969973
-0.16600000000000006,-0.13242000000000007,0.28816409615969973
-0.16200000000000003,-0.12128000000000005,0.28816409615969973
-0.15600000000000003,-0.12400000000000007,0.28816409615969973
-0.09200000000000003,-0.1249000000000001,0.28816409615969973
-0.13000000000000003,-0.12916000000000005,0.28816409615969973
-0.14200000000000004,-0.13770000000000007,0.28816409615969973
-0.1640000000000001,-0.12582000000000007,0.28816409615969973
-0.15800000000000006,-0.12176000000000006,0.28816409615969973
-0.13600000000000004,-0.11012000000000007,0.28816409615969973
-0.13400000000000004,-0.12188000000000004,0.28816409615969973
-0.12800000000000006,-0.1276800000000001,0.28816409615969973
-0.15200000000000008,-0.11990000000000005,0.28816409615969973
-0.14000000000000007,-0.10948000000000004,0.28816409615969973
-0.11400000000000005,-0.12632000000000004,0.28816409615969973
-0.17600000000000007,-0.13044000000000008,0.28816409615969973
-0.2240000000000001,-0.12622000000000008,0.28816409615969973
-0.12800000000000003,-0.11612000000000007,0.28816409615969973
-0.16600000000000006,-0.12772000000000008,0.28816409615969973
-0.15000000000000008,-0.11578000000000002,0.28816409615969973
-0.11600000000000002,-0.1388800000000001,0.28816409615969973
-0.12800000000000006,-0.13258000000000014,0.28816409615969973
-0.13000000000000006,-0.13510000000000005,0.28816409615969973
-0.17200000000000007,-0.12180000000000007,0.28816409615969973
-0.10200000000000004,-0.1376400000000001,0.28816409615969973
-0.15600000000000006,-0.13212000000000007,0.28816409615969973
-0.14400000000000007,-0.13634000000000007,0.28816409615969973
-0.16400000000000003,-0.12220000000000006,0.28816409615969973
-0.17800000000000007,-0.13096000000000008,0.28816409615969973
-0.17400000000000004,-0.12338000000000005,0.28816409615969973
-0.13200000000000006,-0.1453600000000001,0.28816409615969973
-0.17200000000000007,-0.1430200000000001,0.28816409615969973
-0.16600000000000006,-0.13294000000000009,0.28816409615969973
-0.132,-0.12384000000000005,0.28816409615969973
-0.16600000000000004,-0.1291600000000001,0.28816409615969973
-0.12200000000000005,-0.1263400000000001,0.28816409615969973
-0.12800000000000006,-0.14112000000000008,0.28816409615969973
-0.16000000000000006,-0.1469000000000001,0.28816409615969973
-0.13400000000000006,-0.14162000000000005,0.28816409615969973
-0.15400000000000005,-0.14140000000000003,0.28816409615969973
-0.16200000000000003,-0.1325000000000001,0.28816409615969973
-0.20800000000000007,-0.13486000000000006,0.28816409615969973
-0.14200000000000007,-0.15270000000000014,0.28816409615969973
-0.10400000000000002,-0.11970000000000007,0.28816409615969973
-0.12600000000000003,-0.1251800000000001,0.28816409615969973
-0.11400000000000005,-0.12218000000000005,0.28816409615969973
-0.09400000000000003,-0.13550000000000006,0.28816409615969973
-0.09200000000000004,-0.11918000000000005,0.28816409615969973
-0.11800000000000002,-0.12826000000000007,0.28816409615969973
-0.09200000000000003,-0.12718000000000007,0.28816409615969973
-0.08000000000000002,-0.12324000000000009,0.28816409615969973
-0.07600000000000003,-0.11390000000000004,0.28816409615969973
-0.06400000000000003,-0.11254000000000004,0.28816409615969973
-0.09200000000000003,-0.11466000000000007,0.28816409615969973
-0.12200000000000004,-0.11174000000000009,0.28816409615969973
-0.10000000000000003,-0.11574000000000007,0.28816409615969973
-0.07000000000000003,-0.10442000000000005,0.28816409615969973
-0.1620000000000001,-0.11756000000000005,0.28816409615969973
-0.06200000000000001,-0.12102000000000009,0.28816409615969973
-0.14200000000000007,-0.13338000000000005,0.28816409615969973
-0.10000000000000003,-0.12450000000000007,0.28816409615969973
-0.08600000000000005,-0.12306000000000004,0.28816409615969973
-0.12400000000000005,-0.13038000000000008,0.28816409615969973
-0.11200000000000002,-0.12836000000000006,0.28816409615969973
-0.09400000000000004,-0.12038000000000007,0.28816409615969973
-0.09200000000000004,-0.11514000000000008,0.28816409615969973
-0.12200000000000004,-0.11662000000000006,0.28816409615969973
-0.08000000000000003,-0.11942000000000007,0.28816409615969973
-0.08800000000000005,-0.11336000000000006,0.28816409615969973
-0.11200000000000004,-0.12190000000000006,0.28816409615969973
-0.11800000000000004,-0.12582000000000007,0.28816409615969973
-0.08800000000000004,-0.12646000000000004,0.28816409615969973
-0.12800000000000006,-0.13196000000000005,0.28816409615969973
-0.048,-0.11578000000000008,0.28816409615969973
-0.09800000000000006,-0.1223800000000001,0.28816409615969973
-0.10600000000000004,-0.11536000000000006,0.28816409615969973
-0.08800000000000002,-0.12190000000000008,0.28816409615969973
-0.09200000000000003,-0.12436000000000004,0.28816409615969973
-0.06600000000000002,-0.12452000000000008,0.28816409615969973
-0.10600000000000004,-0.11868000000000006,0.28816409615969973
-0.14200000000000007,-0.12096000000000007,0.28816409615969973
-0.12600000000000003,-0.12376000000000004,0.28816409615969973
-0.15200000000000002,-0.11828000000000007,0.28816409615969973
-0.13800000000000007,-0.13252000000000005,0.28816409615969973
-0.10800000000000001,-0.11496000000000006,0.28816409615969973
-0.15600000000000006,-0.1331800000000001,0.28816409615969973
-0.11600000000000005,-0.12248000000000006,0.28816409615969973
-0.14400000000000004,-0.13192000000000006,0.28816409615969973
-0.13800000000000007,-0.11368000000000007,0.28816409615969973
-0.12400000000000003,-0.1324000000000001,0.28816409615969973
-0.15400000000000008,-0.12964000000000003,0.28816409615969973
-0.13000000000000006,-0.1295000000000001,0.28816409615969973
-0.14400000000000004,-0.13328000000000007,0.28816409615969973
-0.15400000000000005,-0.11716000000000007,0.28816409615969973
-0.13600000000000007,-0.12888000000000005,0.28816409615969973
-0.09400000000000003,-0.12376000000000006,0.28816409615969973
-0.09000000000000002,-0.12214000000000007,0.28816409615969973
-0.18600000000000008,-0.12484000000000009,0.28816409615969973
-0.15200000000000005,-0.1440400000000001,0.28816409615969973
-0.11400000000000005,-0.12772000000000006,0.28816409615969973
-0.11000000000000003,-0.13974000000000006,0.28816409615969973
-0.11800000000000005,-0.12696000000000007,0.28816409615969973
-0.12000000000000004,-0.12132000000000005,0.28816409615969973
-0.11600000000000003,-0.11450000000000003,0.28816409615969973
-0.11800000000000005,-0.1395600000000001,0.28816409615969973
-0.13400000000000006,-0.1407000000000001,0.28816409615969973
-0.12400000000000003,-0.12958000000000006,0.28816409615969973
-0.12200000000000005,-0.11404000000000007,0.28816409615969973
-0.12600000000000006,-0.12204000000000005,0.28816409615969973
-0.11200000000000002,-0.1141600000000001,0.28816409615969973
-0.09800000000000003,-0.12228000000000007,0.28816409615969973
-0.12400000000000005,-0.11320000000000008,0.28816409615969973
-0.10000000000000003,-0.12646000000000007,0.28816409615969973
-0.12600000000000003,-0.12496000000000007,0.28816409615969973
-0.09600000000000002,-0.11616000000000005,0.28816409615969973
-0.12600000000000003,-0.12168000000000007,0.28816409615969973
-0.09600000000000003,-0.10896000000000003,0.28816409615969973
-0.14800000000000008,-0.12122000000000009,0.28816409615969973
-0.12800000000000003,-0.12000000000000005,0.28816409615969973
-0.10200000000000006,-0.13196000000000008,0.28816409615969973
-0.08400000000000002,-0.10708000000000008,0.28816409615969973
-0.15200000000000005,-0.13562000000000007,0.28816409615969973
-0.11600000000000002,-0.12660000000000007,0.28816409615969973
-0.17000000000000004,-0.11720000000000005,0.28816409615969973
-0.09400000000000001,-0.12202000000000007,0.28816409615969973
-0.10400000000000001,-0.12380000000000006,0.28816409615969973
-0.12000000000000004,-0.14018000000000008,0.28816409615969973
-0.13000000000000006,-0.11986000000000006,0.28816409615969973
-0.13600000000000007,-0.12676000000000007,0.28816409615969973
-0.11400000000000005,-0.11608000000000004,0.28816409615969973
-0.11200000000000004,-0.12216000000000007,0.28816409615969973
-0.15000000000000008,-0.12296000000000006,0.28816409615969973
-0.11400000000000003,-0.11974000000000007,0.28816409615969973
-0.15800000000000006,-0.1277600000000001,0.28816409615969973
-0.08400000000000002,-0.13404000000000005,0.28816409615969973
-0.12600000000000006,-0.13108000000000009,0.28816409615969973
-0.17000000000000007,-0.13358000000000006,0.28816409615969973
-0.098,-0.12440000000000007,0.28816409615969973
-0.15600000000000006,-0.12868000000000004,0.28816409615969973
-0.08000000000000003,-0.12074000000000007,0.28816409615969973
-0.11400000000000003,-0.13656000000000013,0.28816409615969973
-0.09800000000000003,-0.13530000000000006,0.28816409615969973
-0.16000000000000003,-0.13226000000000007,0.28816409615969973
-0.15400000000000008,-0.12428000000000006,0.28816409615969973
-0.11600000000000005,-0.13484000000000007,0.28816409615969973
-0.10200000000000004,-0.12392000000000009,0.28816409615969973
-0.09400000000000004,-0.12886000000000006,0.28816409615969973
-0.10600000000000004,-0.12364000000000007,0.28816409615969973
-0.14000000000000007,-0.12052000000000004,0.28816409615969973
-0.10000000000000002,-0.11654000000000007,0.28816409615969973
-0.13400000000000006,-0.13004000000000004,0.28816409615969973
-0.09000000000000002,-0.1304200000000001,0.28816409615969973
-0.11200000000000003,-0.12254000000000005,0.28816409615969973
-0.09000000000000004,-0.13272000000000006,0.28816409615969973
-0.16000000000000003,-0.12600000000000006,0.28816409615969973
-0.12000000000000002,-0.13406000000000007,0.28816409615969973
-0.09800000000000003,-0.13716000000000006,0.28816409615969973
-0.11800000000000005,-0.15134000000000006,0.28816409615969973
-0.12000000000000005,-0.13674000000000006,0.28816409615969973
-0.10800000000000004,-0.1341600000000001,0.28816409615969973
-0.12800000000000006,-0.13078000000000004,0.28816409615969973
-0.14600000000000005,-0.12934000000000007,0.28816409615969973
-0.12800000000000006,-0.14366000000000007,0.28816409615969973
-0.15200000000000008,-0.11498000000000007,0.28816409615969973
-0.13600000000000007,-0.12566000000000008,0.28816409615969973
-0.11600000000000006,-0.12430000000000005,0.28816409615969973
-0.10200000000000004,-0.11910000000000007,0.28816409615969973
-0.14800000000000008,-0.12638000000000005,0.28816409615969973
-0.11800000000000005,-0.11682000000000006,0.28816409615969973
-0.17000000000000004,-0.12368000000000001,0.28816409615969973
-0.10600000000000005,-0.1262600000000001,0.28816409615969973
-0.13800000000000007,-0.12650000000000006,0.28816409615969973
-0.10800000000000004,-0.12134000000000009,0.28816409615969973
-0.14600000000000007,-0.12518000000000004,0.28816409615969973
-0.17600000000000005,-0.1344200000000001,0.28816409615969973
-0.13200000000000006,-0.12292000000000008,0.28816409615969973
-0.09400000000000003,-0.13426000000000007,0.28816409615969973
-0.12000000000000002,-0.12154000000000008,0.28816409615969973
-0.09800000000000003,-0.13150000000000006,0.28816409615969973
-0.10400000000000004,-0.13326000000000007,0.28816409615969973
-0.13600000000000004,-0.11948000000000009,0.28816409615969973
-0.10800000000000004,-0.1241800000000001,0.28816409615969973
-0.12600000000000003,-0.13498000000000002,0.28816409615969973
-0.14400000000000007,-0.13130000000000008,0.28816409615969973
-0.13600000000000007,-0.13060000000000008,0.28816409615969973
-0.10000000000000002,-0.12690000000000007,0.28816409615969973
-0.15800000000000006,-0.13118000000000005,0.28816409615969973
-0.15000000000000002,-0.11980000000000009,0.28816409615969973
-0.15200000000000005,-0.1360600000000001,0.28816409615969973
-0.14800000000000002,-0.13240000000000007,0.28816409615969973
-0.13800000000000004,-0.12672000000000005,0.28816409615969973
-0.12000000000000005,-0.11442000000000006,0.28816409615969973
-0.12000000000000004,-0.11130000000000005,0.28816409615969973
-0.16200000000000006,-0.11442000000000004,0.28816409615969973
-0.11200000000000003,-0.11470000000000005,0.28816409615969973
-0.09800000000000003,-0.11122000000000007,0.28816409615969973
-0.14200000000000007,-0.11448000000000005,0.28816409615969973
-0.10000000000000003,-0.11838000000000008,0.28816409615969973
-0.11800000000000004,-0.11650000000000006,0.28816409615969973
-0.08800000000000002,-0.11866000000000007,0.28816409615969973
-0.09800000000000003,-0.11346000000000006,0.28816409615969973
-0.13000000000000006,-0.12196000000000005,0.28816409615969973
-0.1620000000000001,-0.11706000000000005,0.28816409615969973
-0.13200000000000006,-0.12030000000000006,0.28816409615969973
-0.09800000000000003,-0.10230000000000004,0.28816409615969973
-0.12200000000000005,-0.11996000000000008,0.28816409615969973
-0.138,-0.11754000000000007,0.28816409615969973
-0.12800000000000006,-0.11086000000000008,0.28816409615969973
-0.15200000000000005,-0.11648000000000007,0.28816409615969973
-0.11400000000000005,-0.11370000000000004,0.28816409615969973
-0.11800000000000004,-0.12408000000000008,0.28816409615969973
-0.15200000000000002,-0.11368000000000004,0.28816409615969973
-0.09800000000000003,-0.1285400000000001,0.28816409615969973
-0.14000000000000007,-0.12318000000000005,0.28816409615969973
-0.05400000000000002,-0.1237400000000001,0.28816409615969973
-0.10000000000000003,-0.1293400000000001,0.28816409615969973
-0.11600000000000003,-0.12028000000000007,0.28816409615969973
-0.15600000000000008,-0.12814000000000006,0.28816409615969973
-0.15000000000000008,-0.12770000000000006,0.28816409615969973
-0.12800000000000003,-0.13338000000000008,0.28816409615969973
-0.13600000000000007,-0.1362000000000001,0.28816409615969973
-0.10800000000000004,-0.12594000000000008,0.28816409615969973
-0.11800000000000004,-0.13422000000000006,0.28816409615969973
-0.15000000000000008,-0.12404000000000008,0.28816409615969973
-0.10400000000000004,-0.13170000000000007,0.28816409615969973
-0.11600000000000005,-0.12796000000000007,0.28816409615969973
-0.12200000000000003,-0.13532000000000005,0.28816409615969973
-0.11600000000000002,-0.1285000000000001,0.28816409615969973
-0.10600000000000004,-0.13058000000000006,0.28816409615969973
-0.12400000000000005,-0.12942000000000006,0.28816409615969973
-0.10400000000000005,-0.13068000000000005,0.28816409615969973
-0.09600000000000003,-0.12430000000000005,0.28816409615969973
-0.14600000000000005,-0.13078000000000012,0.28816409615969973
-0.11000000000000004,-0.12232000000000005,0.28816409615969973
-0.09600000000000003,-0.1361400000000001,0.28816409615969973
-0.13600000000000007,-0.13164000000000006,0.28816409615969973
-0.11800000000000005,-0.12552000000000008,0.28816409615969973
-0.09200000000000003,-0.12546000000000007,0.28816409615969973
-0.13800000000000004,-0.12738000000000005,0.28816409615969973
-0.14200000000000007,-0.13008000000000008,0.28816409615969973
-0.12000000000000002,-0.1287000000000001,0.28816409615969973
-0.15200000000000008,-0.1353600000000001,0.28816409615969973
-0.12200000000000004,-0.13580000000000006,0.28816409615969973
-0.12200000000000003,-0.13254000000000007,0.28816409615969973
-0.13800000000000004,-0.12756000000000006,0.28816409615969973
-0.15600000000000008,-0.13284000000000004,0.28816409615969973
-0.14200000000000007,-0.13676000000000008,0.28816409615969973
-0.11400000000000006,-0.11676000000000006,0.28816409615969973
-0.14200000000000004,-0.11496000000000006,0.28816409615969973
-0.15600000000000006,-0.11248000000000007,0.28816409615969973
-0.12200000000000004,-0.12396000000000006,0.28816409615969973
-0.14000000000000004,-0.11944000000000009,0.28816409615969973
-0.14000000000000007,-0.11794000000000007,0.28816409615969973
-0.09000000000000004,-0.12496000000000007,0.28816409615969973
-0.10400000000000004,-0.1226800000000001,0.28816409615969973
-0.12200000000000005,-0.13316000000000003,0.28816409615969973
-0.09200000000000003,-0.11692000000000007,0.28816409615969973
-0.16000000000000006,-0.12402000000000007,0.28816409615969973
-0.12800000000000006,-0.11592000000000004,0.28816409615969973
-0.10600000000000005,-0.1291600000000001,0.28816409615969973
-0.07200000000000002,-0.10596000000000005,0.28816409615969973
-0.13200000000000006,-0.12862000000000007,0.28816409615969973
-0.11600000000000005,-0.13144000000000006,0.28816409615969973
-0.13000000000000003,-0.1212400000000001,0.28816409615969973
-0.12600000000000006,-0.12442000000000004,0.28816409615969973
-0.14000000000000007,-0.1277600000000001,0.28816409615969973
-0.12400000000000003,-0.13946000000000008,0.28816409615969973
-0.15000000000000002,-0.12058000000000005,0.28816409615969973
-0.10400000000000004,-0.12360000000000008,0.28816409615969973
-0.15000000000000008,-0.11424000000000006,0.28816409615969973
-0.08800000000000004,-0.12392000000000006,0.28816409615969973
-0.10200000000000004,-0.13080000000000008,0.28816409615969973
-0.13800000000000007,-0.11634000000000003,0.28816409615969973
-0.15400000000000008,-0.11676000000000009,0.28816409615969973
-0.13200000000000003,-0.13096000000000008,0.28816409615969973
-0.13400000000000006,-0.12488000000000007,0.28816409615969973
-0.17800000000000005,-0.12726000000000007,0.28816409615969973
-0.11800000000000002,-0.12136000000000007,0.28816409615969973
-0.14400000000000004,-0.12612000000000007,0.28816409615969973
-0.14800000000000005,-0.10966000000000004,0.28816409615969973
-0.14600000000000007,-0.13704000000000008,0.28816409615969973
-0.12200000000000005,-0.13078000000000006,0.28816409615969973
-0.16000000000000006,-0.12566000000000008,0.28816409615969973
-0.138,-0.12540000000000007,0.28816409615969973
-0.09600000000000003,-0.13588000000000008,0.28816409615969973
-0.11400000000000005,-0.12800000000000006,0.28816409615969973
-0.13000000000000006,-0.13266000000000008,0.28816409615969973
-0.09000000000000001,-0.13272000000000006,0.28816409615969973
-0.11600000000000005,-0.1322400000000001,0.28816409615969973
-0.16400000000000006,-0.12230000000000006,0.28816409615969973
-0.14600000000000007,-0.1409600000000001,0.28816409615969973
-0.15000000000000008,-0.14034000000000008,0.28816409615969973
-0.12400000000000003,-0.12342000000000006,0.28816409615969973
-0.09800000000000003,-0.12912000000000007,0.28816409615969973
-0.11200000000000003,-0.12000000000000009,0.28816409615969973
-0.15200000000000005,-0.11994000000000006,0.28816409615969973
-0.10200000000000004,-0.13452000000000006,0.28816409615969973
-0.11400000000000005,-0.1433000000000001,0.28816409615969973
-0.13200000000000003,-0.1296600000000001,0.28816409615969973
-0.14000000000000004,-0.1362800000000001,0.28816409615969973
-0.18400000000000005,-0.13590000000000008,0.28816409615969973
-0.17800000000000005,-0.12766000000000002,0.28816409615969973
-0.14800000000000005,-0.14494000000000015,0.28816409615969973
-0.15000000000000008,-0.12044000000000005,0.28816409615969973
-0.14800000000000008,-0.11808000000000005,0.28816409615969973
-0.11000000000000003,-0.11988000000000004,0.28816409615969973
-0.16000000000000006,-0.11924000000000007,0.28816409615969973
-0.17200000000000004,-0.11970000000000004,0.28816409615969973
-0.16800000000000007,-0.11724000000000008,0.28816409615969973
-0.11400000000000005,-0.11964000000000008,0.28816409615969973
-0.11200000000000004,-0.10860000000000004,0.28816409615969973
-0.18000000000000005,-0.12486000000000007,0.28816409615969973
-0.14000000000000004,-0.12144000000000008,0.28816409615969973
-0.14600000000000005,-0.11820000000000006,0.28816409615969973
-0.14200000000000004,-0.12034000000000006,0.28816409615969973
-0.12400000000000003,-0.12380000000000005,0.28816409615969973
-0.08400000000000002,-0.1285400000000001,0.28816409615969973
-0.15000000000000005,-0.11766000000000004,0.28816409615969973
-0.14400000000000007,-0.12448000000000008,0.28816409615969973
-0.15000000000000008,-0.12788000000000005,0.28816409615969973
-0.13200000000000006,-0.10976000000000007,0.28816409615969973
-0.13200000000000006,-0.13230000000000006,0.28816409615969973
-0.12000000000000002,-0.12844000000000005,0.28816409615969973
-0.09400000000000003,-0.11948000000000003,0.28816409615969973
-0.12600000000000003,-0.12606000000000006,0.28816409615969973
-0.14800000000000008,-0.12696000000000007,0.28816409615969973
-0.11200000000000002,-0.13638000000000008,0.28816409615969973
-0.1940000000000001,-0.11946000000000007,0.28816409615969973
-0.12800000000000003,-0.12812000000000004,0.28816409615969973
-0.14600000000000005,-0.11116000000000006,0.28816409615969973
-0.17000000000000004,-0.1297800000000001,0.28816409615969973
-0.13600000000000007,-0.11188000000000003,0.28816409615969973
-0.10800000000000003,-0.14326000000000008,0.28816409615969973
-0.14600000000000007,-0.11906000000000004,0.28816409615969973
-0.15800000000000003,-0.12912000000000007,0.28816409615969973
-0.14600000000000005,-0.1383000000000001,0.28816409615969973
-0.17600000000000007,-0.12606000000000006,0.28816409615969973
-0.11400000000000006,-0.12970000000000007,0.28816409615969973
-0.13800000000000007,-0.11832000000000006,0.28816409615969973
-0.12800000000000003,-0.12580000000000008,0.28816409615969973
-0.10600000000000004,-0.12848000000000007,0.28816409615969973
-0.12200000000000005,-0.13186000000000006,0.28816409615969973
-0.11400000000000003,-0.11864000000000005,0.28816409615969973
-0.12400000000000005,-0.12880000000000005,0.28816409615969973
-0.13200000000000006,-0.11798000000000006,0.28816409615969973
-0.10600000000000004,-0.13500000000000006,0.28816409615969973
-0.11000000000000004,-0.13046000000000008,0.28816409615969973
-0.13200000000000006,-0.1255400000000001,0.28816409615969973
-0.11800000000000002,-0.12832000000000007,0.28816409615969973
-0.16400000000000003,-0.12960000000000005,0.28816409615969973
-0.1800000000000001,-0.1303400000000001,0.28816409615969973
-0.11400000000000002,-0.13768000000000008,0.28816409615969973
-0.15800000000000008,-0.1381400000000001,0.28816409615969973
-0.16000000000000006,-0.13882000000000008,0.28816409615969973
-0.08800000000000002,-0.13704000000000008,0.28816409615969973
-0.14000000000000007,-0.1290600000000001,0.28816409615969973
-0.1740000000000001,-0.13090000000000007,0.28816409615969973
-0.12800000000000003,-0.14286000000000007,0.28816409615969973
-0.12600000000000006,-0.13368000000000005,0.28816409615969973
-0.17200000000000004,-0.13260000000000008,0.28816409615969973
-0.11200000000000004,-0.1357800000000001,0.28816409615969973
-0.14200000000000007,-0.13536000000000012,0.28816409615969973
-0.12600000000000003,-0.1449000000000001,0.28816409615969973
-0.16000000000000006,-0.1339400000000001,0.28816409615969973
-0.14800000000000008,-0.13788000000000006,0.28816409615969973
-0.10000000000000003,-0.13858000000000006,0.28816409615969973
-0.15000000000000008,-0.13334000000000007,0.28816409615969973
-0.14000000000000004,-0.14302000000000012,0.28816409615969973
-0.16000000000000006,-0.13432000000000008,0.28816409615969973
-0.13600000000000007,-0.1444200000000001,0.28816409615969973
-0.1660000000000001,-0.13870000000000005,0.28816409615969973
-0.15600000000000006,-0.14690000000000009,0.28816409615969973
-0.21400000000000008,-0.1448600000000001,0.28816409615969973
-0.15400000000000003,-0.12682000000000007,0.28816409615969973
-0.14,-0.12682000000000007,0.28816409615969973
-0.09600000000000004,-0.12302000000000006,0.28816409615969973
-0.09200000000000003,-0.1302600000000001,0.28816409615969973
-0.03,-0.12030000000000007,0.28816409615969973
-0.11600000000000005,-0.12938000000000008,0.28816409615969973
-0.15000000000000005,-0.13406000000000007,0.28816409615969973
-0.13000000000000006,-0.12456000000000005,0.28816409615969973
-0.11400000000000005,-0.11910000000000008,0.28816409615969973
-0.14200000000000007,-0.11038000000000003,0.28816409615969973
-0.09800000000000002,-0.11722000000000005,0.28816409615969973
-0.13200000000000003,-0.11290000000000003,0.28816409615969973
-0.13800000000000007,-0.12466000000000008,0.28816409615969973
-0.16800000000000007,-0.11734000000000006,0.28816409615969973
-0.17200000000000007,-0.12500000000000008,0.28816409615969973
-0.07200000000000004,-0.12050000000000005,0.28816409615969973
-0.12000000000000002,-0.13166000000000005,0.28816409615969973
-0.09800000000000005,-0.12066000000000004,0.28816409615969973
-0.10400000000000004,-0.12730000000000005,0.28816409615969973
-0.12200000000000003,-0.1442200000000001,0.28816409615969973
-0.08600000000000005,-0.12528000000000006,0.28816409615969973
-0.11200000000000002,-0.12322000000000002,0.28816409615969973
-0.06600000000000002,-0.11154000000000007,0.28816409615969973
-0.08400000000000005,-0.11726000000000006,0.28816409615969973
-0.16600000000000006,-0.12238000000000009,0.28816409615969973
-0.07800000000000001,-0.11724000000000008,0.28816409615969973
-0.07800000000000001,-0.12406000000000005,0.28816409615969973
-0.11200000000000004,-0.12958000000000006,0.28816409615969973
-0.12600000000000003,-0.1341400000000001,0.28816409615969973
-0.08600000000000002,-0.1297600000000001,0.28816409615969973
-0.06200000000000003,-0.11934000000000006,0.28816409615969973
-0.12400000000000003,-0.12922000000000008,0.28816409615969973
-0.10000000000000003,-0.11368000000000007,0.28816409615969973
-0.17400000000000007,-0.13202000000000005,0.28816409615969973
-0.13000000000000003,-0.13180000000000006,0.28816409615969973
-0.13200000000000003,-0.1321200000000001,0.28816409615969973
-0.16400000000000006,-0.12072000000000008,0.28816409615969973
-0.16000000000000006,-0.11916000000000003,0.28816409615969973
-0.12800000000000003,-0.12084000000000007,0.28816409615969973
-0.15000000000000002,-0.11484000000000004,0.28816409615969973
-0.17200000000000004,-0.1360400000000001,0.28816409615969973
-0.17000000000000007,-0.1280800000000001,0.28816409615969973
-0.18600000000000008,-0.13290000000000007,0.28816409615969973
-0.13800000000000007,-0.11720000000000007,0.28816409615969973
-0.07800000000000001,-0.12120000000000006,0.28816409615969973
-0.14800000000000002,-0.11052000000000005,0.28816409615969973
-0.14600000000000005,-0.12756000000000006,0.28816409615969973
-0.20400000000000007,-0.1328000000000001,0.28816409615969973
-0.11600000000000002,-0.12190000000000006,0.28816409615969973
-0.11800000000000002,-0.1256800000000001,0.28816409615969973
-0.14000000000000004,-0.11184000000000006,0.28816409615969973
-0.16600000000000004,-0.13084000000000007,0.28816409615969973
-0.15200000000000002,-0.12916000000000002,0.28816409615969973
-0.12400000000000003,-0.12390000000000011,0.28816409615969973
-0.10800000000000004,-0.11288000000000006,0.28816409615969973
-0.14200000000000002,-0.13608000000000006,0.28816409615969973
-0.13200000000000003,-0.12688000000000005,0.28816409615969973
-0.12000000000000004,-0.13246000000000008,0.28816409615969973
-0.08800000000000004,-0.12304000000000007,0.28816409615969973
-0.13400000000000006,-0.12452000000000008,0.28816409615969973
-0.13800000000000007,-0.11086000000000007,0.28816409615969973
-0.16800000000000004,-0.14572000000000007,0.28816409615969973
-0.17600000000000005,-0.14154000000000008,0.28816409615969973
-0.11400000000000005,-0.13490000000000005,0.28816409615969973
-0.12000000000000004,-0.11568000000000007,0.28816409615969973
-0.12400000000000005,-0.11976000000000006,0.28816409615969973
-0.15400000000000005,-0.12176000000000005,0.28816409615969973
-0.15200000000000008,-0.1250800000000001,0.28816409615969973
-0.17400000000000004,-0.12752000000000008,0.28816409615969973
-0.16600000000000006,-0.13074000000000005,0.28816409615969973
-0.14000000000000007,-0.12100000000000011,0.28816409615969973
-0.10600000000000004,-0.11360000000000003,0.28816409615969973
-0.14800000000000005,-0.12344000000000004,0.28816409615969973
-0.1620000000000001,-0.11928000000000008,0.28816409615969973
-0.14200000000000004,-0.12382000000000006,0.28816409615969973
-0.09800000000000003,-0.11680000000000006,0.28816409615969973
-0.14000000000000007,-0.12820000000000006,0.28816409615969973
-0.16600000000000004,-0.11268000000000006,0.28816409615969973
-0.17800000000000007,-0.13710000000000008,0.28816409615969973
-0.15000000000000008,-0.1250400000000001,0.28816409615969973
-0.20000000000000007,-0.12756000000000006,0.28816409615969973
-0.16400000000000006,-0.13042000000000006,0.28816409615969973
-0.12200000000000003,-0.13544000000000006,0.28816409615969973
-0.16200000000000003,-0.1440200000000001,0.28816409615969973
-0.18400000000000008,-0.13602000000000009,0.28816409615969973
-0.11400000000000002,-0.12116000000000006,0.28816409615969973
-0.07200000000000001,-0.11484000000000004,0.28816409615969973
-0.09000000000000002,-0.11852000000000004,0.28816409615969973
-0.18800000000000006,-0.12756000000000006,0.28816409615969973
-0.08000000000000003,-0.1179800000000001,0.28816409615969973
-0.10000000000000003,-0.12300000000000007,0.28816409615969973
-0.10200000000000004,-0.12744000000000008,0.28816409615969973
-0.17200000000000007,-0.1402400000000001,0.28816409615969973
-0.14400000000000004,-0.13310000000000008,0.28816409615969973
-0.12800000000000003,-0.11864000000000005,0.28816409615969973
-0.21400000000000008,-0.13164000000000012,0.28816409615969973
-0.1620000000000001,-0.12006000000000007,0.28816409615969973
-0.15200000000000002,-0.14464000000000007,0.28816409615969973
-0.14400000000000004,-0.13822000000000012,0.28816409615969973
-0.15400000000000005,-0.13998000000000005,0.28816409615969973
-0.096,-0.11232000000000006,0.28816409615969973
-0.10200000000000002,-0.12888000000000008,0.28816409615969973
-0.14800000000000008,-0.12756000000000006,0.28816409615969973
-0.10800000000000004,-0.13302000000000008,0.28816409615969973
-0.12000000000000005,-0.11740000000000006,0.28816409615969973
-0.16600000000000006,-0.12084000000000009,0.28816409615969973
-0.07800000000000001,-0.11730000000000008,0.28816409615969973
-0.12400000000000003,-0.13676000000000008,0.28816409615969973
-0.11200000000000004,-0.13478000000000012,0.28816409615969973
-0.11400000000000005,-0.13002000000000008,0.28816409615969973
-0.10400000000000004,-0.12296000000000007,0.28816409615969973
-0.17000000000000007,-0.12984000000000007,0.28816409615969973
-0.11400000000000003,-0.1277000000000001,0.28816409615969973
-0.12800000000000003,-0.13868000000000008,0.28816409615969973
-0.13200000000000003,-0.1477000000000001,0.28816409615969973
-0.16200000000000006,-0.14438000000000006,0.28816409615969973
-0.11800000000000005,-0.14180000000000012,0.28816409615969973
-0.13800000000000004,-0.13414000000000006,0.28816409615969973
-0.16800000000000007,-0.13694000000000006,0.28816409615969973
-0.15400000000000008,-0.15662000000000012,0.28816409615969973
-0.15800000000000006,-0.12298000000000008,0.28816409615969973
-0.13400000000000004,-0.13022000000000009,0.28816409615969973
-0.09800000000000003,-0.12118000000000004,0.28816409615969973
-0.12000000000000002,-0.11850000000000008,0.28816409615969973
-0.19400000000000006,-0.13218000000000008,0.28816409615969973
-0.16000000000000003,-0.13006000000000006,0.28816409615969973
-0.16400000000000006,-0.12672000000000005,0.28816409615969973
-0.10000000000000003,-0.1261400000000001,0.28816409615969973
-0.10800000000000004,-0.12510000000000004,0.28816409615969973
-0.09800000000000002,-0.11342000000000008,0.28816409615969973
-0.14000000000000007,-0.12606000000000006,0.28816409615969973
-0.134,-0.14242000000000007,0.28816409615969973
-0.10600000000000001,-0.12304000000000008,0.28816409615969973
-0.12000000000000005,-0.12694000000000005,0.28816409615969973
-0.08600000000000002,-0.11970000000000007,0.28816409615969973
-0.11600000000000002,-0.1304600000000001,0.28816409615969973
-0.13400000000000004,-0.14150000000000004,0.28816409615969973
-0.09400000000000003,-0.12424000000000007,0.28816409615969973
-0.04200000000000001,-0.11394000000000006,0.28816409615969973
-0.12000000000000002,-0.1317000000000001,0.28816409615969973
-0.16600000000000006,-0.13666000000000006,0.28816409615969973
-0.08600000000000002,-0.12888000000000005,0.28816409615969973
-0.11400000000000005,-0.12190000000000005,0.28816409615969973
-0.08800000000000004,-0.12682000000000004,0.28816409615969973
-0.08800000000000002,-0.11516000000000005,0.28816409615969973
-0.19000000000000006,-0.14354000000000008,0.28816409615969973
-0.14600000000000002,-0.13536000000000006,0.28816409615969973
-0.13200000000000006,-0.1368000000000001,0.28816409615969973
-0.13000000000000006,-0.12250000000000005,0.28816409615969973
-0.11400000000000003,-0.11290000000000007,0.28816409615969973
-0.12800000000000003,-0.11390000000000007,0.28816409615969973
-0.14600000000000007,-0.12114000000000005,0.28816409615969973
-0.12800000000000003,-0.13022000000000009,0.28816409615969973
-0.10800000000000004,-0.12088000000000006,0.28816409615969973
-0.09400000000000003,-0.1180600000000001,0.28816409615969973
-0.08400000000000002,-0.11358000000000003,0.28816409615969973
-0.13800000000000007,-0.12318000000000007,0.28816409615969973
-0.08000000000000002,-0.12342000000000007,0.28816409615969973
-0.12000000000000004,-0.12180000000000007,0.28816409615969973
-0.07200000000000004,-0.10982000000000004,0.28816409615969973
-0.10200000000000004,-0.12090000000000008,0.28816409615969973
-0.11200000000000004,-0.11570000000000004,0.28816409615969973
-0.08000000000000004,-0.12188000000000004,0.28816409615969973
-0.12800000000000006,-0.12210000000000006,0.28816409615969973
-0.11400000000000005,-0.12790000000000004,0.28816409615969973
-0.11400000000000006,-0.11828000000000004,0.28816409615969973
-0.1600000000000001,-0.12842000000000006,0.28816409615969973
-0.15600000000000003,-0.13180000000000008,0.28816409615969973
-0.15400000000000003,-0.12484000000000009,0.28816409615969973
-0.11200000000000002,-0.12986000000000011,0.28816409615969973
-0.11000000000000004,-0.11990000000000008,0.28816409615969973
-0.08400000000000003,-0.12294000000000006,0.28816409615969973
-0.11000000000000004,-0.13526000000000007,0.28816409615969973
-0.10200000000000002,-0.12192000000000003,0.28816409615969973
-0.12600000000000006,-0.11814000000000005,0.28816409615969973
-0.12400000000000005,-0.12794000000000008,0.28816409615969973
-0.16200000000000003,-0.1419400000000001,0.28816409615969973
-0.09800000000000003,-0.13256000000000007,0.28816409615969973
-0.11800000000000002,-0.12318000000000005,0.28816409615969973
-0.12400000000000003,-0.1353000000000001,0.28816409615969973
-0.14800000000000002,-0.12036000000000006,0.28816409615969973
-0.098,-0.14374000000000006,0.28816409615969973
-0.15000000000000002,-0.1343600000000001,0.28816409615969973
-0.08800000000000002,-0.1424400000000001,0.28816409615969973
-0.13400000000000006,-0.11858000000000005,0.28816409615969973
-0.14400000000000004,-0.12562000000000004,0.28816409615969973
-0.17400000000000007,-0.13238000000000008,0.28816409615969973
-0.12200000000000005,-0.1279200000000001,0.28816409615969973
-0.10600000000000004,-0.12386000000000005,0.28816409615969973
-0.15200000000000005,-0.12914000000000006,0.28816409615969973
-0.10000000000000003,-0.12144000000000009,0.28816409615969973
-0.12200000000000005,-0.13778000000000007,0.28816409615969973
-0.13000000000000003,-0.13188000000000005,0.28816409615969973
-0.12400000000000003,-0.12992000000000012,0.28816409615969973
-0.10200000000000004,-0.12182000000000007,0.28816409615969973
-0.14400000000000004,-0.12846000000000005,0.28816409615969973
-0.08400000000000002,-0.12368000000000004,0.28816409615969973
-0.15400000000000008,-0.13634000000000004,0.28816409615969973
-0.12200000000000005,-0.13768000000000008,0.28816409615969973
-0.13600000000000007,-0.13716000000000012,0.28816409615969973
-0.12800000000000003,-0.14022000000000012,0.28816409615969973
-0.12800000000000003,-0.12840000000000007,0.28816409615969973
-0.14200000000000002,-0.13496000000000005,0.28816409615969973
-0.15600000000000008,-0.1465600000000001,0.28816409615969973
-0.12800000000000006,-0.11664000000000005,0.28816409615969973
-0.08400000000000002,-0.10828000000000004,0.28816409615969973
-0.17400000000000007,-0.10808000000000005,0.28816409615969973
-0.15200000000000008,-0.1239600000000001,0.28816409615969973
-0.1660000000000001,-0.12832000000000005,0.28816409615969973
-0.11000000000000006,-0.11974000000000007,0.28816409615969973
-0.12800000000000006,-0.11572000000000002,0.28816409615969973
-0.09000000000000004,-0.11396000000000005,0.28816409615969973
-0.16800000000000004,-0.13540000000000008,0.28816409615969973
-0.15000000000000005,-0.1262000000000001,0.28816409615969973
-0.15400000000000003,-0.12822000000000008,0.28816409615969973
-0.09800000000000003,-0.10424000000000005,0.28816409615969973
-0.12800000000000006,-0.12436000000000005,0.28816409615969973
-0.10600000000000004,-0.11188000000000005,0.28816409615969973
-0.1660000000000001,-0.12266000000000005,0.28816409615969973
-0.19800000000000006,-0.12316000000000007,0.28816409615969973
-0.1600000000000001,-0.12400000000000008,0.28816409615969973
-0.15600000000000003,-0.11746000000000004,0.28816409615969973
-0.19000000000000009,-0.13924000000000009,0.28816409615969973
-0.15800000000000003,-0.1454600000000001,0.28816409615969973
-0.14800000000000008,-0.1290600000000001,0.28816409615969973
-0.09000000000000002,-0.11584000000000003,0.28816409615969973
-0.10000000000000002,-0.10516000000000006,0.28816409615969973
-0.12200000000000005,-0.12276000000000006,0.28816409615969973
-0.14800000000000005,-0.13012000000000007,0.28816409615969973
-0.12000000000000002,-0.11514000000000003,0.28816409615969973
-0.09600000000000003,-0.09976000000000002,0.28816409615969973
-0.11800000000000004,-0.12356000000000009,0.28816409615969973
-0.13200000000000003,-0.12388000000000005,0.28816409615969973
-0.12800000000000006,-0.11910000000000004,0.28816409615969973
-0.14800000000000005,-0.11456000000000004,0.28816409615969973
-0.2020000000000001,-0.11932000000000005,0.28816409615969973
-0.15800000000000006,-0.10970000000000006,0.28816409615969973
-0.20000000000000007,-0.14040000000000008,0.28816409615969973
-0.14400000000000007,-0.13642000000000007,0.28816409615969973
-0.09800000000000005,-0.13058000000000003,0.28816409615969973
-0.11200000000000004,-0.10704000000000005,0.28816409615969973
-0.1620000000000001,-0.1311200000000001,0.28816409615969973
-0.16000000000000003,-0.12524000000000007,0.28816409615969973
-0.12000000000000004,-0.12234000000000007,0.28816409615969973
-0.13600000000000004,-0.11848000000000004,0.28816409615969973
-0.11000000000000003,-0.12016000000000004,0.28816409615969973
-0.08600000000000002,-0.11218000000000004,0.28816409615969973
-0.16800000000000007,-0.14256000000000008,0.28816409615969973
-0.18000000000000005,-0.13806000000000007,0.28816409615969973
-0.13400000000000004,-0.12722000000000008,0.28816409615969973
-0.12000000000000002,-0.11544000000000006,0.28816409615969973
-0.09800000000000003,-0.11936000000000005,0.28816409615969973
-0.11400000000000005,-0.11078000000000003,0.28816409615969973
-0.14000000000000004,-0.13516000000000006,0.28816409615969973
-0.16000000000000003,-0.1393400000000001,0.28816409615969973
-0.11000000000000004,-0.13226000000000013,0.28816409615969973
-0.14200000000000007,-0.13608000000000006,0.28816409615969973
-0.14600000000000002,-0.12942000000000006,0.28816409615969973
-0.13600000000000007,-0.12422000000000005,0.28816409615969973
-0.15800000000000003,-0.15222000000000008,0.28816409615969973
-0.11200000000000004,-0.11680000000000003,0.28816409615969973
-0.13800000000000007,-0.10808000000000008,0.28816409615969973
-0.18400000000000008,-0.11740000000000007,0.28816409615969973
-0.16600000000000006,-0.12476000000000009,0.28816409615969973
-0.13000000000000006,-0.11902000000000006,0.28816409615969973
-0.07800000000000003,-0.10724000000000007,0.28816409615969973
-0.13200000000000006,-0.11660000000000005,0.28816409615969973
-0.19000000000000006,-0.1175600000000001,0.28816409615969973
-0.1620000000000001,-0.12162000000000008,0.28816409615969973
-0.17000000000000007,-0.12068000000000009,0.28816409615969973
-0.18800000000000008,-0.1307200000000001,0.28816409615969973
-0.13600000000000004,-0.12122000000000005,0.28816409615969973
-0.14600000000000007,-0.1326400000000001,0.28816409615969973
-0.13800000000000007,-0.13334000000000007,0.28816409615969973
-0.15200000000000005,-0.13166000000000005,0.28816409615969973
-0.07800000000000003,-0.11184000000000006,0.28816409615969973
-0.17600000000000007,-0.12028000000000007,0.28816409615969973
-0.13800000000000004,-0.11616000000000007,0.28816409615969973
-0.13000000000000006,-0.1312200000000001,0.28816409615969973
-0.14200000000000004,-0.11976000000000005,0.28816409615969973
-0.12800000000000006,-0.1249600000000001,0.28816409615969973
-0.12000000000000006,-0.12046000000000005,0.28816409615969973
-0.16200000000000003,-0.1330800000000001,0.28816409615969973
-0.16600000000000004,-0.13870000000000007,0.28816409615969973
-0.11600000000000005,-0.1291400000000001,0.28816409615969973
-0.11800000000000002,-0.11768000000000003,0.28816409615969973
-0.16400000000000006,-0.11936000000000005,0.28816409615969973
-0.10000000000000005,-0.12026000000000005,0.28816409615969973
-0.12600000000000006,-0.12144000000000006,0.28816409615969973
-0.17000000000000007,-0.1374200000000001,0.28816409615969973
-0.15600000000000003,-0.12650000000000006,0.28816409615969973
-0.19200000000000006,-0.13792000000000007,0.28816409615969973
-0.12400000000000004,-0.13546000000000005,0.28816409615969973
-0.16600000000000004,-0.13202000000000008,0.28816409615969973
-0.09200000000000001,-0.14838000000000015,0.28816409615969973
-0.10800000000000001,-0.10636000000000008,0.28816409615969973
-0.11800000000000005,-0.12096000000000005,0.28816409615969973
-0.18800000000000006,-0.12948000000000004,0.28816409615969973
-0.14800000000000005,-0.12658000000000005,0.28816409615969973
-0.18000000000000008,-0.11552000000000007,0.28816409615969973
-0.20200000000000007,-0.12496000000000007,0.28816409615969973
-0.15400000000000005,-0.11258000000000007,0.28816409615969973
-0.14000000000000007,-0.13676000000000008,0.28816409615969973
-0.13600000000000007,-0.12914000000000006,0.28816409615969973
-0.15400000000000005,-0.1347800000000001,0.28816409615969973
-0.09600000000000004,-0.11416000000000007,0.28816409615969973
-0.20200000000000007,-0.1246400000000001,0.28816409615969973
-0.13000000000000006,-0.11958000000000005,0.28816409615969973
-0.13200000000000006,-0.13520000000000004,0.28816409615969973
-0.15200000000000005,-0.13970000000000007,0.28816409615969973
-0.16600000000000006,-0.14342000000000005,0.28816409615969973
-0.15000000000000005,-0.1345200000000001,0.28816409615969973
-0.14600000000000005,-0.1250600000000001,0.28816409615969973
-0.17600000000000005,-0.1344200000000001,0.28816409615969973
-0.14200000000000007,-0.1504600000000001,0.28816409615969973
-0.11200000000000004,-0.11504000000000006,0.28816409615969973
-0.13800000000000004,-0.12212000000000009,0.28816409615969973
-0.09400000000000003,-0.12118000000000007,0.28816409615969973
-0.15200000000000005,-0.13296000000000005,0.28816409615969973
-0.15200000000000005,-0.1379800000000001,0.28816409615969973
-0.13400000000000006,-0.1384600000000001,0.28816409615969973
-0.1700000000000001,-0.13576000000000008,0.28816409615969973
-0.15400000000000008,-0.1286600000000001,0.28816409615969973
-0.15200000000000008,-0.13374000000000005,0.28816409615969973
-0.13800000000000007,-0.14942000000000005,0.28816409615969973
-0.14200000000000007,-0.1320400000000001,0.28816409615969973
-0.13400000000000004,-0.13122000000000006,0.28816409615969973
-0.17600000000000005,-0.13262000000000007,0.28816409615969973
-0.13800000000000004,-0.15474000000000013,0.28816409615969973
-0.17600000000000007,-0.1468200000000001,0.28816409615969973
-0.1920000000000001,-0.11986000000000004,0.28816409615969973
-0.15600000000000006,-0.11698000000000008,0.28816409615969973
-0.16000000000000006,-0.11874000000000008,0.28816409615969973
-0.15000000000000005,-0.11414000000000006,0.28816409615969973
-0.14400000000000004,-0.11878000000000008,0.28816409615969973
-0.14600000000000005,-0.11438000000000004,0.28816409615969973
-0.15400000000000005,-0.12360000000000007,0.28816409615969973
-0.09800000000000003,-0.11818000000000006,0.28816409615969973
-0.10600000000000004,-0.12698000000000007,0.28816409615969973
-0.12800000000000006,-0.11674000000000005,0.28816409615969973
-0.12200000000000003,-0.1297000000000001,0.28816409615969973
-0.16000000000000006,-0.1365800000000001,0.28816409615969973
-0.10400000000000004,-0.12456000000000003,0.28816409615969973
-0.11400000000000006,-0.12206000000000004,0.28816409615969973
-0.10400000000000004,-0.11418000000000006,0.28816409615969973
-0.10200000000000005,-0.11742000000000005,0.28816409615969973
-0.10000000000000005,-0.12050000000000004,0.28816409615969973
-0.07200000000000004,-0.11548000000000004,0.28816409615969973
-0.10000000000000003,-0.11762000000000006,0.28816409615969973
-0.11400000000000003,-0.12794000000000005,0.28816409615969973
-0.14000000000000004,-0.12638000000000005,0.28816409615969973
-0.11200000000000004,-0.12660000000000007,0.28816409615969973
-0.08400000000000002,-0.11822000000000005,0.28816409615969973
-0.07800000000000001,-0.12518000000000007,0.28816409615969973
-0.07400000000000002,-0.11624000000000004,0.28816409615969973
-0.10800000000000004,-0.13326000000000005,0.28816409615969973
-0.09200000000000003,-0.12628000000000006,0.28816409615969973
-0.09000000000000002,-0.12320000000000009,0.28816409615969973
-0.1600000000000001,-0.11134000000000008,0.28816409615969973
-0.12000000000000005,-0.11710000000000007,0.28816409615969973
-0.19000000000000006,-0.11586000000000005,0.28816409615969973
-0.11200000000000004,-0.11430000000000003,0.28816409615969973
-0.14600000000000005,-0.11446000000000003,0.28816409615969973
-0.11400000000000005,-0.11936000000000006,0.28816409615969973
-0.16000000000000003,-0.10950000000000006,0.28816409615969973
-0.11800000000000005,-0.10502000000000004,0.28816409615969973
-0.14000000000000004,-0.10678000000000006,0.28816409615969973
-0.1660000000000001,-0.10250000000000005,0.28816409615969973
-0.12200000000000004,-0.11360000000000006,0.28816409615969973
-0.13800000000000007,-0.11006000000000006,0.28816409615969973
-0.10400000000000001,-0.11034000000000005,0.28816409615969973
-0.13400000000000006,-0.09998000000000005,0.28816409615969973
-0.12200000000000005,-0.11592000000000006,0.28816409615969973
-0.14600000000000005,-0.11274000000000002,0.28816409615969973
-0.1600000000000001,-0.11010000000000005,0.28816409615969973
-0.14000000000000007,-0.11296000000000007,0.28816409615969973
-0.13400000000000004,-0.10710000000000004,0.28816409615969973
-0.12600000000000006,-0.12080000000000007,0.28816409615969973
-0.09600000000000003,-0.11180000000000004,0.28816409615969973
-0.09800000000000002,-0.12386000000000007,0.28816409615969973
-0.09600000000000006,-0.1166200000000001,0.28816409615969973
-0.03800000000000002,-0.11734000000000001,0.28816409615969973
-0.12400000000000005,-0.12338000000000006,0.28816409615969973
-0.06400000000000003,-0.11612000000000007,0.28816409615969973
-0.15200000000000008,-0.12734000000000004,0.28816409615969973
-0.08600000000000002,-0.13122000000000006,0.28816409615969973
-0.13600000000000007,-0.1343000000000001,0.28816409615969973
-0.06000000000000001,-0.13828000000000004,0.28816409615969973
-0.11200000000000002,-0.12270000000000006,0.28816409615969973
-0.13800000000000007,-0.1318200000000001,0.28816409615969973
-0.14200000000000004,-0.12288000000000009,0.28816409615969973
-0.12000000000000002,-0.1345800000000001,0.28816409615969973
-0.08800000000000001,-0.12744000000000005,0.28816409615969973
-0.10200000000000001,-0.13412000000000007,0.28816409615969973
-0.07600000000000004,-0.11374000000000006,0.28816409615969973
-0.15000000000000002,-0.11582000000000008,0.28816409615969973
-0.12800000000000003,-0.11686000000000005,0.28816409615969973
-0.07200000000000002,-0.11736000000000009,0.28816409615969973
-0.07200000000000001,-0.10982000000000006,0.28816409615969973
-0.18600000000000008,-0.11458000000000004,0.28816409615969973
-0.07400000000000002,-0.10912000000000002,0.28816409615969973
-0.14800000000000005,-0.11802000000000004,0.28816409615969973
-0.11200000000000004,-0.12148000000000005,0.28816409615969973
-0.10200000000000004,-0.11756000000000007,0.28816409615969973
-0.08400000000000002,-0.12178000000000004,0.28816409615969973
-0.1620000000000001,-0.12006000000000004,0.28816409615969973
-0.13000000000000006,-0.12608000000000008,0.28816409615969973
-0.11600000000000005,-0.12618000000000007,0.28816409615969973
-0.12800000000000003,-0.13008000000000006,0.28816409615969973
-0.09000000000000002,-0.12888000000000005,0.28816409615969973
-0.10600000000000004,-0.12614000000000006,0.28816409615969973
-0.09400000000000001,-0.12312000000000009,0.28816409615969973
-0.12800000000000003,-0.12476000000000004,0.28816409615969973
-0.11000000000000004,-0.12868000000000007,0.28816409615969973
-0.12600000000000003,-0.11444000000000006,0.28816409615969973
-0.14600000000000002,-0.11880000000000006,0.28816409615969973
-0.10800000000000001,-0.11372000000000007,0.28816409615969973
-0.14200000000000002,-0.12264000000000008,0.28816409615969973
-0.16000000000000003,-0.12048000000000009,0.28816409615969973
-0.11600000000000005,-0.1253400000000001,0.28816409615969973
-0.16200000000000003,-0.12140000000000009,0.28816409615969973
-0.13200000000000006,-0.11572000000000006,0.28816409615969973
-0.15400000000000005,-0.12252000000000009,0.28816409615969973
-0.12400000000000003,-0.11248000000000007,0.28816409615969973
-0.11600000000000003,-0.12242000000000006,0.28816409615969973
-0.1640000000000001,-0.11024000000000006,0.28816409615969973
-0.12200000000000003,-0.12844000000000005,0.28816409615969973
-0.10400000000000004,-0.10888000000000005,0.28816409615969973
-0.16000000000000006,-0.12734000000000004,0.28816409615969973
-0.13600000000000007,-0.12372000000000008,0.28816409615969973
-0.17400000000000007,-0.1201200000000001,0.28816409615969973
-0.09400000000000001,-0.12174000000000006,0.28816409615969973
-0.17200000000000004,-0.12456000000000007,0.28816409615969973
-0.12800000000000006,-0.14142000000000013,0.28816409615969973
-0.13800000000000004,-0.12538000000000005,0.28816409615969973
-0.10000000000000003,-0.11864000000000006,0.28816409615969973
-0.11800000000000005,-0.11092000000000003,0.28816409615969973
-0.11600000000000005,-0.12244000000000008,0.28816409615969973
-0.12200000000000004,-0.12160000000000006,0.28816409615969973
-0.08200000000000002,-0.11478000000000003,0.28816409615969973
-0.11400000000000003,-0.11520000000000007,0.28816409615969973
-0.12800000000000003,-0.13316000000000008,0.28816409615969973
-0.12200000000000004,-0.12528000000000009,0.28816409615969973
-0.11400000000000005,-0.13194000000000006,0.28816409615969973
-0.11800000000000004,-0.12304000000000007,0.28816409615969973
-0.12800000000000003,-0.12224000000000008,0.28816409615969973
-0.13600000000000007,-0.11382000000000007,0.28816409615969973
-0.17400000000000007,-0.1414000000000001,0.28816409615969973
-0.15400000000000003,-0.1379000000000001,0.28816409615969973
-0.12000000000000004,-0.1287400000000001,0.28816409615969973
-0.15000000000000005,-0.11796000000000008,0.28816409615969973
-0.14400000000000004,-0.12820000000000006,0.28816409615969973
-0.13800000000000004,-0.12092000000000006,0.28816409615969973
-0.08600000000000002,-0.12250000000000007,0.28816409615969973
-0.13400000000000006,-0.11812000000000006,0.28816409615969973
-0.09600000000000003,-0.11448000000000007,0.28816409615969973
-0.10000000000000003,-0.11466000000000004,0.28816409615969973
-0.10600000000000002,-0.13192000000000006,0.28816409615969973
-0.11400000000000005,-0.13166000000000008,0.28816409615969973
-0.11200000000000003,-0.12206000000000007,0.28816409615969973
-0.07800000000000003,-0.12244000000000008,0.28816409615969973
-0.09200000000000003,-0.11976000000000005,0.28816409615969973
-0.09600000000000003,-0.12134000000000009,0.28816409615969973
-0.08600000000000002,-0.13596000000000008,0.28816409615969973
-0.12600000000000006,-0.14286000000000004,0.28816409615969973
-0.12000000000000005,-0.1314200000000001,0.28816409615969973
-0.08000000000000002,-0.13368000000000008,0.28816409615969973
-0.08000000000000002,-0.12894000000000008,0.28816409615969973
-0.12200000000000003,-0.12330000000000008,0.28816409615969973
-0.15200000000000002,-0.1461000000000001,0.28816409615969973
-0.09000000000000001,-0.11664000000000005,0.28816409615969973
-0.13200000000000006,-0.11648000000000006,0.28816409615969973
-0.12200000000000003,-0.11380000000000008,0.28816409615969973
-0.2040000000000001,-0.11336000000000006,0.28816409615969973
-0.12400000000000005,-0.11786000000000003,0.28816409615969973
-0.12800000000000003,-0.11660000000000006,0.28816409615969973
-0.11000000000000001,-0.12204000000000007,0.28816409615969973
-0.10800000000000004,-0.11024000000000007,0.28816409615969973
-0.14000000000000007,-0.12846000000000007,0.28816409615969973
-0.14800000000000005,-0.12500000000000008,0.28816409615969973
-0.14600000000000005,-0.12620000000000003,0.28816409615969973
-0.13000000000000003,-0.12670000000000012,0.28816409615969973
-0.15200000000000002,-0.12764000000000006,0.28816409615969973
-0.084,-0.1325000000000001,0.28816409615969973
-0.15000000000000008,-0.12694000000000008,0.28816409615969973
-0.11600000000000005,-0.11852000000000004,0.28816409615969973
-0.11000000000000004,-0.12096000000000008,0.28816409615969973
-0.15600000000000006,-0.10480000000000005,0.28816409615969973
-0.12000000000000005,-0.12322000000000005,0.28816409615969973
-0.11600000000000002,-0.12028000000000005,0.28816409615969973
-0.11400000000000005,-0.11176000000000004,0.28816409615969973
-0.10200000000000002,-0.11558000000000003,0.28816409615969973
-0.14800000000000005,-0.1194000000000001,0.28816409615969973
-0.10000000000000003,-0.13166000000000008,0.28816409615969973
-0.13400000000000004,-0.11542000000000006,0.28816409615969973
-0.09200000000000001,-0.12388000000000007,0.28816409615969973
-0.134,-0.11040000000000005,0.28816409615969973
-0.12200000000000004,-0.12546000000000004,0.28816409615969973
-0.09600000000000003,-0.11400000000000006,0.28816409615969973
-0.11200000000000002,-0.1408600000000001,0.28816409615969973
-0.15000000000000002,-0.11622000000000006,0.28816409615969973
-0.14600000000000005,-0.1292000000000001,0.28816409615969973
-0.10600000000000004,-0.14034000000000005,0.28816409615969973
-0.14400000000000007,-0.12806000000000006,0.28816409615969973
-0.14200000000000007,-0.1360200000000001,0.28816409615969973
-0.13000000000000006,-0.11336000000000004,0.28816409615969973
-0.068,-0.12220000000000009,0.28816409615969973
-0.10200000000000004,-0.12300000000000007,0.28816409615969973
-0.06600000000000002,-0.12770000000000006,0.28816409615969973
-0.12200000000000004,-0.11708000000000006,0.28816409615969973
-0.16400000000000006,-0.12480000000000008,0.28816409615969973
-0.14400000000000004,-0.11394000000000007,0.28816409615969973
-0.11800000000000005,-0.12932000000000002,0.28816409615969973
-0.07800000000000003,-0.13018000000000005,0.28816409615969973
-0.10800000000000004,-0.12514000000000006,0.28816409615969973
-0.12600000000000006,-0.12828000000000003,0.28816409615969973
-0.15600000000000006,-0.13160000000000008,0.28816409615969973
-0.13600000000000004,-0.13262000000000004,0.28816409615969973
-0.10200000000000001,-0.1407200000000001,0.28816409615969973
-0.11000000000000001,-0.14674000000000006,0.28816409615969973
-0.12000000000000002,-0.14218000000000008,0.28816409615969973
-0.16800000000000004,-0.13476000000000007,0.28816409615969973
-0.17600000000000005,-0.13386000000000006,0.28816409615969973
-0.21000000000000008,-0.1334200000000001,0.28816409615969973
-0.16800000000000004,-0.1467400000000001,0.28816409615969973
-0.08200000000000005,-0.11944000000000007,0.28816409615969973
-0.09600000000000004,-0.11496000000000008,0.28816409615969973
-0.08000000000000003,-0.1217800000000001,0.28816409615969973
-0.11000000000000004,-0.12596000000000007,0.28816409615969973
-0.12200000000000005,-0.1309800000000001,0.28816409615969973
-0.10000000000000003,-0.12854000000000007,0.28816409615969973
-0.08800000000000001,-0.12444000000000008,0.28816409615969973
-0.09200000000000003,-0.12550000000000003,0.28816409615969973
-0.11000000000000003,-0.12278000000000006,0.28816409615969973
-0.13600000000000004,-0.13590000000000008,0.28816409615969973
-0.10800000000000004,-0.13176000000000007,0.28816409615969973
-0.12800000000000003,-0.14014000000000007,0.28816409615969973
-0.15800000000000006,-0.1358200000000001,0.28816409615969973
-0.14400000000000004,-0.14842000000000008,0.28816409615969973
-0.14200000000000007,-0.1425800000000001,0.28816409615969973
-0.14800000000000008,-0.12006000000000007,0.28816409615969973
-0.15600000000000003,-0.11506000000000004,0.28816409615969973
-0.13400000000000004,-0.1180200000000001,0.28816409615969973
-0.13200000000000006,-0.12262000000000005,0.28816409615969973
-0.15800000000000006,-0.12270000000000005,0.28816409615969973
-0.12600000000000006,-0.12324000000000007,0.28816409615969973
-0.16800000000000007,-0.11982000000000004,0.28816409615969973
-0.09800000000000003,-0.12114000000000008,0.28816409615969973
-0.14000000000000007,-0.12906000000000006,0.28816409615969973
-0.11800000000000005,-0.12494000000000006,0.28816409615969973
-0.13000000000000003,-0.12224000000000004,0.28816409615969973
-0.13400000000000004,-0.11510000000000005,0.28816409615969973
-0.13600000000000004,-0.12522000000000005,0.28816409615969973
-0.15000000000000005,-0.10934000000000005,0.28816409615969973
-0.15400000000000005,-0.12132000000000008,0.28816409615969973
-0.15000000000000005,-0.1254200000000001,0.28816409615969973
-0.12400000000000003,-0.12358000000000008,0.28816409615969973
-0.10400000000000004,-0.12080000000000009,0.28816409615969973
-0.17400000000000004,-0.13050000000000006,0.28816409615969973
-0.12600000000000003,-0.1323200000000001,0.28816409615969973
-0.16000000000000003,-0.12524000000000007,0.28816409615969973
-0.13400000000000006,-0.12318000000000008,0.28816409615969973
-0.11200000000000004,-0.12198000000000007,0.28816409615969973
-0.12200000000000004,-0.12462000000000006,0.28816409615969973
-0.15200000000000008,-0.1359400000000001,0.28816409615969973
-0.12400000000000005,-0.12032000000000005,0.28816409615969973
-0.13600000000000007,-0.11522000000000007,0.28816409615969973
-0.18600000000000005,-0.12726000000000007,0.28816409615969973
-0.21200000000000008,-0.13634000000000004,0.28816409615969973
-0.14400000000000007,-0.12612000000000007,0.28816409615969973
-0.14400000000000007,-0.12590000000000007,0.28816409615969973
-0.15400000000000008,-0.13582000000000008,0.28816409615969973
-0.11800000000000005,-0.12076000000000002,0.28816409615969973
-0.18000000000000008,-0.1439400000000001,0.28816409615969973
-0.11600000000000003,-0.1316400000000001,0.28816409615969973
-0.13800000000000004,-0.13640000000000008,0.28816409615969973
-0.12000000000000004,-0.11934000000000007,0.28816409615969973
-0.12600000000000003,-0.12766000000000005,0.28816409615969973
-0.13600000000000004,-0.13126000000000004,0.28816409615969973
-0.11200000000000006,-0.1236400000000001,0.28816409615969973
-0.12400000000000005,-0.12226000000000006,0.28816409615969973
-0.10200000000000005,-0.13062000000000007,0.28816409615969973
-0.08600000000000005,-0.11856000000000007,0.28816409615969973
-0.13200000000000003,-0.1429400000000001,0.28816409615969973
-0.15200000000000005,-0.1294000000000001,0.28816409615969973
-0.11000000000000004,-0.1271600000000001,0.28816409615969973
-0.13600000000000007,-0.12266000000000009,0.28816409615969973
-0.14200000000000004,-0.12302000000000006,0.28816409615969973
-0.15000000000000008,-0.11868000000000006,0.28816409615969973
-0.18000000000000005,-0.13514000000000004,0.28816409615969973
-0.20800000000000007,-0.13556000000000004,0.28816409615969973
-0.15400000000000003,-0.13516000000000009,0.28816409615969973
-0.12600000000000003,-0.1378600000000001,0.28816409615969973
-0.16200000000000003,-0.12680000000000005,0.28816409615969973
-0.14000000000000007,-0.13060000000000008,0.28816409615969973
-0.17400000000000007,-0.14444000000000007,0.28816409615969973
-0.14800000000000005,-0.11746000000000006,0.28816409615969973
-0.11800000000000005,-0.12142000000000007,0.28816409615969973
-0.12800000000000006,-0.12122000000000006,0.28816409615969973
-0.13000000000000006,-0.1252600000000001,0.28816409615969973
-0.13400000000000004,-0.11608000000000004,0.28816409615969973
-0.11800000000000005,-0.11386000000000009,0.28816409615969973
-0.14400000000000004,-0.11258000000000004,0.28816409615969973
-0.13400000000000004,-0.10526000000000005,0.28816409615969973
-0.13000000000000006,-0.12172000000000005,0.28816409615969973
-0.13400000000000004,-0.12158000000000009,0.28816409615969973
-0.20400000000000007,-0.12310000000000006,0.28816409615969973
-0.15200000000000008,-0.11992000000000007,0.28816409615969973
-0.15000000000000002,-0.12646000000000007,0.28816409615969973
-0.14200000000000004,-0.1262800000000001,0.28816409615969973
-0.12800000000000003,-0.12472000000000007,0.28816409615969973
-0.06200000000000001,-0.11682000000000009,0.28816409615969973
-0.14000000000000004,-0.11494000000000007,0.28816409615969973
-0.13000000000000006,-0.11126000000000005,0.28816409615969973
-0.13000000000000006,-0.12152000000000007,0.28816409615969973
-0.12200000000000003,-0.11958000000000006,0.28816409615969973
-0.11200000000000004,-0.12034000000000009,0.28816409615969973
-0.10400000000000004,-0.11808000000000007,0.28816409615969973
-0.15800000000000006,-0.12302000000000005,0.28816409615969973
-0.11400000000000002,-0.12352000000000006,0.28816409615969973
-0.13200000000000003,-0.11656000000000008,0.28816409615969973
-0.14200000000000002,-0.11606000000000008,0.28816409615969973
-0.08800000000000002,-0.10930000000000005,0.28816409615969973
-0.12000000000000004,-0.11964000000000011,0.28816409615969973
-0.11800000000000005,-0.10642000000000006,0.28816409615969973
-0.13000000000000006,-0.12464000000000006,0.28816409615969973
-0.11200000000000004,-0.11360000000000003,0.28816409615969973
-0.15200000000000008,-0.12230000000000005,0.28816409615969973
-0.14,-0.12688000000000005,0.28816409615969973
-0.12200000000000005,-0.11972000000000006,0.28816409615969973
-0.16400000000000003,-0.1257600000000001,0.28816409615969973
-0.11200000000000004,-0.12610000000000007,0.28816409615969973
-0.11000000000000004,-0.12318000000000004,0.28816409615969973
-0.12000000000000005,-0.1363000000000001,0.28816409615969973
-0.11200000000000004,-0.13284000000000007,0.28816409615969973
-0.14000000000000007,-0.12146000000000005,0.28816409615969973
-0.14200000000000004,-0.13590000000000008,0.28816409615969973
-0.11800000000000005,-0.12264000000000005,0.28816409615969973
-0.11600000000000005,-0.1353800000000001,0.28816409615969973
-0.10400000000000004,-0.12800000000000006,0.28816409615969973
-0.11800000000000005,-0.12920000000000006,0.28816409615969973
-0.16400000000000006,-0.12370000000000007,0.28816409615969973
-0.17800000000000007,-0.13470000000000007,0.28816409615969973
-0.16200000000000006,-0.13100000000000006,0.28816409615969973
-0.16800000000000004,-0.13758000000000012,0.28816409615969973
-0.13200000000000003,-0.13832000000000008,0.28816409615969973
-0.10200000000000004,-0.1433600000000001,0.28816409615969973
-0.15400000000000005,-0.14254000000000003,0.28816409615969973
-0.15000000000000005,-0.13316000000000008,0.28816409615969973
-0.17600000000000005,-0.13976000000000005,0.28816409615969973
-0.15400000000000005,-0.1493200000000001,0.28816409615969973
-0.11600000000000005,-0.1253400000000001,0.28816409615969973
-0.11400000000000005,-0.12902000000000008,0.28816409615969973
-0.09400000000000006,-0.13160000000000005,0.28816409615969973
-0.1960000000000001,-0.1315400000000001,0.28816409615969973
-0.15600000000000003,-0.13416000000000008,0.28816409615969973
-0.14200000000000007,-0.13652000000000009,0.28816409615969973
-0.11800000000000002,-0.13302000000000008,0.28816409615969973
-0.10200000000000004,-0.12832000000000007,0.28816409615969973
-0.12800000000000006,-0.13008000000000006,0.28816409615969973
-0.16600000000000006,-0.1392800000000001,0.28816409615969973
-0.15800000000000003,-0.13178000000000006,0.28816409615969973
-0.15000000000000005,-0.13736000000000007,0.28816409615969973
-0.1640000000000001,-0.13640000000000005,0.28816409615969973
-0.20200000000000007,-0.14564000000000007,0.28816409615969973
-0.13600000000000004,-0.1424800000000001,0.28816409615969973
-0.13000000000000006,-0.11464000000000006,0.28816409615969973
-0.15200000000000005,-0.11484000000000003,0.28816409615969973
-0.10600000000000004,-0.1256000000000001,0.28816409615969973
-0.14800000000000005,-0.12204000000000005,0.28816409615969973
-0.10800000000000003,-0.12042000000000005,0.28816409615969973
-0.17200000000000007,-0.10668000000000005,0.28816409615969973
-0.15000000000000002,-0.11980000000000003,0.28816409615969973
-0.15600000000000006,-0.10512000000000005,0.28816409615969973
-0.15600000000000006,-0.12002000000000007,0.28816409615969973
-0.15200000000000005,-0.1232800000000001,0.28816409615969973
-0.21400000000000008,-0.12248000000000005,0.28816409615969973
-0.134,-0.11702000000000005,0.28816409615969973
-0.19200000000000006,-0.1299200000000001,0.28816409615969973
-0.14800000000000005,-0.13362000000000004,0.28816409615969973
-0.12600000000000006,-0.12462000000000006,0.28816409615969973
-0.06800000000000002,-0.11856000000000007,0.28816409615969973
-0.14600000000000007,-0.12836000000000009,0.28816409615969973
-0.11200000000000002,-0.11068000000000008,0.28816409615969973
-0.13200000000000003,-0.1256200000000001,0.28816409615969973
-0.10000000000000002,-0.13428000000000007,0.28816409615969973
-0.058,-0.12624000000000007,0.28816409615969973
-0.08600000000000002,-0.1228200000000001,0.28816409615969973
-0.13600000000000004,-0.13412000000000007,0.28816409615969973
-0.13600000000000004,-0.13770000000000007,0.28816409615969973
-0.12200000000000003,-0.12354000000000007,0.28816409615969973
-0.06800000000000003,-0.12208000000000005,0.28816409615969973
-0.15000000000000005,-0.11028000000000007,0.28816409615969973
-0.13800000000000007,-0.11882000000000004,0.28816409615969973
-0.092,-0.11172000000000006,0.28816409615969973
-0.13200000000000006,-0.13766000000000012,0.28816409615969973
-0.12200000000000003,-0.11758000000000006,0.28816409615969973
-0.17800000000000005,-0.1363200000000001,0.28816409615969973
-0.11400000000000005,-0.13670000000000004,0.28816409615969973
-0.14400000000000004,-0.12714000000000006,0.28816409615969973
-0.15400000000000003,-0.14342000000000008,0.28816409615969973
-0.15000000000000002,-0.11104000000000006,0.28816409615969973
-0.12400000000000005,-0.12060000000000007,0.28816409615969973
-0.15000000000000005,-0.12676000000000004,0.28816409615969973
-0.11400000000000005,-0.12190000000000008,0.28816409615969973
-0.11800000000000006,-0.11896000000000005,0.28816409615969973
-0.09600000000000003,-0.12380000000000008,0.28816409615969973
-0.09200000000000003,-0.10970000000000008,0.28816409615969973
-0.15800000000000006,-0.13664000000000007,0.28816409615969973
-0.15800000000000008,-0.12466000000000006,0.28816409615969973
-0.16400000000000003,-0.12250000000000005,0.28816409615969973
-0.16200000000000006,-0.11804000000000006,0.28816409615969973
-0.14400000000000002,-0.11680000000000004,0.28816409615969973
-0.14800000000000008,-0.11370000000000006,0.28816409615969973
-0.19800000000000006,-0.1305600000000001,0.28816409615969973
-0.20600000000000007,-0.1350200000000001,0.28816409615969973
-0.19200000000000006,-0.12718000000000004,0.28816409615969973
-0.14800000000000005,-0.13424000000000005,0.28816409615969973
-0.17200000000000004,-0.13074000000000008,0.28816409615969973
-0.15800000000000008,-0.12358000000000005,0.28816409615969973
-0.19200000000000006,-0.14162000000000005,0.28816409615969973
-0.10600000000000004,-0.12484000000000006,0.28816409615969973
-0.12800000000000003,-0.1235600000000001,0.28816409615969973
-0.14400000000000002,-0.12162000000000006,0.28816409615969973
-0.13000000000000003,-0.1308800000000001,0.28816409615969973
-0.19800000000000006,-0.1369000000000001,0.28816409615969973
-0.12800000000000006,-0.12662000000000007,0.28816409615969973
-0.10400000000000004,-0.13708000000000012,0.28816409615969973
-0.13200000000000003,-0.1341000000000001,0.28816409615969973
-0.09400000000000003,-0.12730000000000008,0.28816409615969973
-0.17200000000000004,-0.1414600000000001,0.28816409615969973
-0.10000000000000003,-0.12932000000000007,0.28816409615969973
-0.13600000000000007,-0.1329400000000001,0.28816409615969973
-0.14200000000000004,-0.12606000000000006,0.28816409615969973
-0.16400000000000006,-0.1432200000000001,0.28816409615969973
-0.18200000000000005,-0.14190000000000008,0.28816409615969973
-0.09200000000000003,-0.11524000000000005,0.28816409615969973
-0.10600000000000002,-0.11372000000000003,0.28816409615969973
-0.14400000000000004,-0.11268000000000006,0.28816409615969973
-0.10800000000000005,-0.12586000000000006,0.28816409615969973
-0.15600000000000003,-0.12292000000000008,0.28816409615969973
-0.14600000000000005,-0.12504000000000007,0.28816409615969973
-0.09400000000000003,-0.11802000000000007,0.28816409615969973
-0.12800000000000003,-0.1257600000000001,0.28816409615969973
-0.08800000000000002,-0.12558000000000008,0.28816409615969973
-0.12200000000000003,-0.1221400000000001,0.28816409615969973
-0.10400000000000004,-0.11760000000000004,0.28816409615969973
-0.13800000000000007,-0.10996000000000004,0.28816409615969973
-0.15800000000000006,-0.12266000000000006,0.28816409615969973
-0.16800000000000004,-0.11488000000000004,0.28816409615969973
-0.16800000000000007,-0.13234000000000007,0.28816409615969973
-0.17400000000000007,-0.12178000000000008,0.28816409615969973
-0.13400000000000006,-0.13380000000000006,0.28816409615969973
-0.11800000000000005,-0.13506000000000007,0.28816409615969973
-0.15600000000000006,-0.12774000000000005,0.28816409615969973
-0.13400000000000004,-0.1388600000000001,0.28816409615969973
-0.07200000000000002,-0.12132000000000003,0.28816409615969973
-0.08200000000000003,-0.11460000000000005,0.28816409615969973
-0.12200000000000005,-0.1254200000000001,0.28816409615969973
-0.15600000000000008,-0.11332000000000006,0.28816409615969973
-0.14400000000000007,-0.1352200000000001,0.28816409615969973
-0.14200000000000007,-0.12206000000000006,0.28816409615969973
-0.11400000000000003,-0.1302800000000001,0.28816409615969973
-0.09400000000000003,-0.1378200000000001,0.28816409615969973
-0.12400000000000005,-0.12558000000000005,0.28816409615969973
-0.09800000000000003,-0.13482000000000005,0.28816409615969973
-0.15000000000000005,-0.11772000000000006,0.28816409615969973
-0.12200000000000005,-0.14074000000000006,0.28816409615969973
-0.18800000000000008,-0.12122000000000008,0.28816409615969973
-0.19400000000000006,-0.13146000000000005,0.28816409615969973
-0.17200000000000004,-0.1425000000000001,0.28816409615969973
-0.09400000000000003,-0.11668000000000003,0.28816409615969973
-0.15600000000000006,-0.12548000000000006,0.28816409615969973
-0.13200000000000003,-0.12434000000000005,0.28816409615969973
-0.13400000000000004,-0.12764000000000006,0.28816409615969973
-0.12200000000000003,-0.13558000000000006,0.28816409615969973
-0.10800000000000001,-0.1340200000000001,0.28816409615969973
-0.12400000000000007,-0.13664000000000007,0.28816409615969973
-0.09600000000000003,-0.1265400000000001,0.28816409615969973
-0.13800000000000004,-0.13062000000000007,0.28816409615969973
-0.12000000000000005,-0.13850000000000007,0.28816409615969973
-0.16400000000000003,-0.13456000000000007,0.28816409615969973
-0.1600000000000001,-0.1348200000000001,0.28816409615969973
-0.18200000000000008,-0.13666000000000006,0.28816409615969973
-0.1960000000000001,-0.15130000000000005,0.28816409615969973
-0.13400000000000006,-0.14918000000000015,0.28816409615969973
-0.16400000000000006,-0.13108000000000009,0.28816409615969973
-0.12400000000000005,-0.13882000000000008,0.28816409615969973
-0.13800000000000004,-0.1367000000000001,0.28816409615969973
-0.22000000000000008,-0.14546000000000012,0.28816409615969973
-0.15000000000000005,-0.1437800000000001,0.28816409615969973
-0.19000000000000006,-0.14786000000000007,0.28816409615969973
