Original_Correlation,Model_Correlation,Correlation_Coefficient
0.14800000000000005,0.09306000000000003,0.1887689119606362
0.15800000000000003,0.10096000000000002,0.1887689119606362
0.14800000000000002,0.09316,0.1887689119606362
0.11400000000000005,0.09892000000000004,0.1887689119606362
0.11000000000000004,0.08624000000000005,0.1887689119606362
0.09800000000000003,0.10484000000000006,0.1887689119606362
0.12400000000000005,0.08980000000000002,0.1887689119606362
0.15400000000000005,0.10308000000000005,0.1887689119606362
0.15600000000000003,0.10056000000000004,0.1887689119606362
0.18000000000000008,0.10830000000000005,0.1887689119606362
0.13200000000000003,0.10690000000000005,0.1887689119606362
0.09000000000000002,0.09298000000000003,0.1887689119606362
0.14800000000000008,0.09838000000000006,0.1887689119606362
0.10000000000000006,0.09602000000000004,0.1887689119606362
0.08400000000000002,0.10462000000000002,0.1887689119606362
0.15800000000000006,0.09514000000000002,0.1887689119606362
0.13600000000000007,0.09866000000000004,0.1887689119606362
0.11400000000000002,0.10950000000000008,0.1887689119606362
0.07,0.10372000000000003,0.1887689119606362
0.14400000000000002,0.10200000000000004,0.1887689119606362
0.13800000000000007,0.09996000000000006,0.1887689119606362
0.14600000000000005,0.10164000000000004,0.1887689119606362
0.10200000000000004,0.10212000000000006,0.1887689119606362
0.13200000000000003,0.08704000000000003,0.1887689119606362
0.15000000000000005,0.10528000000000004,0.1887689119606362
0.14400000000000004,0.10668000000000005,0.1887689119606362
0.12000000000000004,0.11142000000000009,0.1887689119606362
0.14400000000000004,0.09316000000000005,0.1887689119606362
0.08000000000000002,0.08856000000000004,0.1887689119606362
0.09200000000000001,0.09720000000000004,0.1887689119606362
0.13000000000000006,0.09032000000000005,0.1887689119606362
0.15600000000000006,0.09716000000000004,0.1887689119606362
0.09800000000000003,0.09368000000000007,0.1887689119606362
0.10600000000000004,0.10494000000000007,0.1887689119606362
0.13800000000000004,0.08888000000000004,0.1887689119606362
0.10600000000000002,0.10128000000000002,0.1887689119606362
0.12000000000000005,0.09020000000000004,0.1887689119606362
0.1940000000000001,0.10456000000000006,0.1887689119606362
0.124,0.10308000000000007,0.1887689119606362
0.13200000000000003,0.10718000000000007,0.1887689119606362
0.07,0.09784000000000007,0.1887689119606362
0.09200000000000001,0.08544000000000003,0.1887689119606362
0.13000000000000006,0.10216000000000004,0.1887689119606362
0.14800000000000008,0.10528000000000008,0.1887689119606362
0.11200000000000004,0.10286000000000003,0.1887689119606362
0.07200000000000001,0.09160000000000003,0.1887689119606362
0.11800000000000002,0.11036000000000003,0.1887689119606362
0.10800000000000001,0.10100000000000002,0.1887689119606362
0.13600000000000004,0.11254000000000007,0.1887689119606362
0.17600000000000005,0.08988,0.1887689119606362
0.11000000000000004,0.10128000000000005,0.1887689119606362
0.14600000000000007,0.09870000000000002,0.1887689119606362
0.14000000000000004,0.11252000000000005,0.1887689119606362
0.13200000000000003,0.1159800000000001,0.1887689119606362
0.11800000000000005,0.11238000000000006,0.1887689119606362
0.15800000000000003,0.09534000000000006,0.1887689119606362
0.13200000000000003,0.08462000000000003,0.1887689119606362
0.10200000000000004,0.09250000000000003,0.1887689119606362
0.06600000000000003,0.08426000000000004,0.1887689119606362
0.09800000000000003,0.09214000000000003,0.1887689119606362
0.09200000000000003,0.08138000000000004,0.1887689119606362
0.11800000000000004,0.08970000000000004,0.1887689119606362
0.11600000000000002,0.09258000000000004,0.1887689119606362
0.10800000000000001,0.09728000000000006,0.1887689119606362
0.14600000000000002,0.09580000000000002,0.1887689119606362
0.12400000000000003,0.09272000000000005,0.1887689119606362
0.15200000000000008,0.09516000000000004,0.1887689119606362
0.08400000000000002,0.10428000000000007,0.1887689119606362
0.12200000000000003,0.08384000000000001,0.1887689119606362
0.11600000000000005,0.10216000000000004,0.1887689119606362
0.11400000000000002,0.09544000000000004,0.1887689119606362
0.13400000000000004,0.10362000000000005,0.1887689119606362
0.09000000000000002,0.09208000000000002,0.1887689119606362
0.11000000000000004,0.08080000000000004,0.1887689119606362
0.07400000000000001,0.09624000000000003,0.1887689119606362
0.064,0.08304000000000004,0.1887689119606362
0.13000000000000006,0.09460000000000003,0.1887689119606362
0.10000000000000005,0.08356000000000004,0.1887689119606362
0.12000000000000002,0.10178000000000005,0.1887689119606362
0.13600000000000007,0.08472,0.1887689119606362
0.12800000000000003,0.10552000000000004,0.1887689119606362
0.09400000000000003,0.08316000000000004,0.1887689119606362
0.14400000000000004,0.09528000000000006,0.1887689119606362
0.09400000000000004,0.09728000000000003,0.1887689119606362
0.11400000000000003,0.10346000000000002,0.1887689119606362
0.10400000000000004,0.09076000000000004,0.1887689119606362
0.07000000000000002,0.08196000000000005,0.1887689119606362
0.16400000000000006,0.09052000000000004,0.1887689119606362
0.10600000000000004,0.09208000000000005,0.1887689119606362
0.09000000000000002,0.09422000000000004,0.1887689119606362
0.11400000000000005,0.08740000000000005,0.1887689119606362
0.07200000000000002,0.10624000000000006,0.1887689119606362
0.11400000000000005,0.09756000000000005,0.1887689119606362
0.10600000000000002,0.11102000000000006,0.1887689119606362
0.12200000000000003,0.08720000000000003,0.1887689119606362
0.13200000000000006,0.09616000000000005,0.1887689119606362
0.14000000000000007,0.08878000000000004,0.1887689119606362
0.14600000000000002,0.09908000000000004,0.1887689119606362
0.12600000000000003,0.10950000000000004,0.1887689119606362
0.1,0.10522000000000006,0.1887689119606362
0.12400000000000003,0.09626000000000004,0.1887689119606362
0.13000000000000003,0.09530000000000007,0.1887689119606362
0.11400000000000002,0.09638000000000005,0.1887689119606362
0.13,0.09646000000000002,0.1887689119606362
0.13600000000000007,0.08966000000000005,0.1887689119606362
0.13400000000000004,0.09958000000000004,0.1887689119606362
0.17200000000000004,0.10150000000000005,0.1887689119606362
0.11600000000000005,0.10472000000000004,0.1887689119606362
0.12000000000000002,0.08646000000000005,0.1887689119606362
0.07200000000000004,0.08662000000000004,0.1887689119606362
0.08000000000000003,0.08774000000000003,0.1887689119606362
0.13400000000000006,0.08626000000000002,0.1887689119606362
0.11600000000000005,0.09358000000000005,0.1887689119606362
0.08600000000000002,0.08734000000000001,0.1887689119606362
0.10200000000000004,0.09716000000000004,0.1887689119606362
0.09400000000000003,0.09066000000000005,0.1887689119606362
0.12200000000000004,0.10026000000000006,0.1887689119606362
0.12000000000000004,0.09106000000000003,0.1887689119606362
0.14200000000000004,0.09406000000000005,0.1887689119606362
0.12400000000000005,0.10358000000000002,0.1887689119606362
0.13200000000000003,0.10008000000000006,0.1887689119606362
0.07000000000000002,0.09382000000000003,0.1887689119606362
0.09200000000000003,0.08498000000000006,0.1887689119606362
0.08600000000000003,0.09514000000000006,0.1887689119606362
0.10800000000000004,0.09878000000000006,0.1887689119606362
0.10400000000000002,0.09284000000000005,0.1887689119606362
0.10800000000000004,0.08626000000000003,0.1887689119606362
0.11800000000000005,0.09702000000000002,0.1887689119606362
0.13600000000000007,0.10242000000000001,0.1887689119606362
0.11600000000000005,0.09892000000000005,0.1887689119606362
0.136,0.09330000000000002,0.1887689119606362
0.12200000000000003,0.09602000000000002,0.1887689119606362
0.13400000000000006,0.09440000000000004,0.1887689119606362
0.08400000000000003,0.10126000000000004,0.1887689119606362
0.10000000000000003,0.10360000000000003,0.1887689119606362
0.12200000000000003,0.10556000000000006,0.1887689119606362
0.12200000000000003,0.09244000000000004,0.1887689119606362
0.10600000000000001,0.09504000000000003,0.1887689119606362
0.07800000000000001,0.09380000000000002,0.1887689119606362
0.09600000000000003,0.09056000000000004,0.1887689119606362
0.11000000000000003,0.10212000000000004,0.1887689119606362
0.12000000000000005,0.09084000000000005,0.1887689119606362
0.08400000000000002,0.10662000000000006,0.1887689119606362
0.10400000000000002,0.09420000000000005,0.1887689119606362
0.040000000000000015,0.10056000000000005,0.1887689119606362
0.10600000000000004,0.08344000000000001,0.1887689119606362
0.08800000000000005,0.10108000000000004,0.1887689119606362
0.10200000000000004,0.09820000000000005,0.1887689119606362
0.13800000000000004,0.09442000000000002,0.1887689119606362
0.08400000000000002,0.10456000000000006,0.1887689119606362
0.08600000000000002,0.09076000000000004,0.1887689119606362
0.13600000000000007,0.10148000000000004,0.1887689119606362
0.13400000000000006,0.10048000000000004,0.1887689119606362
0.15800000000000006,0.10178000000000006,0.1887689119606362
0.09000000000000001,0.08576000000000002,0.1887689119606362
0.08400000000000002,0.10596000000000005,0.1887689119606362
0.08600000000000002,0.10056000000000001,0.1887689119606362
0.12600000000000006,0.10574000000000006,0.1887689119606362
0.05800000000000001,0.09264000000000001,0.1887689119606362
0.11600000000000003,0.09120000000000004,0.1887689119606362
0.12400000000000003,0.09338000000000007,0.1887689119606362
0.11000000000000004,0.10964000000000006,0.1887689119606362
0.11400000000000003,0.11442000000000002,0.1887689119606362
0.16000000000000003,0.10742000000000004,0.1887689119606362
0.14200000000000004,0.09116000000000002,0.1887689119606362
0.09400000000000003,0.09728000000000006,0.1887689119606362
0.08800000000000001,0.08676000000000005,0.1887689119606362
0.13400000000000004,0.09788000000000005,0.1887689119606362
0.06400000000000002,0.08964000000000004,0.1887689119606362
0.08400000000000003,0.09854000000000004,0.1887689119606362
0.09000000000000002,0.09692000000000003,0.1887689119606362
0.068,0.08508000000000004,0.1887689119606362
0.13400000000000004,0.09848000000000005,0.1887689119606362
0.09600000000000003,0.08828000000000004,0.1887689119606362
0.11200000000000002,0.10306000000000007,0.1887689119606362
0.08000000000000004,0.09040000000000004,0.1887689119606362
0.09800000000000002,0.10040000000000002,0.1887689119606362
0.08800000000000002,0.08756000000000005,0.1887689119606362
0.10400000000000004,0.10582000000000005,0.1887689119606362
0.10400000000000004,0.09440000000000007,0.1887689119606362
0.07000000000000003,0.09208000000000005,0.1887689119606362
0.08600000000000002,0.09782,0.1887689119606362
0.09600000000000003,0.09512000000000005,0.1887689119606362
0.08400000000000002,0.11394000000000007,0.1887689119606362
0.07000000000000002,0.10126000000000003,0.1887689119606362
0.052,0.09852000000000005,0.1887689119606362
0.07,0.08496000000000002,0.1887689119606362
0.13600000000000004,0.09492000000000003,0.1887689119606362
0.11000000000000004,0.09696000000000005,0.1887689119606362
0.10200000000000004,0.09602000000000002,0.1887689119606362
0.11000000000000004,0.09316000000000003,0.1887689119606362
0.11200000000000004,0.10660000000000004,0.1887689119606362
0.09000000000000004,0.10448000000000007,0.1887689119606362
0.09800000000000006,0.11006000000000006,0.1887689119606362
0.13400000000000006,0.09424000000000006,0.1887689119606362
0.08000000000000003,0.09776000000000003,0.1887689119606362
0.12800000000000003,0.09370000000000002,0.1887689119606362
0.11400000000000002,0.10704000000000005,0.1887689119606362
0.10200000000000004,0.10798000000000002,0.1887689119606362
0.08400000000000002,0.10778000000000007,0.1887689119606362
0.07,0.09072000000000004,0.1887689119606362
0.11600000000000005,0.10548000000000006,0.1887689119606362
0.11000000000000004,0.10012000000000007,0.1887689119606362
0.11400000000000003,0.10638000000000006,0.1887689119606362
0.11400000000000005,0.09884000000000007,0.1887689119606362
0.07600000000000001,0.09888000000000004,0.1887689119606362
0.11200000000000003,0.09462000000000004,0.1887689119606362
0.10600000000000004,0.10476000000000005,0.1887689119606362
0.13000000000000003,0.10702000000000006,0.1887689119606362
0.12800000000000006,0.10078000000000006,0.1887689119606362
0.11800000000000002,0.10020000000000003,0.1887689119606362
0.13200000000000003,0.09816000000000007,0.1887689119606362
0.12000000000000005,0.09954000000000005,0.1887689119606362
0.08200000000000002,0.10976000000000007,0.1887689119606362
0.10600000000000004,0.11798000000000004,0.1887689119606362
0.10000000000000002,0.10990000000000005,0.1887689119606362
0.11600000000000005,0.10396000000000007,0.1887689119606362
0.10800000000000003,0.10758000000000008,0.1887689119606362
0.11800000000000004,0.10850000000000005,0.1887689119606362
0.08800000000000002,0.11390000000000003,0.1887689119606362
0.15200000000000005,0.09330000000000004,0.1887689119606362
0.11800000000000002,0.08350000000000005,0.1887689119606362
0.10800000000000003,0.09486000000000003,0.1887689119606362
0.12800000000000003,0.08382000000000003,0.1887689119606362
0.09600000000000002,0.09194000000000006,0.1887689119606362
0.07,0.08210000000000002,0.1887689119606362
0.16400000000000003,0.09170000000000005,0.1887689119606362
0.12600000000000003,0.09754000000000007,0.1887689119606362
0.11000000000000003,0.09444000000000004,0.1887689119606362
0.12800000000000003,0.08832000000000005,0.1887689119606362
0.16600000000000004,0.09400000000000003,0.1887689119606362
0.13800000000000004,0.08740000000000005,0.1887689119606362
0.04600000000000001,0.09268000000000005,0.1887689119606362
0.12000000000000002,0.08156000000000002,0.1887689119606362
0.12600000000000003,0.10180000000000004,0.1887689119606362
0.10400000000000004,0.09852000000000007,0.1887689119606362
0.14000000000000007,0.09962000000000004,0.1887689119606362
0.11600000000000005,0.08676000000000005,0.1887689119606362
0.12000000000000005,0.07844000000000004,0.1887689119606362
0.06800000000000003,0.08788000000000006,0.1887689119606362
0.11000000000000003,0.08152000000000004,0.1887689119606362
0.14000000000000007,0.09348000000000008,0.1887689119606362
0.15400000000000005,0.08844000000000005,0.1887689119606362
0.14200000000000007,0.09998000000000008,0.1887689119606362
0.11000000000000004,0.08496000000000001,0.1887689119606362
0.06200000000000001,0.09848000000000004,0.1887689119606362
0.04800000000000001,0.08416000000000004,0.1887689119606362
0.13400000000000006,0.09796000000000005,0.1887689119606362
0.14400000000000004,0.10468000000000002,0.1887689119606362
0.11600000000000005,0.10362000000000005,0.1887689119606362
0.08600000000000005,0.08356000000000004,0.1887689119606362
0.07200000000000002,0.07576000000000002,0.1887689119606362
0.15400000000000005,0.09176000000000005,0.1887689119606362
0.15600000000000006,0.08708000000000003,0.1887689119606362
0.10000000000000003,0.08958000000000003,0.1887689119606362
0.08400000000000002,0.08616000000000003,0.1887689119606362
0.11800000000000004,0.09748000000000005,0.1887689119606362
0.07600000000000004,0.09808000000000006,0.1887689119606362
0.07600000000000001,0.10254000000000006,0.1887689119606362
0.17200000000000007,0.0884,0.1887689119606362
0.11400000000000002,0.09512000000000005,0.1887689119606362
0.1620000000000001,0.08554000000000003,0.1887689119606362
0.17200000000000007,0.10228000000000004,0.1887689119606362
0.16000000000000006,0.10706000000000006,0.1887689119606362
0.14600000000000007,0.10350000000000006,0.1887689119606362
0.11000000000000003,0.09282000000000004,0.1887689119606362
0.16800000000000004,0.09590000000000004,0.1887689119606362
0.09600000000000003,0.09474000000000003,0.1887689119606362
0.12000000000000002,0.09562000000000004,0.1887689119606362
0.10600000000000004,0.08678000000000004,0.1887689119606362
0.14000000000000004,0.10558000000000005,0.1887689119606362
0.15800000000000003,0.10734000000000005,0.1887689119606362
0.11800000000000004,0.10156000000000007,0.1887689119606362
0.11800000000000004,0.08830000000000003,0.1887689119606362
0.05400000000000001,0.08814000000000004,0.1887689119606362
0.06200000000000001,0.08886000000000005,0.1887689119606362
0.06400000000000003,0.08398000000000004,0.1887689119606362
0.09800000000000002,0.09386000000000003,0.1887689119606362
0.11200000000000004,0.09322000000000005,0.1887689119606362
0.06400000000000002,0.09540000000000005,0.1887689119606362
0.12800000000000006,0.09022000000000005,0.1887689119606362
0.13200000000000006,0.09670000000000006,0.1887689119606362
0.07800000000000001,0.08514000000000005,0.1887689119606362
0.1600000000000001,0.09694000000000004,0.1887689119606362
0.13800000000000007,0.10886000000000001,0.1887689119606362
0.13000000000000006,0.09780000000000005,0.1887689119606362
0.11200000000000003,0.09210000000000004,0.1887689119606362
0.06600000000000002,0.08506000000000002,0.1887689119606362
0.08800000000000002,0.09218000000000003,0.1887689119606362
0.09000000000000002,0.10006000000000005,0.1887689119606362
0.07800000000000004,0.09400000000000004,0.1887689119606362
0.13000000000000006,0.08794000000000006,0.1887689119606362
0.11200000000000004,0.09814000000000003,0.1887689119606362
0.17400000000000004,0.10426000000000006,0.1887689119606362
0.11400000000000006,0.10328000000000005,0.1887689119606362
0.094,0.09046000000000003,0.1887689119606362
0.10800000000000004,0.09710000000000003,0.1887689119606362
0.11200000000000004,0.09088000000000002,0.1887689119606362
0.12200000000000003,0.10634000000000009,0.1887689119606362
0.13000000000000006,0.10384000000000004,0.1887689119606362
0.11600000000000003,0.10356000000000005,0.1887689119606362
0.13200000000000003,0.08560000000000002,0.1887689119606362
0.11600000000000003,0.08628000000000004,0.1887689119606362
0.09600000000000003,0.08600000000000006,0.1887689119606362
0.10200000000000004,0.07832000000000004,0.1887689119606362
0.12800000000000003,0.09868000000000006,0.1887689119606362
0.08600000000000002,0.09364000000000006,0.1887689119606362
0.09000000000000002,0.09642000000000002,0.1887689119606362
0.11000000000000004,0.08796000000000005,0.1887689119606362
0.07800000000000004,0.08936000000000004,0.1887689119606362
0.13200000000000006,0.07764000000000006,0.1887689119606362
0.18200000000000005,0.10136000000000005,0.1887689119606362
0.17600000000000007,0.10680000000000002,0.1887689119606362
0.14000000000000004,0.09394000000000005,0.1887689119606362
0.12200000000000003,0.08672000000000005,0.1887689119606362
0.09600000000000003,0.07736000000000001,0.1887689119606362
0.15000000000000008,0.09928000000000003,0.1887689119606362
0.16000000000000006,0.09900000000000006,0.1887689119606362
0.10400000000000004,0.09658000000000003,0.1887689119606362
0.14000000000000004,0.07868000000000003,0.1887689119606362
0.09800000000000003,0.09976000000000004,0.1887689119606362
0.09600000000000003,0.09940000000000004,0.1887689119606362
0.12000000000000004,0.09806000000000004,0.1887689119606362
0.17200000000000004,0.08256000000000002,0.1887689119606362
0.13000000000000006,0.09096000000000004,0.1887689119606362
0.15400000000000008,0.08734000000000006,0.1887689119606362
0.16800000000000007,0.10828000000000004,0.1887689119606362
0.15600000000000006,0.11102000000000006,0.1887689119606362
0.11800000000000006,0.10722000000000004,0.1887689119606362
0.12400000000000005,0.08696000000000004,0.1887689119606362
0.11600000000000005,0.08916000000000003,0.1887689119606362
0.09800000000000003,0.08092000000000005,0.1887689119606362
0.13200000000000006,0.09436000000000005,0.1887689119606362
0.17000000000000007,0.09748000000000002,0.1887689119606362
0.13400000000000006,0.09706000000000002,0.1887689119606362
0.12000000000000004,0.08680000000000004,0.1887689119606362
0.11800000000000004,0.07852000000000003,0.1887689119606362
0.14000000000000004,0.09184000000000005,0.1887689119606362
0.09800000000000005,0.08988000000000003,0.1887689119606362
0.08200000000000002,0.09334000000000005,0.1887689119606362
0.11400000000000003,0.08288000000000004,0.1887689119606362
0.14400000000000007,0.09624000000000003,0.1887689119606362
0.11400000000000005,0.08668000000000002,0.1887689119606362
0.06600000000000002,0.09914000000000006,0.1887689119606362
0.13800000000000007,0.09252000000000006,0.1887689119606362
0.08400000000000002,0.09316000000000003,0.1887689119606362
0.08400000000000003,0.09414,0.1887689119606362
0.12200000000000005,0.10300000000000004,0.1887689119606362
0.12600000000000003,0.10898000000000004,0.1887689119606362
0.09200000000000003,0.10174000000000004,0.1887689119606362
0.13400000000000006,0.09020000000000006,0.1887689119606362
0.07600000000000004,0.07756000000000003,0.1887689119606362
0.15400000000000008,0.09304000000000003,0.1887689119606362
0.10800000000000004,0.10028000000000004,0.1887689119606362
0.11600000000000005,0.09290000000000004,0.1887689119606362
0.06000000000000004,0.08384000000000003,0.1887689119606362
0.13000000000000006,0.09984000000000003,0.1887689119606362
0.13600000000000007,0.10148000000000004,0.1887689119606362
0.14400000000000004,0.10086000000000003,0.1887689119606362
0.10800000000000003,0.09240000000000002,0.1887689119606362
0.13000000000000006,0.09648000000000004,0.1887689119606362
0.09800000000000003,0.09206000000000004,0.1887689119606362
0.15200000000000002,0.11080000000000002,0.1887689119606362
0.12400000000000003,0.10506000000000007,0.1887689119606362
0.11800000000000005,0.10838000000000005,0.1887689119606362
0.07600000000000004,0.08220000000000004,0.1887689119606362
0.12600000000000003,0.09392000000000005,0.1887689119606362
0.11600000000000003,0.09464000000000003,0.1887689119606362
0.11200000000000002,0.10022000000000005,0.1887689119606362
0.11200000000000003,0.08868000000000004,0.1887689119606362
0.10200000000000004,0.09368000000000003,0.1887689119606362
0.09800000000000003,0.09010000000000006,0.1887689119606362
0.10400000000000002,0.10716000000000006,0.1887689119606362
0.12000000000000004,0.10442000000000005,0.1887689119606362
0.09800000000000005,0.10562000000000006,0.1887689119606362
0.09200000000000003,0.08876000000000005,0.1887689119606362
0.10200000000000004,0.09072000000000002,0.1887689119606362
0.06600000000000002,0.09174000000000002,0.1887689119606362
0.11200000000000004,0.10472000000000006,0.1887689119606362
0.09600000000000003,0.11122000000000005,0.1887689119606362
0.10200000000000002,0.10978000000000007,0.1887689119606362
0.10200000000000004,0.10112000000000006,0.1887689119606362
0.15000000000000008,0.09606000000000003,0.1887689119606362
0.10800000000000001,0.10234000000000001,0.1887689119606362
0.12200000000000005,0.11942000000000004,0.1887689119606362
0.10400000000000004,0.07738000000000002,0.1887689119606362
0.10600000000000004,0.09078000000000003,0.1887689119606362
0.11800000000000005,0.08414000000000002,0.1887689119606362
0.08600000000000003,0.08710000000000002,0.1887689119606362
0.11200000000000003,0.08026000000000003,0.1887689119606362
0.12200000000000004,0.09338000000000002,0.1887689119606362
0.11200000000000004,0.09198000000000003,0.1887689119606362
0.12400000000000003,0.09292000000000002,0.1887689119606362
0.08000000000000003,0.08254000000000003,0.1887689119606362
0.13200000000000006,0.07138000000000003,0.1887689119606362
0.09200000000000003,0.07858000000000004,0.1887689119606362
0.11000000000000003,0.07202000000000003,0.1887689119606362
0.12000000000000002,0.08198000000000003,0.1887689119606362
0.09800000000000003,0.07618000000000004,0.1887689119606362
0.08600000000000001,0.08844000000000005,0.1887689119606362
0.08600000000000002,0.08170000000000004,0.1887689119606362
0.11400000000000003,0.09018000000000001,0.1887689119606362
0.06000000000000001,0.07982000000000004,0.1887689119606362
0.08600000000000002,0.08762000000000005,0.1887689119606362
0.08400000000000005,0.09358000000000004,0.1887689119606362
0.064,0.09620000000000004,0.1887689119606362
0.12200000000000003,0.07522000000000004,0.1887689119606362
0.06800000000000002,0.07402000000000003,0.1887689119606362
0.13000000000000003,0.07714000000000001,0.1887689119606362
0.10400000000000002,0.07978000000000005,0.1887689119606362
0.08800000000000002,0.08364000000000002,0.1887689119606362
0.08400000000000002,0.07682000000000005,0.1887689119606362
0.10600000000000002,0.08518000000000005,0.1887689119606362
0.09200000000000003,0.0851,0.1887689119606362
0.08400000000000002,0.09268000000000004,0.1887689119606362
0.09600000000000002,0.07830000000000001,0.1887689119606362
0.12200000000000004,0.08410000000000001,0.1887689119606362
0.10600000000000002,0.07828000000000004,0.1887689119606362
0.10400000000000002,0.09462000000000004,0.1887689119606362
0.07600000000000001,0.09276000000000004,0.1887689119606362
0.09800000000000003,0.09196000000000004,0.1887689119606362
0.13400000000000004,0.08440000000000003,0.1887689119606362
0.13000000000000003,0.07592000000000003,0.1887689119606362
0.10200000000000001,0.08588000000000003,0.1887689119606362
0.08400000000000003,0.07724000000000002,0.1887689119606362
0.15800000000000003,0.08960000000000005,0.1887689119606362
0.09600000000000006,0.08132000000000005,0.1887689119606362
0.11200000000000003,0.09354000000000001,0.1887689119606362
0.07600000000000001,0.08728000000000005,0.1887689119606362
0.04400000000000001,0.09236000000000004,0.1887689119606362
0.05800000000000002,0.07776000000000002,0.1887689119606362
0.09200000000000003,0.09500000000000006,0.1887689119606362
0.07400000000000002,0.09624000000000003,0.1887689119606362
0.09800000000000003,0.09178000000000004,0.1887689119606362
0.10800000000000003,0.08472000000000003,0.1887689119606362
0.09800000000000003,0.07520000000000002,0.1887689119606362
0.15200000000000008,0.08488000000000002,0.1887689119606362
0.08600000000000003,0.08656000000000003,0.1887689119606362
0.08200000000000005,0.08766000000000006,0.1887689119606362
0.10200000000000004,0.07524000000000002,0.1887689119606362
0.07600000000000004,0.10032000000000003,0.1887689119606362
0.030000000000000013,0.09440000000000001,0.1887689119606362
0.06600000000000002,0.09762000000000004,0.1887689119606362
0.10200000000000004,0.08544000000000004,0.1887689119606362
0.10400000000000004,0.08516000000000003,0.1887689119606362
0.068,0.08146000000000003,0.1887689119606362
0.10200000000000004,0.10368000000000002,0.1887689119606362
0.09400000000000003,0.10578000000000005,0.1887689119606362
0.12400000000000005,0.09682000000000002,0.1887689119606362
0.10600000000000002,0.08004000000000003,0.1887689119606362
0.10600000000000001,0.08776000000000003,0.1887689119606362
0.08800000000000002,0.07856000000000002,0.1887689119606362
0.13800000000000007,0.08792000000000003,0.1887689119606362
0.10800000000000005,0.08372000000000002,0.1887689119606362
0.11600000000000002,0.09570000000000006,0.1887689119606362
0.11400000000000005,0.07808000000000004,0.1887689119606362
0.12000000000000002,0.06628000000000002,0.1887689119606362
0.15800000000000003,0.07792000000000002,0.1887689119606362
0.11200000000000004,0.07160000000000002,0.1887689119606362
0.08400000000000002,0.08290000000000002,0.1887689119606362
0.10000000000000003,0.0752,0.1887689119606362
0.09800000000000005,0.09176000000000004,0.1887689119606362
0.09600000000000003,0.07720000000000002,0.1887689119606362
0.09200000000000004,0.09758000000000004,0.1887689119606362
0.10000000000000005,0.09036000000000005,0.1887689119606362
0.09800000000000003,0.08224000000000002,0.1887689119606362
0.08600000000000002,0.08586000000000005,0.1887689119606362
0.14400000000000007,0.08816000000000004,0.1887689119606362
0.08800000000000002,0.10422000000000005,0.1887689119606362
0.11400000000000002,0.09126000000000005,0.1887689119606362
0.07200000000000004,0.08508000000000002,0.1887689119606362
0.038000000000000006,0.07500000000000001,0.1887689119606362
0.10000000000000002,0.08264,0.1887689119606362
0.09000000000000002,0.08552000000000001,0.1887689119606362
0.07000000000000002,0.08862000000000006,0.1887689119606362
0.09400000000000003,0.0852,0.1887689119606362
0.06800000000000002,0.09728000000000005,0.1887689119606362
0.09400000000000001,0.09568000000000003,0.1887689119606362
0.13000000000000006,0.10370000000000003,0.1887689119606362
0.08600000000000002,0.08672000000000002,0.1887689119606362
0.08800000000000005,0.08892000000000004,0.1887689119606362
0.09200000000000004,0.08706000000000004,0.1887689119606362
0.10200000000000005,0.09892000000000002,0.1887689119606362
0.11000000000000004,0.09998000000000007,0.1887689119606362
0.10800000000000004,0.10286000000000005,0.1887689119606362
0.09800000000000003,0.07288000000000004,0.1887689119606362
0.14800000000000005,0.08276000000000003,0.1887689119606362
0.06200000000000001,0.08144000000000003,0.1887689119606362
0.11000000000000004,0.08934000000000006,0.1887689119606362
0.10200000000000004,0.07968000000000003,0.1887689119606362
0.12000000000000004,0.08288000000000001,0.1887689119606362
0.09600000000000003,0.07602000000000006,0.1887689119606362
0.13000000000000003,0.09076000000000004,0.1887689119606362
0.07800000000000001,0.09058000000000002,0.1887689119606362
0.07600000000000001,0.09094000000000006,0.1887689119606362
0.06600000000000002,0.08680000000000003,0.1887689119606362
0.07200000000000001,0.08744000000000002,0.1887689119606362
0.08800000000000002,0.09038000000000006,0.1887689119606362
0.09000000000000002,0.09848000000000005,0.1887689119606362
0.046,0.10666000000000007,0.1887689119606362
0.05600000000000001,0.09766000000000004,0.1887689119606362
0.13600000000000004,0.09000000000000002,0.1887689119606362
0.11600000000000002,0.09542000000000003,0.1887689119606362
0.10200000000000005,0.09326000000000001,0.1887689119606362
0.13200000000000003,0.10562000000000005,0.1887689119606362
0.11600000000000005,0.08194000000000003,0.1887689119606362
0.10800000000000003,0.08754000000000005,0.1887689119606362
0.11600000000000005,0.08478000000000006,0.1887689119606362
0.09000000000000001,0.08394000000000004,0.1887689119606362
0.11200000000000004,0.09286000000000004,0.1887689119606362
0.09800000000000003,0.08634000000000004,0.1887689119606362
0.10200000000000004,0.09440000000000005,0.1887689119606362
0.09000000000000002,0.08718000000000004,0.1887689119606362
0.11800000000000005,0.09066000000000003,0.1887689119606362
0.10800000000000004,0.07938000000000005,0.1887689119606362
0.16200000000000006,0.09134000000000006,0.1887689119606362
0.17600000000000005,0.09802000000000004,0.1887689119606362
0.13200000000000006,0.09052000000000004,0.1887689119606362
0.13800000000000004,0.08886000000000001,0.1887689119606362
0.11200000000000004,0.07954000000000004,0.1887689119606362
0.16200000000000003,0.09338000000000003,0.1887689119606362
0.16000000000000003,0.09330000000000004,0.1887689119606362
0.14400000000000007,0.08800000000000002,0.1887689119606362
0.14400000000000007,0.08214000000000002,0.1887689119606362
0.13800000000000007,0.09946000000000005,0.1887689119606362
0.1640000000000001,0.09514000000000006,0.1887689119606362
0.11600000000000005,0.09316000000000005,0.1887689119606362
0.09200000000000003,0.08958000000000005,0.1887689119606362
0.11800000000000005,0.08914000000000004,0.1887689119606362
0.11000000000000004,0.08472000000000006,0.1887689119606362
0.14400000000000004,0.10694000000000002,0.1887689119606362
0.08400000000000002,0.10760000000000007,0.1887689119606362
0.14600000000000002,0.10168000000000008,0.1887689119606362
0.12000000000000005,0.08182000000000003,0.1887689119606362
0.09200000000000004,0.08266000000000003,0.1887689119606362
0.11400000000000002,0.07982000000000003,0.1887689119606362
0.12800000000000006,0.09014000000000001,0.1887689119606362
0.12200000000000003,0.08338000000000005,0.1887689119606362
0.10200000000000004,0.08808000000000002,0.1887689119606362
0.09600000000000003,0.08058000000000003,0.1887689119606362
0.07000000000000003,0.07698,0.1887689119606362
0.11200000000000003,0.08398000000000003,0.1887689119606362
0.057999999999999996,0.08614000000000004,0.1887689119606362
0.13800000000000004,0.08744000000000003,0.1887689119606362
0.11800000000000005,0.08110000000000005,0.1887689119606362
0.14400000000000004,0.08782000000000001,0.1887689119606362
0.11000000000000001,0.07934000000000005,0.1887689119606362
0.09400000000000006,0.08980000000000003,0.1887689119606362
0.10600000000000004,0.08758000000000003,0.1887689119606362
0.10400000000000004,0.08330000000000004,0.1887689119606362
0.08000000000000004,0.08724000000000003,0.1887689119606362
0.07400000000000002,0.09154000000000005,0.1887689119606362
0.11800000000000004,0.09712000000000004,0.1887689119606362
0.10400000000000001,0.09200000000000005,0.1887689119606362
0.14600000000000005,0.09346000000000004,0.1887689119606362
0.06400000000000003,0.08454,0.1887689119606362
0.12200000000000004,0.08922000000000005,0.1887689119606362
0.08800000000000002,0.09562000000000002,0.1887689119606362
0.15200000000000008,0.09256000000000005,0.1887689119606362
0.10000000000000006,0.08730000000000003,0.1887689119606362
0.15800000000000003,0.09282000000000003,0.1887689119606362
0.15200000000000005,0.10162000000000003,0.1887689119606362
0.12000000000000005,0.09988000000000007,0.1887689119606362
0.08800000000000004,0.08710000000000005,0.1887689119606362
0.09000000000000002,0.09442000000000003,0.1887689119606362
0.09000000000000002,0.08424000000000002,0.1887689119606362
0.11600000000000005,0.10362000000000005,0.1887689119606362
0.10400000000000004,0.10524000000000006,0.1887689119606362
0.12600000000000006,0.10460000000000004,0.1887689119606362
0.10000000000000003,0.08450000000000003,0.1887689119606362
0.1620000000000001,0.09134000000000003,0.1887689119606362
0.15600000000000006,0.09338000000000006,0.1887689119606362
0.12800000000000003,0.09584000000000005,0.1887689119606362
0.08400000000000003,0.08614000000000002,0.1887689119606362
0.11800000000000004,0.09094000000000003,0.1887689119606362
0.11400000000000005,0.08344,0.1887689119606362
0.13200000000000006,0.09994000000000003,0.1887689119606362
0.08400000000000002,0.09824000000000004,0.1887689119606362
0.138,0.09652000000000005,0.1887689119606362
0.11600000000000005,0.09118000000000002,0.1887689119606362
0.1620000000000001,0.09134000000000005,0.1887689119606362
0.11000000000000004,0.08908000000000002,0.1887689119606362
0.14400000000000007,0.10118000000000005,0.1887689119606362
0.09600000000000004,0.10536000000000005,0.1887689119606362
0.1700000000000001,0.10196000000000005,0.1887689119606362
0.08600000000000002,0.09746000000000005,0.1887689119606362
0.06200000000000001,0.09888000000000005,0.1887689119606362
0.09600000000000003,0.09624000000000005,0.1887689119606362
0.08200000000000003,0.10908000000000008,0.1887689119606362
0.11400000000000005,0.08084000000000004,0.1887689119606362
0.10600000000000004,0.08364000000000003,0.1887689119606362
0.10000000000000002,0.07424000000000003,0.1887689119606362
0.10600000000000004,0.09032000000000005,0.1887689119606362
0.12400000000000005,0.08516000000000003,0.1887689119606362
0.11600000000000005,0.08766000000000004,0.1887689119606362
0.10200000000000005,0.07920000000000002,0.1887689119606362
0.10400000000000005,0.07968000000000003,0.1887689119606362
0.13800000000000007,0.09148000000000002,0.1887689119606362
0.10000000000000005,0.08428000000000002,0.1887689119606362
0.14400000000000004,0.09330000000000002,0.1887689119606362
0.10800000000000004,0.07616000000000002,0.1887689119606362
0.13400000000000006,0.09224000000000003,0.1887689119606362
0.07600000000000001,0.08120000000000002,0.1887689119606362
0.12000000000000005,0.09122000000000005,0.1887689119606362
0.10000000000000003,0.09000000000000004,0.1887689119606362
0.08200000000000003,0.08564000000000002,0.1887689119606362
0.05400000000000003,0.08458000000000002,0.1887689119606362
0.11600000000000006,0.09468000000000003,0.1887689119606362
0.08400000000000003,0.10366000000000007,0.1887689119606362
0.11800000000000004,0.09238000000000006,0.1887689119606362
0.08800000000000004,0.09048000000000005,0.1887689119606362
0.07400000000000004,0.08060000000000005,0.1887689119606362
0.08400000000000005,0.08992000000000004,0.1887689119606362
0.10600000000000002,0.09736000000000003,0.1887689119606362
0.13400000000000006,0.08618000000000005,0.1887689119606362
0.07400000000000005,0.07708000000000001,0.1887689119606362
0.09200000000000003,0.09596000000000003,0.1887689119606362
0.08600000000000002,0.09436000000000004,0.1887689119606362
0.09800000000000003,0.09090000000000004,0.1887689119606362
0.08200000000000002,0.08448000000000003,0.1887689119606362
0.12400000000000008,0.08692000000000003,0.1887689119606362
0.07200000000000002,0.07974000000000003,0.1887689119606362
0.09400000000000003,0.10508000000000006,0.1887689119606362
0.10200000000000004,0.10082000000000005,0.1887689119606362
0.11600000000000003,0.09706000000000002,0.1887689119606362
0.10600000000000002,0.07984000000000004,0.1887689119606362
0.14400000000000007,0.09124000000000004,0.1887689119606362
0.11400000000000003,0.09304000000000003,0.1887689119606362
0.13000000000000003,0.08850000000000004,0.1887689119606362
0.07000000000000002,0.08676000000000003,0.1887689119606362
0.10400000000000004,0.08932000000000005,0.1887689119606362
0.096,0.08114000000000003,0.1887689119606362
0.12600000000000006,0.10328000000000007,0.1887689119606362
0.13000000000000006,0.10002000000000005,0.1887689119606362
0.13600000000000007,0.09558000000000007,0.1887689119606362
0.09000000000000002,0.08736000000000002,0.1887689119606362
0.11200000000000004,0.08024000000000003,0.1887689119606362
0.10400000000000001,0.07842000000000003,0.1887689119606362
0.07800000000000001,0.10296000000000004,0.1887689119606362
0.13000000000000003,0.10814000000000004,0.1887689119606362
0.06800000000000002,0.09330000000000002,0.1887689119606362
0.10400000000000004,0.09332000000000004,0.1887689119606362
0.10000000000000005,0.09630000000000004,0.1887689119606362
0.13400000000000004,0.09126000000000005,0.1887689119606362
0.11200000000000002,0.11058000000000005,0.1887689119606362
0.12600000000000006,0.08340000000000002,0.1887689119606362
0.12000000000000002,0.08036000000000003,0.1887689119606362
0.12200000000000005,0.08740000000000003,0.1887689119606362
0.12400000000000003,0.08804000000000002,0.1887689119606362
0.11200000000000004,0.08970000000000003,0.1887689119606362
0.11200000000000004,0.08236000000000002,0.1887689119606362
0.14600000000000005,0.08880000000000005,0.1887689119606362
0.12800000000000006,0.08264000000000005,0.1887689119606362
0.11600000000000005,0.09690000000000004,0.1887689119606362
0.07200000000000001,0.09032000000000004,0.1887689119606362
0.10200000000000005,0.08852000000000006,0.1887689119606362
0.07400000000000004,0.08954000000000005,0.1887689119606362
0.12800000000000003,0.09432000000000004,0.1887689119606362
0.13600000000000007,0.09978000000000006,0.1887689119606362
0.12200000000000005,0.09594000000000001,0.1887689119606362
0.08000000000000002,0.07628000000000004,0.1887689119606362
0.13400000000000004,0.08636000000000002,0.1887689119606362
0.10800000000000004,0.08088000000000004,0.1887689119606362
0.15600000000000006,0.09422000000000003,0.1887689119606362
0.10800000000000004,0.09152000000000005,0.1887689119606362
0.11400000000000003,0.08392000000000001,0.1887689119606362
0.058000000000000024,0.08570000000000005,0.1887689119606362
0.09600000000000003,0.09536000000000004,0.1887689119606362
0.10800000000000003,0.10214000000000005,0.1887689119606362
0.08600000000000002,0.09314000000000003,0.1887689119606362
0.07200000000000002,0.08876000000000003,0.1887689119606362
0.10600000000000004,0.08140000000000001,0.1887689119606362
0.08200000000000002,0.08674000000000001,0.1887689119606362
0.08800000000000002,0.09080000000000006,0.1887689119606362
0.11600000000000005,0.10786000000000005,0.1887689119606362
0.11400000000000003,0.08878000000000003,0.1887689119606362
0.09000000000000002,0.09776000000000007,0.1887689119606362
0.03,0.10358000000000003,0.1887689119606362
0.060000000000000026,0.09718000000000002,0.1887689119606362
0.07000000000000003,0.10638000000000003,0.1887689119606362
0.08600000000000005,0.08412000000000003,0.1887689119606362
0.11600000000000005,0.08716,0.1887689119606362
0.11800000000000005,0.09608000000000004,0.1887689119606362
0.11800000000000002,0.10202000000000006,0.1887689119606362
0.07400000000000004,0.08756000000000003,0.1887689119606362
0.08400000000000003,0.09060000000000001,0.1887689119606362
0.08400000000000005,0.08802000000000004,0.1887689119606362
0.13000000000000006,0.10468000000000002,0.1887689119606362
0.08600000000000002,0.09726000000000003,0.1887689119606362
0.11600000000000005,0.10074000000000004,0.1887689119606362
0.03400000000000002,0.08920000000000002,0.1887689119606362
0.09600000000000004,0.08984000000000002,0.1887689119606362
0.08000000000000003,0.09162000000000005,0.1887689119606362
0.11000000000000003,0.09932000000000005,0.1887689119606362
0.11400000000000005,0.10570000000000006,0.1887689119606362
0.12400000000000005,0.10062000000000003,0.1887689119606362
0.06400000000000002,0.10192000000000007,0.1887689119606362
0.052,0.10090000000000006,0.1887689119606362
0.07000000000000003,0.10458,0.1887689119606362
0.10400000000000004,0.10858000000000008,0.1887689119606362
0.10600000000000002,0.08924000000000003,0.1887689119606362
0.11200000000000004,0.08744,0.1887689119606362
0.10000000000000003,0.08894000000000003,0.1887689119606362
0.09000000000000001,0.10000000000000006,0.1887689119606362
0.11400000000000002,0.10314000000000005,0.1887689119606362
0.10000000000000003,0.10074000000000004,0.1887689119606362
0.10000000000000003,0.09528000000000005,0.1887689119606362
0.10000000000000003,0.09862000000000004,0.1887689119606362
0.11000000000000004,0.09562000000000005,0.1887689119606362
0.07600000000000003,0.11006000000000006,0.1887689119606362
0.13200000000000006,0.09464000000000007,0.1887689119606362
0.10000000000000003,0.09970000000000004,0.1887689119606362
0.07400000000000001,0.09758000000000006,0.1887689119606362
0.12000000000000005,0.10902000000000005,0.1887689119606362
0.10200000000000002,0.10862000000000006,0.1887689119606362
0.11000000000000003,0.09840000000000006,0.1887689119606362
0.12400000000000003,0.08792000000000003,0.1887689119606362
0.11400000000000003,0.09464000000000003,0.1887689119606362
0.11400000000000005,0.09008000000000006,0.1887689119606362
0.08600000000000003,0.09900000000000005,0.1887689119606362
0.08000000000000002,0.08880000000000003,0.1887689119606362
0.08600000000000002,0.09512000000000007,0.1887689119606362
0.14000000000000004,0.09764000000000003,0.1887689119606362
0.11600000000000002,0.09638000000000001,0.1887689119606362
0.10600000000000002,0.09530000000000004,0.1887689119606362
0.15200000000000002,0.09426000000000004,0.1887689119606362
0.11200000000000004,0.09542000000000006,0.1887689119606362
0.08800000000000002,0.09974000000000004,0.1887689119606362
0.11800000000000004,0.08634,0.1887689119606362
0.14,0.10882000000000004,0.1887689119606362
0.13800000000000007,0.09974000000000005,0.1887689119606362
0.11800000000000004,0.10380000000000006,0.1887689119606362
0.11800000000000005,0.09490000000000004,0.1887689119606362
0.10200000000000004,0.08658000000000002,0.1887689119606362
0.07800000000000001,0.09858000000000004,0.1887689119606362
0.14000000000000004,0.08522000000000006,0.1887689119606362
0.11400000000000006,0.10334000000000007,0.1887689119606362
0.12400000000000003,0.09466000000000006,0.1887689119606362
0.14400000000000007,0.10196000000000006,0.1887689119606362
0.10000000000000003,0.09062000000000002,0.1887689119606362
0.16000000000000003,0.10470000000000006,0.1887689119606362
0.13400000000000004,0.09058000000000006,0.1887689119606362
0.14800000000000005,0.10230000000000004,0.1887689119606362
0.15400000000000005,0.10562000000000003,0.1887689119606362
0.12600000000000006,0.10208000000000006,0.1887689119606362
0.06800000000000002,0.09986000000000003,0.1887689119606362
0.12200000000000005,0.08938000000000004,0.1887689119606362
0.1,0.10218000000000003,0.1887689119606362
0.09800000000000003,0.09754000000000004,0.1887689119606362
0.08200000000000002,0.10188000000000004,0.1887689119606362
0.07400000000000004,0.09618000000000003,0.1887689119606362
0.11600000000000002,0.11478000000000006,0.1887689119606362
0.10200000000000004,0.10694000000000002,0.1887689119606362
0.10200000000000002,0.11468000000000006,0.1887689119606362
0.08600000000000002,0.09406000000000005,0.1887689119606362
0.14400000000000004,0.09930000000000004,0.1887689119606362
0.11200000000000004,0.09484000000000006,0.1887689119606362
0.15400000000000003,0.11430000000000008,0.1887689119606362
0.13400000000000006,0.11884000000000007,0.1887689119606362
0.10800000000000001,0.10868000000000004,0.1887689119606362
0.05600000000000001,0.09628000000000003,0.1887689119606362
0.11400000000000005,0.09560000000000005,0.1887689119606362
0.06200000000000001,0.09684000000000006,0.1887689119606362
0.09000000000000004,0.09916000000000003,0.1887689119606362
0.12000000000000002,0.09052000000000006,0.1887689119606362
0.13000000000000003,0.10092000000000005,0.1887689119606362
0.16800000000000004,0.10296000000000002,0.1887689119606362
0.10400000000000004,0.09918000000000005,0.1887689119606362
0.10400000000000002,0.0882,0.1887689119606362
0.06800000000000002,0.09036000000000002,0.1887689119606362
0.023999999999999994,0.09492000000000005,0.1887689119606362
0.11800000000000002,0.08712000000000003,0.1887689119606362
0.07200000000000001,0.09268000000000004,0.1887689119606362
0.06600000000000002,0.08696000000000004,0.1887689119606362
0.08200000000000002,0.09146000000000006,0.1887689119606362
0.14200000000000004,0.09436000000000003,0.1887689119606362
0.11000000000000004,0.10012000000000007,0.1887689119606362
0.13200000000000003,0.09076000000000002,0.1887689119606362
0.07000000000000002,0.09928000000000005,0.1887689119606362
0.12400000000000003,0.10572000000000008,0.1887689119606362
0.08400000000000003,0.09554000000000004,0.1887689119606362
0.08600000000000003,0.10136000000000005,0.1887689119606362
0.11600000000000005,0.08948000000000005,0.1887689119606362
0.042000000000000016,0.09684000000000005,0.1887689119606362
0.13600000000000007,0.10076000000000003,0.1887689119606362
0.11600000000000005,0.09318000000000007,0.1887689119606362
0.12000000000000006,0.09484000000000005,0.1887689119606362
0.08600000000000002,0.10584000000000005,0.1887689119606362
0.14400000000000004,0.10160000000000005,0.1887689119606362
0.10000000000000003,0.10102000000000007,0.1887689119606362
0.08800000000000001,0.09620000000000004,0.1887689119606362
0.12200000000000004,0.09880000000000005,0.1887689119606362
0.12600000000000006,0.09386000000000003,0.1887689119606362
0.11200000000000002,0.10700000000000004,0.1887689119606362
0.11200000000000003,0.10314000000000006,0.1887689119606362
0.10200000000000004,0.10474000000000004,0.1887689119606362
0.09800000000000003,0.08870000000000003,0.1887689119606362
0.11800000000000005,0.08930000000000003,0.1887689119606362
0.07800000000000003,0.09110000000000003,0.1887689119606362
0.14400000000000004,0.08546000000000005,0.1887689119606362
0.11400000000000003,0.09742000000000005,0.1887689119606362
0.09200000000000003,0.09234000000000006,0.1887689119606362
0.14400000000000007,0.09552000000000004,0.1887689119606362
0.07200000000000001,0.09258000000000002,0.1887689119606362
0.10000000000000003,0.09246000000000003,0.1887689119606362
0.10200000000000004,0.08310000000000003,0.1887689119606362
0.12800000000000006,0.09978000000000004,0.1887689119606362
0.15800000000000003,0.09950000000000002,0.1887689119606362
0.09000000000000002,0.09312000000000006,0.1887689119606362
0.11600000000000005,0.10142000000000007,0.1887689119606362
0.11800000000000002,0.08994000000000003,0.1887689119606362
0.10000000000000003,0.10770000000000007,0.1887689119606362
0.11400000000000002,0.10194000000000003,0.1887689119606362
0.11400000000000003,0.09704000000000004,0.1887689119606362
0.15000000000000008,0.08526000000000003,0.1887689119606362
0.11600000000000003,0.10258000000000003,0.1887689119606362
0.13400000000000004,0.09354000000000003,0.1887689119606362
0.09400000000000003,0.09724000000000003,0.1887689119606362
0.11400000000000002,0.09046000000000003,0.1887689119606362
0.14800000000000005,0.09250000000000003,0.1887689119606362
0.14000000000000007,0.08616000000000006,0.1887689119606362
0.17000000000000004,0.10726000000000004,0.1887689119606362
0.134,0.10752000000000009,0.1887689119606362
0.14000000000000007,0.10200000000000006,0.1887689119606362
0.10200000000000002,0.08570000000000007,0.1887689119606362
0.09800000000000003,0.08702000000000003,0.1887689119606362
0.14,0.08426000000000004,0.1887689119606362
0.14200000000000007,0.09602000000000004,0.1887689119606362
0.08000000000000004,0.09030000000000002,0.1887689119606362
0.16400000000000006,0.09012000000000005,0.1887689119606362
0.09800000000000005,0.08962000000000005,0.1887689119606362
0.07600000000000003,0.0897,0.1887689119606362
0.09800000000000003,0.10166000000000004,0.1887689119606362
0.06800000000000002,0.09062000000000003,0.1887689119606362
0.10000000000000002,0.09784000000000004,0.1887689119606362
0.08400000000000002,0.08902000000000003,0.1887689119606362
0.09800000000000005,0.09950000000000005,0.1887689119606362
0.08,0.08646000000000004,0.1887689119606362
0.13600000000000007,0.10028000000000005,0.1887689119606362
0.09600000000000003,0.09182000000000001,0.1887689119606362
0.11000000000000003,0.09466000000000004,0.1887689119606362
0.07000000000000002,0.09564000000000004,0.1887689119606362
0.09200000000000001,0.10106000000000007,0.1887689119606362
0.12800000000000003,0.10808000000000005,0.1887689119606362
0.09800000000000003,0.10240000000000005,0.1887689119606362
0.08800000000000002,0.09718000000000004,0.1887689119606362
0.15400000000000005,0.08506000000000004,0.1887689119606362
0.10400000000000001,0.09526000000000007,0.1887689119606362
0.13400000000000006,0.09750000000000006,0.1887689119606362
0.126,0.09132000000000004,0.1887689119606362
0.13400000000000004,0.09358000000000004,0.1887689119606362
0.12400000000000005,0.10502000000000009,0.1887689119606362
0.15800000000000006,0.10054000000000006,0.1887689119606362
0.15800000000000008,0.10064000000000009,0.1887689119606362
0.13800000000000004,0.09378000000000002,0.1887689119606362
0.16400000000000006,0.09966000000000001,0.1887689119606362
0.14,0.09252000000000003,0.1887689119606362
0.13000000000000003,0.10966000000000004,0.1887689119606362
0.11800000000000004,0.10592000000000006,0.1887689119606362
0.11600000000000003,0.10176000000000006,0.1887689119606362
0.13000000000000006,0.09258000000000001,0.1887689119606362
0.13200000000000003,0.10998000000000006,0.1887689119606362
0.10200000000000002,0.10434000000000006,0.1887689119606362
0.13000000000000006,0.10600000000000005,0.1887689119606362
0.09000000000000002,0.09934000000000005,0.1887689119606362
0.13200000000000006,0.10094000000000003,0.1887689119606362
0.11200000000000004,0.10072000000000005,0.1887689119606362
0.04600000000000001,0.11330000000000004,0.1887689119606362
0.15000000000000005,0.10984000000000005,0.1887689119606362
0.14800000000000008,0.10748000000000005,0.1887689119606362
0.07400000000000002,0.09694000000000005,0.1887689119606362
0.10400000000000002,0.09694000000000003,0.1887689119606362
0.07600000000000003,0.10148000000000006,0.1887689119606362
0.10600000000000001,0.11054000000000005,0.1887689119606362
0.12200000000000005,0.11168000000000003,0.1887689119606362
0.10000000000000005,0.10876000000000005,0.1887689119606362
0.10000000000000002,0.10738000000000004,0.1887689119606362
0.14800000000000008,0.10216000000000007,0.1887689119606362
0.16600000000000004,0.10688000000000006,0.1887689119606362
0.15600000000000006,0.12180000000000002,0.1887689119606362
0.06600000000000002,0.08356000000000005,0.1887689119606362
0.08400000000000003,0.09056000000000003,0.1887689119606362
0.10000000000000006,0.08800000000000004,0.1887689119606362
0.032000000000000015,0.09792000000000003,0.1887689119606362
0.07800000000000001,0.08304,0.1887689119606362
0.08000000000000002,0.09256000000000002,0.1887689119606362
0.09000000000000005,0.08960000000000003,0.1887689119606362
0.054000000000000006,0.09350000000000004,0.1887689119606362
0.04200000000000001,0.08764000000000002,0.1887689119606362
0.09000000000000005,0.08304000000000003,0.1887689119606362
0.022000000000000002,0.08936000000000006,0.1887689119606362
0.09200000000000003,0.08028000000000005,0.1887689119606362
0.08600000000000002,0.08448000000000003,0.1887689119606362
0.09200000000000003,0.07896000000000003,0.1887689119606362
0.10400000000000002,0.08714000000000001,0.1887689119606362
0.07600000000000001,0.08944000000000002,0.1887689119606362
0.07600000000000001,0.09904000000000004,0.1887689119606362
0.12200000000000003,0.08760000000000005,0.1887689119606362
0.068,0.09228000000000006,0.1887689119606362
0.09400000000000003,0.09364000000000003,0.1887689119606362
0.06600000000000002,0.09522000000000005,0.1887689119606362
0.06400000000000002,0.08776000000000006,0.1887689119606362
0.11000000000000004,0.08388000000000007,0.1887689119606362
0.10800000000000004,0.08548000000000003,0.1887689119606362
0.07800000000000001,0.08648000000000004,0.1887689119606362
0.09400000000000004,0.08130000000000004,0.1887689119606362
0.07400000000000001,0.08668000000000002,0.1887689119606362
0.08000000000000002,0.09520000000000005,0.1887689119606362
0.06200000000000001,0.09204000000000004,0.1887689119606362
0.11000000000000004,0.09490000000000005,0.1887689119606362
0.05,0.08228000000000002,0.1887689119606362
0.09600000000000002,0.08844000000000002,0.1887689119606362
0.08800000000000002,0.08358000000000006,0.1887689119606362
0.11800000000000005,0.09056000000000006,0.1887689119606362
0.10600000000000004,0.09534000000000002,0.1887689119606362
0.08400000000000002,0.09378000000000004,0.1887689119606362
0.08400000000000002,0.08470000000000003,0.1887689119606362
0.11600000000000005,0.08630000000000003,0.1887689119606362
0.044,0.09058000000000005,0.1887689119606362
0.11000000000000004,0.08278000000000003,0.1887689119606362
0.08000000000000002,0.10018000000000005,0.1887689119606362
0.08600000000000002,0.08378000000000003,0.1887689119606362
0.11000000000000003,0.09704000000000004,0.1887689119606362
0.11800000000000004,0.08894000000000002,0.1887689119606362
0.07400000000000001,0.09642000000000005,0.1887689119606362
0.15600000000000003,0.0809,0.1887689119606362
0.11800000000000004,0.09878000000000005,0.1887689119606362
0.12000000000000005,0.09358000000000002,0.1887689119606362
0.10400000000000002,0.09304000000000005,0.1887689119606362
0.09400000000000003,0.09646000000000005,0.1887689119606362
0.13600000000000004,0.08474000000000002,0.1887689119606362
0.10200000000000002,0.09826000000000004,0.1887689119606362
0.07200000000000002,0.09422000000000001,0.1887689119606362
0.068,0.09364000000000004,0.1887689119606362
0.12000000000000005,0.08446000000000004,0.1887689119606362
0.08600000000000003,0.10818000000000005,0.1887689119606362
0.06000000000000001,0.09350000000000003,0.1887689119606362
0.10400000000000001,0.09920000000000004,0.1887689119606362
0.09200000000000003,0.08982000000000002,0.1887689119606362
0.10600000000000002,0.08950000000000002,0.1887689119606362
0.11000000000000003,0.08212000000000001,0.1887689119606362
0.10400000000000002,0.09890000000000003,0.1887689119606362
0.09600000000000006,0.10556000000000004,0.1887689119606362
0.12200000000000003,0.10056000000000002,0.1887689119606362
0.09200000000000003,0.08814000000000005,0.1887689119606362
0.05600000000000002,0.09346,0.1887689119606362
0.10600000000000002,0.08422000000000004,0.1887689119606362
0.15600000000000006,0.09173999999999999,0.1887689119606362
0.12200000000000004,0.08422000000000006,0.1887689119606362
0.13000000000000003,0.09452000000000003,0.1887689119606362
0.06000000000000001,0.09154000000000004,0.1887689119606362
0.08600000000000002,0.07906000000000002,0.1887689119606362
0.12400000000000005,0.09206000000000004,0.1887689119606362
0.10600000000000004,0.08202000000000002,0.1887689119606362
0.08600000000000002,0.08636000000000002,0.1887689119606362
0.13400000000000004,0.08798000000000003,0.1887689119606362
0.08400000000000002,0.09942000000000005,0.1887689119606362
0.046000000000000006,0.08210000000000002,0.1887689119606362
0.10600000000000001,0.09968000000000005,0.1887689119606362
0.13000000000000003,0.09190000000000006,0.1887689119606362
0.11600000000000002,0.08606000000000005,0.1887689119606362
0.05600000000000001,0.08712000000000004,0.1887689119606362
0.10600000000000001,0.09046000000000003,0.1887689119606362
0.12200000000000003,0.10308000000000005,0.1887689119606362
0.12000000000000002,0.08984000000000003,0.1887689119606362
0.05800000000000001,0.09798000000000007,0.1887689119606362
0.12400000000000005,0.08562000000000003,0.1887689119606362
0.12200000000000003,0.09262000000000002,0.1887689119606362
0.17200000000000007,0.09266000000000003,0.1887689119606362
0.09600000000000002,0.08784000000000003,0.1887689119606362
0.12000000000000005,0.09398000000000004,0.1887689119606362
0.07800000000000004,0.10182000000000006,0.1887689119606362
0.11600000000000005,0.09546000000000002,0.1887689119606362
0.10400000000000004,0.10132000000000006,0.1887689119606362
0.14,0.08898,0.1887689119606362
0.16200000000000003,0.09658000000000003,0.1887689119606362
0.13400000000000006,0.08912000000000006,0.1887689119606362
0.12000000000000005,0.09810000000000003,0.1887689119606362
0.12000000000000002,0.10116000000000006,0.1887689119606362
0.12200000000000004,0.09952000000000008,0.1887689119606362
0.08800000000000002,0.08862000000000005,0.1887689119606362
0.12200000000000005,0.10098000000000006,0.1887689119606362
0.048000000000000015,0.09578000000000006,0.1887689119606362
0.07200000000000004,0.09672000000000004,0.1887689119606362
0.08800000000000002,0.09114000000000001,0.1887689119606362
0.09400000000000003,0.08894000000000003,0.1887689119606362
0.062,0.08624000000000001,0.1887689119606362
0.14400000000000004,0.09986000000000007,0.1887689119606362
0.10800000000000001,0.09784000000000004,0.1887689119606362
0.11000000000000003,0.09616000000000002,0.1887689119606362
0.06400000000000002,0.09938000000000004,0.1887689119606362
0.05800000000000001,0.09334000000000003,0.1887689119606362
0.09000000000000002,0.09692000000000003,0.1887689119606362
0.06800000000000002,0.10478000000000004,0.1887689119606362
0.11200000000000004,0.11144000000000004,0.1887689119606362
0.07800000000000001,0.10584000000000007,0.1887689119606362
0.09400000000000003,0.09746000000000005,0.1887689119606362
0.09800000000000005,0.09952000000000005,0.1887689119606362
0.09600000000000003,0.09812000000000004,0.1887689119606362
0.08600000000000002,0.11104000000000006,0.1887689119606362
0.13000000000000006,0.08400000000000005,0.1887689119606362
0.09400000000000003,0.08392000000000004,0.1887689119606362
0.04200000000000002,0.08572000000000005,0.1887689119606362
0.14000000000000004,0.08356000000000004,0.1887689119606362
0.11400000000000002,0.09024000000000004,0.1887689119606362
0.12000000000000005,0.08264000000000003,0.1887689119606362
0.11600000000000005,0.08886000000000001,0.1887689119606362
0.07600000000000001,0.08564000000000002,0.1887689119606362
0.07600000000000003,0.09280000000000005,0.1887689119606362
0.09400000000000003,0.08660000000000005,0.1887689119606362
0.08400000000000002,0.09224000000000004,0.1887689119606362
0.13400000000000006,0.09344000000000005,0.1887689119606362
0.09800000000000003,0.08666000000000003,0.1887689119606362
0.05200000000000002,0.09492000000000005,0.1887689119606362
0.11800000000000002,0.08332000000000003,0.1887689119606362
0.07200000000000002,0.09388000000000005,0.1887689119606362
0.07400000000000001,0.09416000000000005,0.1887689119606362
0.12200000000000003,0.08558000000000004,0.1887689119606362
0.09800000000000003,0.08784000000000003,0.1887689119606362
0.07600000000000003,0.09668000000000004,0.1887689119606362
0.09000000000000004,0.09528000000000002,0.1887689119606362
0.14600000000000007,0.09434000000000005,0.1887689119606362
0.08200000000000002,0.09412000000000002,0.1887689119606362
0.12000000000000004,0.09508000000000004,0.1887689119606362
0.15200000000000008,0.08714000000000004,0.1887689119606362
0.12200000000000005,0.10128000000000005,0.1887689119606362
0.11000000000000001,0.09754000000000006,0.1887689119606362
0.12000000000000002,0.09494000000000005,0.1887689119606362
0.07400000000000002,0.08288000000000005,0.1887689119606362
0.07400000000000004,0.08372000000000002,0.1887689119606362
0.14000000000000004,0.08428000000000004,0.1887689119606362
0.11400000000000005,0.09044000000000006,0.1887689119606362
0.10400000000000004,0.08212000000000005,0.1887689119606362
0.13200000000000003,0.08306000000000002,0.1887689119606362
0.05800000000000003,0.08948000000000005,0.1887689119606362
0.07600000000000003,0.07936000000000004,0.1887689119606362
0.06200000000000003,0.08908000000000003,0.1887689119606362
0.08400000000000003,0.08448000000000003,0.1887689119606362
0.07600000000000001,0.08762000000000002,0.1887689119606362
0.08000000000000004,0.08460000000000002,0.1887689119606362
0.06600000000000003,0.09140000000000006,0.1887689119606362
0.07600000000000004,0.07664,0.1887689119606362
0.09200000000000005,0.08814000000000005,0.1887689119606362
0.09600000000000004,0.08784000000000003,0.1887689119606362
0.09800000000000005,0.08584000000000006,0.1887689119606362
0.12200000000000005,0.08530000000000003,0.1887689119606362
0.10000000000000003,0.08736000000000002,0.1887689119606362
0.10400000000000004,0.09638000000000002,0.1887689119606362
0.12600000000000003,0.08570000000000005,0.1887689119606362
0.06000000000000002,0.09228000000000003,0.1887689119606362
0.11800000000000005,0.09044000000000005,0.1887689119606362
0.04000000000000001,0.09200000000000001,0.1887689119606362
0.08200000000000002,0.09540000000000007,0.1887689119606362
0.12200000000000004,0.08618000000000003,0.1887689119606362
0.14200000000000007,0.09280000000000004,0.1887689119606362
0.11200000000000003,0.10024,0.1887689119606362
0.10200000000000004,0.09724000000000003,0.1887689119606362
0.08600000000000003,0.09878000000000003,0.1887689119606362
0.12600000000000006,0.09872000000000006,0.1887689119606362
0.132,0.09992000000000006,0.1887689119606362
0.13200000000000003,0.08766000000000003,0.1887689119606362
0.046000000000000006,0.10344000000000006,0.1887689119606362
0.07400000000000002,0.09858000000000006,0.1887689119606362
0.10000000000000003,0.09806000000000005,0.1887689119606362
0.10600000000000004,0.09336000000000004,0.1887689119606362
0.06400000000000002,0.10132000000000006,0.1887689119606362
0.10200000000000004,0.09596000000000005,0.1887689119606362
0.09800000000000003,0.09626000000000004,0.1887689119606362
0.08600000000000002,0.09168000000000003,0.1887689119606362
0.10800000000000004,0.09492000000000005,0.1887689119606362
0.11200000000000004,0.08614000000000004,0.1887689119606362
0.058000000000000024,0.10128000000000004,0.1887689119606362
0.09000000000000001,0.09758000000000004,0.1887689119606362
0.16400000000000003,0.09686000000000006,0.1887689119606362
0.06600000000000003,0.09352000000000006,0.1887689119606362
0.10000000000000002,0.09420000000000005,0.1887689119606362
0.11200000000000004,0.09626000000000003,0.1887689119606362
0.06600000000000002,0.10068000000000005,0.1887689119606362
0.13800000000000007,0.10110000000000004,0.1887689119606362
0.12000000000000005,0.10270000000000007,0.1887689119606362
0.07600000000000003,0.10044000000000004,0.1887689119606362
0.10800000000000003,0.10106000000000004,0.1887689119606362
0.13800000000000007,0.09918000000000005,0.1887689119606362
0.10800000000000003,0.10434000000000004,0.1887689119606362
0.10400000000000004,0.08030000000000004,0.1887689119606362
0.07600000000000004,0.08342000000000004,0.1887689119606362
0.14600000000000005,0.07678000000000003,0.1887689119606362
0.10400000000000004,0.09630000000000007,0.1887689119606362
0.12600000000000003,0.08598000000000003,0.1887689119606362
0.13400000000000004,0.08440000000000002,0.1887689119606362
0.06000000000000001,0.08938000000000004,0.1887689119606362
0.09000000000000002,0.08270000000000002,0.1887689119606362
0.09200000000000003,0.09586000000000004,0.1887689119606362
0.09000000000000002,0.08086000000000002,0.1887689119606362
0.14200000000000004,0.08900000000000004,0.1887689119606362
0.08200000000000002,0.08062000000000005,0.1887689119606362
0.06000000000000001,0.09238000000000006,0.1887689119606362
0.05400000000000002,0.08010000000000005,0.1887689119606362
0.08200000000000005,0.08956000000000003,0.1887689119606362
0.06200000000000003,0.09306000000000002,0.1887689119606362
0.15200000000000005,0.08594000000000002,0.1887689119606362
0.10800000000000004,0.08776000000000003,0.1887689119606362
0.13000000000000003,0.09010000000000004,0.1887689119606362
0.07400000000000001,0.10124000000000004,0.1887689119606362
0.13600000000000007,0.08736000000000005,0.1887689119606362
0.07,0.09010000000000004,0.1887689119606362
0.14800000000000005,0.08186000000000004,0.1887689119606362
0.04600000000000002,0.09502000000000006,0.1887689119606362
0.056000000000000015,0.09698000000000007,0.1887689119606362
0.10800000000000005,0.08092000000000003,0.1887689119606362
0.13600000000000007,0.07890000000000003,0.1887689119606362
0.09000000000000002,0.09786000000000007,0.1887689119606362
0.10400000000000004,0.09350000000000004,0.1887689119606362
0.10000000000000003,0.09092000000000003,0.1887689119606362
0.10000000000000005,0.09330000000000005,0.1887689119606362
0.10600000000000004,0.09274000000000003,0.1887689119606362
0.13400000000000006,0.08044000000000001,0.1887689119606362
0.10000000000000003,0.09874000000000005,0.1887689119606362
0.11600000000000003,0.09680000000000004,0.1887689119606362
0.11000000000000004,0.08796000000000001,0.1887689119606362
0.12400000000000003,0.08774000000000005,0.1887689119606362
0.11400000000000005,0.10322000000000006,0.1887689119606362
0.07200000000000004,0.09866000000000003,0.1887689119606362
0.14400000000000004,0.09740000000000001,0.1887689119606362
0.09200000000000003,0.09638000000000001,0.1887689119606362
0.09000000000000002,0.09346000000000006,0.1887689119606362
0.10600000000000002,0.08816,0.1887689119606362
0.08800000000000002,0.10534000000000006,0.1887689119606362
0.10800000000000004,0.10328000000000004,0.1887689119606362
0.09400000000000003,0.09304000000000005,0.1887689119606362
0.07600000000000001,0.08946000000000001,0.1887689119606362
0.11000000000000003,0.08758000000000002,0.1887689119606362
0.13400000000000006,0.08384000000000001,0.1887689119606362
0.03600000000000002,0.10190000000000006,0.1887689119606362
0.12800000000000006,0.10252000000000007,0.1887689119606362
0.07800000000000001,0.09164000000000005,0.1887689119606362
0.13000000000000006,0.10006000000000005,0.1887689119606362
0.08600000000000002,0.09536000000000004,0.1887689119606362
0.15600000000000006,0.09212000000000005,0.1887689119606362
0.12600000000000003,0.10560000000000008,0.1887689119606362
0.06000000000000002,0.08834000000000004,0.1887689119606362
0.09800000000000002,0.08414000000000005,0.1887689119606362
0.07600000000000001,0.09494000000000004,0.1887689119606362
0.07400000000000001,0.08874000000000004,0.1887689119606362
0.12600000000000006,0.08664000000000004,0.1887689119606362
0.11800000000000002,0.08670000000000001,0.1887689119606362
0.11200000000000004,0.09538000000000003,0.1887689119606362
0.07400000000000001,0.08238000000000001,0.1887689119606362
0.10200000000000005,0.09384000000000006,0.1887689119606362
0.138,0.09142000000000003,0.1887689119606362
0.12400000000000005,0.08910000000000001,0.1887689119606362
0.12000000000000004,0.08676000000000002,0.1887689119606362
0.08600000000000002,0.09178000000000004,0.1887689119606362
0.14200000000000004,0.09700000000000004,0.1887689119606362
0.13200000000000006,0.08880000000000005,0.1887689119606362
0.08200000000000005,0.08758000000000003,0.1887689119606362
0.09600000000000003,0.09558000000000003,0.1887689119606362
0.03400000000000001,0.08366000000000003,0.1887689119606362
0.09800000000000006,0.09628000000000009,0.1887689119606362
0.07400000000000001,0.10038000000000002,0.1887689119606362
0.05200000000000002,0.09186000000000005,0.1887689119606362
0.06000000000000002,0.09124000000000002,0.1887689119606362
0.09800000000000003,0.09714000000000003,0.1887689119606362
0.07,0.10192000000000004,0.1887689119606362
0.10000000000000003,0.09056000000000003,0.1887689119606362
0.12200000000000005,0.09394000000000007,0.1887689119606362
0.09600000000000002,0.08502000000000004,0.1887689119606362
0.09600000000000006,0.09500000000000006,0.1887689119606362
0.03000000000000001,0.08898000000000003,0.1887689119606362
0.12200000000000003,0.10340000000000006,0.1887689119606362
0.09200000000000003,0.08804000000000002,0.1887689119606362
0.11600000000000005,0.09790000000000003,0.1887689119606362
0.08800000000000002,0.10276000000000005,0.1887689119606362
0.14600000000000005,0.09264000000000003,0.1887689119606362
0.09200000000000003,0.09704000000000003,0.1887689119606362
0.12800000000000003,0.09046000000000003,0.1887689119606362
0.07000000000000002,0.09982000000000002,0.1887689119606362
0.08400000000000002,0.09998000000000004,0.1887689119606362
0.08400000000000002,0.09896000000000005,0.1887689119606362
0.08000000000000003,0.09346000000000006,0.1887689119606362
0.09400000000000004,0.09678000000000002,0.1887689119606362
0.11000000000000006,0.09084000000000003,0.1887689119606362
0.06,0.10558000000000006,0.1887689119606362
0.12000000000000005,0.09632000000000004,0.1887689119606362
0.10600000000000002,0.09288000000000003,0.1887689119606362
0.09200000000000003,0.10046000000000008,0.1887689119606362
0.11000000000000001,0.09626000000000004,0.1887689119606362
0.11800000000000005,0.09692000000000003,0.1887689119606362
0.060000000000000026,0.10726000000000002,0.1887689119606362
0.12800000000000003,0.10540000000000008,0.1887689119606362
0.06200000000000003,0.10268000000000005,0.1887689119606362
0.08200000000000005,0.10414000000000005,0.1887689119606362
0.13400000000000004,0.09864000000000002,0.1887689119606362
0.14800000000000002,0.09788000000000006,0.1887689119606362
0.07,0.10660000000000006,0.1887689119606362
0.08000000000000002,0.09882000000000005,0.1887689119606362
0.09000000000000002,0.09562000000000005,0.1887689119606362
0.062,0.10000000000000003,0.1887689119606362
0.03599999999999999,0.10698000000000009,0.1887689119606362
0.14800000000000002,0.10412000000000005,0.1887689119606362
0.10600000000000004,0.10224000000000004,0.1887689119606362
0.09800000000000003,0.10726000000000004,0.1887689119606362
0.05800000000000001,0.10724000000000006,0.1887689119606362
0.11200000000000002,0.10132000000000006,0.1887689119606362
0.12600000000000003,0.10736000000000008,0.1887689119606362
0.09400000000000003,0.10102000000000004,0.1887689119606362
0.09400000000000001,0.11008000000000005,0.1887689119606362
0.09600000000000003,0.10472000000000004,0.1887689119606362
0.09400000000000003,0.10816000000000005,0.1887689119606362
0.16000000000000006,0.10748000000000009,0.1887689119606362
0.12800000000000006,0.08608000000000003,0.1887689119606362
0.11800000000000005,0.08984000000000004,0.1887689119606362
0.09400000000000003,0.08960000000000004,0.1887689119606362
0.05000000000000002,0.09104000000000007,0.1887689119606362
0.012000000000000004,0.08220000000000002,0.1887689119606362
0.08200000000000002,0.09828000000000006,0.1887689119606362
0.12000000000000004,0.09244000000000002,0.1887689119606362
0.09200000000000004,0.09134000000000003,0.1887689119606362
0.04400000000000002,0.08744000000000002,0.1887689119606362
0.09200000000000004,0.08308000000000003,0.1887689119606362
0.04000000000000001,0.08452000000000004,0.1887689119606362
0.05800000000000001,0.07900000000000004,0.1887689119606362
0.07200000000000002,0.09032000000000004,0.1887689119606362
0.09000000000000002,0.08224000000000005,0.1887689119606362
0.12600000000000003,0.08742000000000003,0.1887689119606362
0.11400000000000003,0.08888000000000006,0.1887689119606362
0.07400000000000001,0.09696000000000005,0.1887689119606362
0.10000000000000002,0.08820000000000001,0.1887689119606362
0.10600000000000002,0.09280000000000004,0.1887689119606362
0.20800000000000007,0.10328000000000005,0.1887689119606362
0.06000000000000002,0.09410000000000004,0.1887689119606362
0.09400000000000003,0.09176000000000006,0.1887689119606362
0.040000000000000015,0.08096000000000005,0.1887689119606362
0.08200000000000002,0.08936000000000001,0.1887689119606362
0.14400000000000004,0.09060000000000001,0.1887689119606362
0.11200000000000004,0.08642000000000002,0.1887689119606362
0.05200000000000001,0.08952000000000007,0.1887689119606362
0.06200000000000001,0.09852000000000002,0.1887689119606362
0.15200000000000005,0.09480000000000005,0.1887689119606362
0.04000000000000001,0.10098000000000003,0.1887689119606362
0.06000000000000001,0.08412000000000004,0.1887689119606362
0.08600000000000003,0.09004000000000001,0.1887689119606362
0.09400000000000001,0.08234000000000004,0.1887689119606362
0.12800000000000003,0.09608000000000004,0.1887689119606362
0.11600000000000003,0.09490000000000004,0.1887689119606362
0.12200000000000005,0.09846000000000003,0.1887689119606362
0.12200000000000005,0.08742000000000003,0.1887689119606362
0.12200000000000005,0.08350000000000002,0.1887689119606362
0.07400000000000004,0.08970000000000003,0.1887689119606362
0.08000000000000003,0.07754000000000001,0.1887689119606362
0.07800000000000001,0.09470000000000003,0.1887689119606362
0.11200000000000004,0.08550000000000002,0.1887689119606362
0.13600000000000004,0.09376000000000005,0.1887689119606362
0.12000000000000002,0.08826000000000006,0.1887689119606362
0.060000000000000026,0.08662000000000003,0.1887689119606362
0.08200000000000003,0.07850000000000001,0.1887689119606362
0.12800000000000003,0.09502000000000002,0.1887689119606362
0.17400000000000004,0.09606000000000003,0.1887689119606362
0.07800000000000003,0.08980000000000003,0.1887689119606362
0.032,0.09002000000000003,0.1887689119606362
0.06200000000000001,0.08026000000000003,0.1887689119606362
0.12800000000000003,0.09802000000000002,0.1887689119606362
0.11000000000000003,0.09790000000000006,0.1887689119606362
0.05000000000000001,0.09008000000000004,0.1887689119606362
0.05400000000000003,0.08374000000000002,0.1887689119606362
0.06400000000000002,0.10378000000000005,0.1887689119606362
0.050000000000000024,0.09206000000000003,0.1887689119606362
0.05400000000000003,0.09668000000000004,0.1887689119606362
0.058000000000000024,0.08706000000000004,0.1887689119606362
0.06800000000000002,0.08842000000000004,0.1887689119606362
0.08000000000000003,0.08164000000000005,0.1887689119606362
0.12600000000000003,0.10542000000000006,0.1887689119606362
0.11000000000000004,0.10268000000000002,0.1887689119606362
0.06800000000000003,0.09688000000000005,0.1887689119606362
0.07800000000000001,0.08686000000000002,0.1887689119606362
0.09800000000000005,0.08826000000000005,0.1887689119606362
0.05600000000000003,0.08378000000000002,0.1887689119606362
0.14200000000000007,0.09210000000000006,0.1887689119606362
0.10400000000000004,0.09194000000000002,0.1887689119606362
0.11200000000000007,0.09756000000000005,0.1887689119606362
0.09400000000000003,0.09002000000000004,0.1887689119606362
0.06000000000000001,0.08454000000000003,0.1887689119606362
0.11800000000000005,0.09578000000000006,0.1887689119606362
0.11200000000000004,0.08662000000000003,0.1887689119606362
0.08400000000000003,0.08956000000000006,0.1887689119606362
0.060000000000000026,0.08482000000000003,0.1887689119606362
0.10200000000000006,0.09778000000000003,0.1887689119606362
0.10800000000000004,0.08710000000000002,0.1887689119606362
0.11200000000000004,0.09984000000000005,0.1887689119606362
0.12000000000000004,0.08862000000000005,0.1887689119606362
0.07000000000000003,0.09038000000000003,0.1887689119606362
0.08200000000000002,0.08956000000000003,0.1887689119606362
0.12000000000000005,0.09702000000000004,0.1887689119606362
0.12800000000000003,0.10288000000000005,0.1887689119606362
0.10600000000000004,0.09780000000000005,0.1887689119606362
0.08000000000000002,0.09274000000000003,0.1887689119606362
0.05400000000000001,0.08602000000000005,0.1887689119606362
0.09600000000000003,0.09302000000000005,0.1887689119606362
0.19000000000000006,0.09746000000000005,0.1887689119606362
0.05800000000000002,0.09180000000000005,0.1887689119606362
0.05800000000000002,0.09022000000000004,0.1887689119606362
0.10000000000000002,0.09686000000000004,0.1887689119606362
0.15000000000000005,0.10578000000000005,0.1887689119606362
0.08200000000000003,0.10240000000000002,0.1887689119606362
0.10200000000000005,0.09078000000000004,0.1887689119606362
0.16800000000000007,0.09798000000000005,0.1887689119606362
0.11600000000000005,0.09000000000000004,0.1887689119606362
0.1620000000000001,0.11054000000000007,0.1887689119606362
0.12200000000000003,0.09972000000000003,0.1887689119606362
0.12000000000000005,0.10352000000000006,0.1887689119606362
0.05000000000000002,0.08542000000000005,0.1887689119606362
0.056000000000000015,0.09850000000000006,0.1887689119606362
0.09000000000000002,0.09826,0.1887689119606362
0.05,0.10076000000000006,0.1887689119606362
0.12200000000000004,0.08998000000000005,0.1887689119606362
0.12400000000000003,0.08906000000000001,0.1887689119606362
0.04400000000000002,0.08736000000000003,0.1887689119606362
0.14600000000000005,0.10414000000000004,0.1887689119606362
0.07800000000000001,0.10512000000000003,0.1887689119606362
0.07600000000000003,0.09920000000000005,0.1887689119606362
0.07400000000000002,0.09902000000000004,0.1887689119606362
0.14400000000000002,0.09634000000000002,0.1887689119606362
0.09600000000000003,0.09796000000000006,0.1887689119606362
0.10200000000000004,0.10914000000000007,0.1887689119606362
0.09800000000000002,0.11120000000000005,0.1887689119606362
0.10800000000000004,0.10936000000000003,0.1887689119606362
0.14800000000000008,0.09850000000000003,0.1887689119606362
0.08800000000000002,0.10020000000000004,0.1887689119606362
0.14600000000000007,0.10000000000000003,0.1887689119606362
0.08400000000000003,0.11476000000000006,0.1887689119606362
0.10000000000000005,0.08484000000000005,0.1887689119606362
0.08000000000000002,0.08556000000000002,0.1887689119606362
0.06800000000000003,0.08464000000000003,0.1887689119606362
0.09800000000000005,0.07796000000000003,0.1887689119606362
0.12400000000000005,0.09280000000000005,0.1887689119606362
0.09400000000000003,0.08576000000000002,0.1887689119606362
0.10600000000000004,0.08714000000000004,0.1887689119606362
0.06600000000000003,0.09108000000000002,0.1887689119606362
0.06600000000000003,0.09040000000000005,0.1887689119606362
0.048000000000000015,0.07720000000000003,0.1887689119606362
0.11400000000000005,0.08844000000000003,0.1887689119606362
0.14400000000000004,0.09788000000000008,0.1887689119606362
0.07600000000000003,0.08490000000000003,0.1887689119606362
0.09000000000000002,0.09340000000000004,0.1887689119606362
0.05600000000000002,0.07960000000000002,0.1887689119606362
0.08600000000000002,0.09208000000000005,0.1887689119606362
0.11600000000000003,0.09668000000000002,0.1887689119606362
0.06000000000000001,0.08502,0.1887689119606362
0.06000000000000001,0.08228000000000003,0.1887689119606362
0.07400000000000001,0.10096000000000002,0.1887689119606362
0.13200000000000006,0.09860000000000005,0.1887689119606362
0.11600000000000006,0.09418000000000001,0.1887689119606362
0.09200000000000003,0.08596000000000005,0.1887689119606362
0.09400000000000006,0.08692000000000005,0.1887689119606362
0.07000000000000003,0.08726000000000005,0.1887689119606362
0.13200000000000003,0.10256000000000001,0.1887689119606362
0.14400000000000004,0.10030000000000004,0.1887689119606362
0.07000000000000002,0.09794000000000005,0.1887689119606362
0.10400000000000002,0.08708000000000005,0.1887689119606362
0.032000000000000015,0.08240000000000003,0.1887689119606362
0.07800000000000001,0.07924000000000003,0.1887689119606362
0.08000000000000002,0.08804000000000002,0.1887689119606362
0.13000000000000006,0.08940000000000003,0.1887689119606362
0.07800000000000004,0.08870000000000001,0.1887689119606362
0.07200000000000002,0.08696000000000004,0.1887689119606362
0.054000000000000034,0.08016000000000004,0.1887689119606362
0.1,0.09284000000000005,0.1887689119606362
0.05400000000000004,0.08728000000000004,0.1887689119606362
0.08600000000000002,0.08870000000000006,0.1887689119606362
0.04200000000000001,0.08012000000000001,0.1887689119606362
0.04800000000000001,0.09076000000000005,0.1887689119606362
0.07000000000000003,0.08288000000000001,0.1887689119606362
0.09400000000000003,0.08746000000000002,0.1887689119606362
0.058,0.08604000000000003,0.1887689119606362
0.056000000000000015,0.08516000000000003,0.1887689119606362
0.056000000000000015,0.08146000000000003,0.1887689119606362
0.09400000000000003,0.09492000000000005,0.1887689119606362
0.09000000000000002,0.09526000000000003,0.1887689119606362
0.04400000000000001,0.08706000000000003,0.1887689119606362
0.134,0.09380000000000008,0.1887689119606362
0.06000000000000002,0.08672000000000002,0.1887689119606362
0.06600000000000002,0.09188000000000003,0.1887689119606362
0.07200000000000004,0.09592000000000003,0.1887689119606362
0.07200000000000001,0.08778000000000004,0.1887689119606362
0.09200000000000004,0.08716000000000002,0.1887689119606362
0.10600000000000002,0.09524000000000005,0.1887689119606362
0.14000000000000007,0.10488000000000006,0.1887689119606362
0.06800000000000003,0.09446,0.1887689119606362
0.06800000000000003,0.08864000000000004,0.1887689119606362
0.08600000000000003,0.09704000000000004,0.1887689119606362
0.06200000000000001,0.08650000000000004,0.1887689119606362
0.10800000000000003,0.10496000000000003,0.1887689119606362
0.09600000000000003,0.09742000000000008,0.1887689119606362
0.07000000000000002,0.10114000000000005,0.1887689119606362
0.04800000000000002,0.08644000000000003,0.1887689119606362
0.08200000000000002,0.10048,0.1887689119606362
0.14800000000000005,0.09936000000000006,0.1887689119606362
0.11200000000000004,0.09450000000000006,0.1887689119606362
0.03600000000000002,0.08960000000000004,0.1887689119606362
0.07000000000000003,0.09628000000000005,0.1887689119606362
0.058000000000000024,0.08674000000000004,0.1887689119606362
0.08000000000000002,0.10272000000000002,0.1887689119606362
0.08000000000000003,0.09642000000000003,0.1887689119606362
0.054000000000000006,0.09410000000000006,0.1887689119606362
0.04000000000000002,0.09000000000000001,0.1887689119606362
0.11800000000000005,0.09060000000000004,0.1887689119606362
0.09800000000000006,0.09390000000000007,0.1887689119606362
0.10400000000000004,0.10316000000000004,0.1887689119606362
0.11200000000000006,0.10250000000000004,0.1887689119606362
0.09000000000000002,0.10234000000000008,0.1887689119606362
0.07800000000000001,0.10056000000000002,0.1887689119606362
0.09400000000000003,0.09458000000000004,0.1887689119606362
0.10400000000000004,0.09638000000000006,0.1887689119606362
0.07800000000000001,0.10762000000000004,0.1887689119606362
0.09000000000000004,0.08398000000000003,0.1887689119606362
0.046000000000000006,0.07622000000000002,0.1887689119606362
0.10400000000000004,0.07074000000000001,0.1887689119606362
0.13000000000000006,0.08730000000000004,0.1887689119606362
0.13200000000000003,0.08906000000000006,0.1887689119606362
0.08400000000000003,0.08288000000000002,0.1887689119606362
0.07000000000000003,0.08418000000000003,0.1887689119606362
0.07200000000000001,0.07802000000000003,0.1887689119606362
0.11000000000000001,0.09590000000000001,0.1887689119606362
0.13600000000000007,0.08570000000000003,0.1887689119606362
0.07600000000000003,0.08804000000000003,0.1887689119606362
0.07200000000000004,0.07346000000000003,0.1887689119606362
0.06200000000000003,0.08730000000000006,0.1887689119606362
0.08400000000000005,0.08174000000000005,0.1887689119606362
0.09600000000000004,0.08404000000000005,0.1887689119606362
0.14800000000000002,0.08562000000000004,0.1887689119606362
0.10600000000000004,0.08810000000000004,0.1887689119606362
0.07800000000000001,0.08156000000000002,0.1887689119606362
0.14400000000000004,0.09890000000000004,0.1887689119606362
0.08800000000000002,0.10304000000000002,0.1887689119606362
0.06600000000000003,0.09164000000000005,0.1887689119606362
0.11600000000000005,0.08638000000000005,0.1887689119606362
0.07000000000000003,0.07474000000000001,0.1887689119606362
0.10800000000000004,0.08782000000000002,0.1887689119606362
0.13000000000000006,0.09122000000000004,0.1887689119606362
0.05400000000000002,0.08176000000000003,0.1887689119606362
0.10600000000000002,0.07586000000000001,0.1887689119606362
0.11200000000000004,0.09370000000000003,0.1887689119606362
0.1700000000000001,0.09462000000000004,0.1887689119606362
0.08600000000000003,0.08336000000000003,0.1887689119606362
0.11000000000000004,0.07982000000000003,0.1887689119606362
0.14400000000000007,0.08390000000000004,0.1887689119606362
0.09200000000000003,0.07804000000000001,0.1887689119606362
0.15800000000000003,0.09910000000000004,0.1887689119606362
0.11000000000000004,0.09552000000000005,0.1887689119606362
0.08400000000000005,0.09076000000000002,0.1887689119606362
0.08600000000000002,0.07782000000000001,0.1887689119606362
0.09600000000000004,0.09858000000000006,0.1887689119606362
0.13000000000000003,0.09202000000000003,0.1887689119606362
0.13000000000000006,0.09032000000000004,0.1887689119606362
0.11000000000000004,0.08466000000000003,0.1887689119606362
0.08800000000000004,0.09110000000000006,0.1887689119606362
0.04800000000000001,0.08064000000000003,0.1887689119606362
0.15400000000000005,0.10242000000000005,0.1887689119606362
0.13400000000000006,0.09928000000000003,0.1887689119606362
0.06800000000000002,0.09320000000000005,0.1887689119606362
0.07800000000000001,0.08214000000000002,0.1887689119606362
0.10800000000000004,0.08114000000000002,0.1887689119606362
0.09200000000000003,0.08000000000000004,0.1887689119606362
0.07800000000000003,0.09834000000000007,0.1887689119606362
0.13000000000000006,0.09780000000000004,0.1887689119606362
0.07600000000000004,0.09492000000000005,0.1887689119606362
0.12800000000000006,0.09150000000000005,0.1887689119606362
0.15600000000000008,0.08828000000000005,0.1887689119606362
0.12600000000000003,0.08920000000000004,0.1887689119606362
0.12400000000000003,0.10908000000000007,0.1887689119606362
0.12200000000000003,0.08650000000000005,0.1887689119606362
0.10000000000000005,0.07530000000000002,0.1887689119606362
0.13800000000000004,0.08930000000000005,0.1887689119606362
0.11600000000000003,0.08614000000000004,0.1887689119606362
0.08800000000000002,0.08688000000000003,0.1887689119606362
0.048,0.07530000000000003,0.1887689119606362
0.11000000000000004,0.08582000000000001,0.1887689119606362
0.11600000000000005,0.08546000000000005,0.1887689119606362
0.11200000000000004,0.08576000000000004,0.1887689119606362
0.09200000000000001,0.08750000000000004,0.1887689119606362
0.10600000000000001,0.08982000000000007,0.1887689119606362
0.054000000000000034,0.08568,0.1887689119606362
0.08800000000000002,0.09602000000000001,0.1887689119606362
0.11200000000000004,0.09296000000000006,0.1887689119606362
0.09800000000000003,0.09252000000000006,0.1887689119606362
0.060000000000000026,0.08434000000000005,0.1887689119606362
0.11000000000000001,0.09210000000000006,0.1887689119606362
0.07600000000000004,0.08554000000000002,0.1887689119606362
0.11600000000000003,0.09460000000000003,0.1887689119606362
0.10800000000000004,0.08846000000000002,0.1887689119606362
0.08200000000000003,0.09122000000000002,0.1887689119606362
0.06600000000000003,0.09032000000000003,0.1887689119606362
0.10000000000000003,0.09682000000000004,0.1887689119606362
0.12800000000000003,0.10156000000000007,0.1887689119606362
0.041999999999999996,0.09196000000000004,0.1887689119606362
0.052000000000000005,0.08650000000000004,0.1887689119606362
0.07,0.08230000000000003,0.1887689119606362
0.030000000000000016,0.08824000000000005,0.1887689119606362
0.08000000000000003,0.09034000000000003,0.1887689119606362
0.13200000000000006,0.10144000000000009,0.1887689119606362
0.06600000000000003,0.09456000000000005,0.1887689119606362
0.10600000000000002,0.09418000000000006,0.1887689119606362
0.07000000000000003,0.09676000000000005,0.1887689119606362
0.060000000000000026,0.09320000000000003,0.1887689119606362
0.08200000000000002,0.10552000000000004,0.1887689119606362
0.054,0.08422000000000002,0.1887689119606362
0.07200000000000002,0.09494000000000004,0.1887689119606362
0.11400000000000003,0.09774000000000004,0.1887689119606362
0.09000000000000001,0.09580000000000007,0.1887689119606362
0.10200000000000004,0.08950000000000007,0.1887689119606362
0.12800000000000006,0.09146000000000004,0.1887689119606362
0.05600000000000002,0.08596000000000005,0.1887689119606362
0.09000000000000002,0.10634000000000006,0.1887689119606362
0.11000000000000004,0.09792000000000003,0.1887689119606362
0.09200000000000004,0.09528000000000006,0.1887689119606362
0.08200000000000003,0.08626000000000003,0.1887689119606362
0.16000000000000006,0.09334000000000003,0.1887689119606362
0.08000000000000003,0.08604000000000005,0.1887689119606362
0.14600000000000005,0.10554000000000005,0.1887689119606362
0.15800000000000006,0.09756000000000004,0.1887689119606362
0.13600000000000007,0.10268000000000002,0.1887689119606362
0.12400000000000005,0.09886000000000006,0.1887689119606362
0.08800000000000002,0.09180000000000002,0.1887689119606362
0.09800000000000003,0.09312000000000005,0.1887689119606362
0.13600000000000007,0.11056000000000009,0.1887689119606362
0.07000000000000003,0.09126000000000001,0.1887689119606362
0.060000000000000026,0.09190000000000004,0.1887689119606362
0.06400000000000003,0.09384000000000005,0.1887689119606362
0.05800000000000002,0.10510000000000004,0.1887689119606362
0.10600000000000004,0.10676000000000008,0.1887689119606362
0.04400000000000001,0.10544000000000005,0.1887689119606362
0.09200000000000003,0.10422000000000005,0.1887689119606362
0.10000000000000003,0.09888000000000005,0.1887689119606362
0.07000000000000003,0.09720000000000005,0.1887689119606362
0.10400000000000004,0.11500000000000006,0.1887689119606362
0.12000000000000005,0.10086000000000003,0.1887689119606362
0.088,0.09764000000000002,0.1887689119606362
0.13400000000000004,0.10212000000000003,0.1887689119606362
0.11200000000000006,0.11164000000000006,0.1887689119606362
0.15000000000000005,0.10716000000000005,0.1887689119606362
0.10200000000000002,0.07816000000000002,0.1887689119606362
0.09400000000000006,0.07508000000000004,0.1887689119606362
0.08200000000000002,0.08032000000000003,0.1887689119606362
0.08000000000000002,0.07196000000000002,0.1887689119606362
0.07400000000000002,0.08376000000000004,0.1887689119606362
0.10400000000000004,0.07548000000000005,0.1887689119606362
0.11200000000000003,0.08606000000000003,0.1887689119606362
0.040000000000000015,0.07852000000000002,0.1887689119606362
0.032000000000000015,0.08336000000000003,0.1887689119606362
0.07800000000000003,0.07616000000000005,0.1887689119606362
0.08000000000000004,0.08748000000000003,0.1887689119606362
0.08200000000000002,0.08608000000000002,0.1887689119606362
0.04200000000000002,0.08430000000000004,0.1887689119606362
0.07600000000000001,0.08592000000000004,0.1887689119606362
0.06600000000000003,0.07764000000000004,0.1887689119606362
0.06400000000000002,0.08428000000000002,0.1887689119606362
0.034000000000000016,0.08500000000000002,0.1887689119606362
0.04600000000000002,0.07934000000000002,0.1887689119606362
0.038,0.08168000000000003,0.1887689119606362
0.052000000000000005,0.09588000000000006,0.1887689119606362
0.03400000000000003,0.08836000000000004,0.1887689119606362
0.030000000000000006,0.08922000000000004,0.1887689119606362
0.03,0.08264000000000002,0.1887689119606362
0.04400000000000001,0.08188000000000002,0.1887689119606362
0.07200000000000004,0.07854000000000001,0.1887689119606362
0.04200000000000002,0.09536000000000004,0.1887689119606362
0.026000000000000002,0.09078000000000001,0.1887689119606362
0.052,0.08526000000000003,0.1887689119606362
0.07000000000000003,0.07796000000000002,0.1887689119606362
0.029999999999999985,0.07888000000000002,0.1887689119606362
0.10000000000000003,0.07484000000000005,0.1887689119606362
0.08600000000000001,0.08484000000000004,0.1887689119606362
0.06800000000000003,0.07880000000000005,0.1887689119606362
0.028000000000000004,0.08482000000000005,0.1887689119606362
0.12200000000000003,0.07556000000000003,0.1887689119606362
0.10400000000000004,0.0698,0.1887689119606362
0.11800000000000002,0.07952000000000002,0.1887689119606362
0.10000000000000003,0.06968000000000003,0.1887689119606362
0.10400000000000004,0.07806000000000003,0.1887689119606362
0.08400000000000003,0.07552,0.1887689119606362
0.058,0.08184000000000002,0.1887689119606362
0.09200000000000003,0.07144000000000002,0.1887689119606362
0.09600000000000003,0.08386000000000005,0.1887689119606362
0.06800000000000002,0.07776000000000002,0.1887689119606362
0.10200000000000004,0.07684000000000003,0.1887689119606362
0.07400000000000001,0.07682000000000004,0.1887689119606362
0.06800000000000002,0.08156000000000004,0.1887689119606362
0.068,0.08854000000000006,0.1887689119606362
0.06600000000000002,0.08190000000000006,0.1887689119606362
0.08800000000000002,0.08848000000000003,0.1887689119606362
0.04600000000000001,0.08372000000000004,0.1887689119606362
0.02000000000000001,0.08584,0.1887689119606362
0.06200000000000001,0.08624000000000005,0.1887689119606362
0.034,0.08594000000000004,0.1887689119606362
0.11000000000000001,0.08688000000000004,0.1887689119606362
0.06000000000000001,0.09152000000000003,0.1887689119606362
0.09800000000000003,0.09368000000000004,0.1887689119606362
0.07000000000000002,0.09454000000000005,0.1887689119606362
0.07,0.08428000000000004,0.1887689119606362
0.08400000000000002,0.08960000000000004,0.1887689119606362
0.06400000000000003,0.08378000000000003,0.1887689119606362
0.05000000000000001,0.09112000000000003,0.1887689119606362
0.05800000000000001,0.09286000000000005,0.1887689119606362
0.052000000000000005,0.09574000000000003,0.1887689119606362
0.07000000000000002,0.07924000000000003,0.1887689119606362
0.08800000000000002,0.08216000000000001,0.1887689119606362
0.09400000000000003,0.08196000000000003,0.1887689119606362
0.07800000000000004,0.08526000000000002,0.1887689119606362
0.05000000000000002,0.07816000000000002,0.1887689119606362
0.09600000000000003,0.08008000000000001,0.1887689119606362
0.04800000000000001,0.07614000000000003,0.1887689119606362
0.08200000000000005,0.08924000000000004,0.1887689119606362
0.07800000000000003,0.08670000000000005,0.1887689119606362
0.08800000000000001,0.08618000000000003,0.1887689119606362
0.03,0.08312000000000004,0.1887689119606362
0.10400000000000004,0.08536000000000002,0.1887689119606362
0.07200000000000002,0.08906000000000004,0.1887689119606362
0.05,0.09032000000000004,0.1887689119606362
0.078,0.09622000000000003,0.1887689119606362
0.06000000000000001,0.09418000000000004,0.1887689119606362
0.08800000000000002,0.08564000000000004,0.1887689119606362
0.06800000000000003,0.08846000000000002,0.1887689119606362
0.10600000000000005,0.08958,0.1887689119606362
0.048000000000000015,0.09690000000000004,0.1887689119606362
0.08000000000000003,0.07822000000000001,0.1887689119606362
0.07600000000000001,0.07838000000000003,0.1887689119606362
0.08600000000000002,0.07210000000000003,0.1887689119606362
0.13600000000000007,0.08610000000000001,0.1887689119606362
0.10200000000000004,0.08238000000000002,0.1887689119606362
0.10600000000000002,0.08276000000000004,0.1887689119606362
0.06400000000000002,0.08174000000000002,0.1887689119606362
0.09000000000000004,0.07318000000000001,0.1887689119606362
0.12000000000000002,0.08338000000000001,0.1887689119606362
0.09400000000000003,0.0737,0.1887689119606362
0.06200000000000003,0.07980000000000002,0.1887689119606362
0.09000000000000004,0.07350000000000004,0.1887689119606362
0.056000000000000015,0.09014000000000003,0.1887689119606362
0.05800000000000001,0.07486000000000002,0.1887689119606362
0.10600000000000004,0.08996000000000004,0.1887689119606362
0.05400000000000001,0.08454000000000003,0.1887689119606362
0.08000000000000002,0.07930000000000002,0.1887689119606362
0.048,0.07820000000000003,0.1887689119606362
0.10200000000000004,0.08562000000000003,0.1887689119606362
0.05800000000000001,0.09384000000000003,0.1887689119606362
0.08000000000000003,0.08720000000000004,0.1887689119606362
0.054000000000000006,0.08762000000000003,0.1887689119606362
0.09600000000000003,0.07902000000000005,0.1887689119606362
0.06200000000000003,0.08354000000000002,0.1887689119606362
0.05600000000000001,0.08826,0.1887689119606362
0.04000000000000001,0.08200000000000005,0.1887689119606362
0.07600000000000003,0.07862000000000001,0.1887689119606362
0.05800000000000001,0.09518000000000001,0.1887689119606362
0.07200000000000001,0.08798000000000003,0.1887689119606362
0.05600000000000002,0.09120000000000002,0.1887689119606362
0.08000000000000002,0.07834000000000002,0.1887689119606362
0.09400000000000003,0.08366000000000003,0.1887689119606362
0.07000000000000003,0.07420000000000004,0.1887689119606362
0.07600000000000001,0.09446000000000003,0.1887689119606362
0.12000000000000004,0.09232000000000003,0.1887689119606362
0.06600000000000003,0.08752000000000003,0.1887689119606362
0.06800000000000003,0.07854000000000004,0.1887689119606362
0.08600000000000003,0.09098000000000006,0.1887689119606362
0.028000000000000008,0.08598000000000003,0.1887689119606362
0.08800000000000002,0.09036000000000005,0.1887689119606362
0.08400000000000002,0.08290000000000003,0.1887689119606362
0.041999999999999996,0.07866000000000004,0.1887689119606362
0.03800000000000001,0.07396000000000001,0.1887689119606362
0.06000000000000001,0.09694000000000003,0.1887689119606362
0.06,0.09052000000000003,0.1887689119606362
0.030000000000000006,0.08608000000000002,0.1887689119606362
0.05200000000000002,0.08774000000000003,0.1887689119606362
0.03,0.08070000000000002,0.1887689119606362
0.04200000000000001,0.08348000000000005,0.1887689119606362
0.016000000000000004,0.09902000000000007,0.1887689119606362
0.08000000000000002,0.10424000000000005,0.1887689119606362
0.04600000000000002,0.09180000000000002,0.1887689119606362
0.026,0.09162000000000003,0.1887689119606362
0.04200000000000002,0.09032000000000004,0.1887689119606362
0.056000000000000015,0.08272000000000004,0.1887689119606362
0.04600000000000001,0.10260000000000004,0.1887689119606362
0.06800000000000002,0.08374000000000004,0.1887689119606362
0.07800000000000003,0.07926000000000005,0.1887689119606362
0.10800000000000003,0.08678000000000002,0.1887689119606362
0.13,0.07990000000000005,0.1887689119606362
0.06600000000000002,0.08480000000000003,0.1887689119606362
0.05800000000000002,0.07766000000000003,0.1887689119606362
0.09600000000000003,0.09010000000000003,0.1887689119606362
0.09800000000000003,0.07738000000000005,0.1887689119606362
0.09800000000000003,0.09216000000000002,0.1887689119606362
0.11000000000000003,0.08594000000000003,0.1887689119606362
0.11200000000000002,0.08398000000000004,0.1887689119606362
0.07200000000000002,0.08488000000000002,0.1887689119606362
0.12600000000000006,0.09170000000000007,0.1887689119606362
0.082,0.09520000000000003,0.1887689119606362
0.09600000000000003,0.08904000000000002,0.1887689119606362
0.05000000000000001,0.07546000000000003,0.1887689119606362
0.09200000000000003,0.08850000000000002,0.1887689119606362
0.10200000000000005,0.07734000000000002,0.1887689119606362
0.09000000000000002,0.08960000000000005,0.1887689119606362
0.09800000000000003,0.08574000000000005,0.1887689119606362
0.09200000000000003,0.07774000000000002,0.1887689119606362
0.048000000000000015,0.07780000000000004,0.1887689119606362
0.14200000000000004,0.08582000000000002,0.1887689119606362
0.11000000000000004,0.09080000000000005,0.1887689119606362
0.08400000000000002,0.07844000000000001,0.1887689119606362
0.05000000000000003,0.08434000000000005,0.1887689119606362
0.12000000000000004,0.07898000000000002,0.1887689119606362
0.07600000000000003,0.08628000000000002,0.1887689119606362
0.13000000000000003,0.08830000000000006,0.1887689119606362
0.11400000000000005,0.10260000000000004,0.1887689119606362
0.12400000000000004,0.08608000000000005,0.1887689119606362
0.10800000000000003,0.08966000000000006,0.1887689119606362
0.060000000000000026,0.09704000000000007,0.1887689119606362
0.05400000000000003,0.08904000000000004,0.1887689119606362
0.06800000000000002,0.09560000000000003,0.1887689119606362
0.06000000000000001,0.08590000000000005,0.1887689119606362
0.038000000000000006,0.08918000000000004,0.1887689119606362
0.06800000000000003,0.09282000000000007,0.1887689119606362
0.024000000000000007,0.09080000000000003,0.1887689119606362
0.09200000000000003,0.08430000000000003,0.1887689119606362
0.11400000000000002,0.09022000000000004,0.1887689119606362
0.04600000000000002,0.08032000000000002,0.1887689119606362
0.09200000000000001,0.09582000000000003,0.1887689119606362
0.06800000000000003,0.09220000000000006,0.1887689119606362
0.038000000000000006,0.09096000000000003,0.1887689119606362
0.04000000000000001,0.08978000000000004,0.1887689119606362
0.09800000000000003,0.09650000000000006,0.1887689119606362
0.07800000000000003,0.09352,0.1887689119606362
0.03600000000000002,0.09982000000000003,0.1887689119606362
0.060000000000000026,0.10376000000000006,0.1887689119606362
0.09000000000000004,0.10420000000000003,0.1887689119606362
0.094,0.09578000000000005,0.1887689119606362
0.09400000000000004,0.09568000000000007,0.1887689119606362
0.11600000000000005,0.09656000000000008,0.1887689119606362
0.09800000000000002,0.10704000000000005,0.1887689119606362
0.04000000000000001,0.08642000000000005,0.1887689119606362
0.07400000000000004,0.08198000000000001,0.1887689119606362
0.05,0.08912000000000002,0.1887689119606362
0.056000000000000015,0.09814000000000005,0.1887689119606362
0.07600000000000001,0.10044000000000004,0.1887689119606362
0.06600000000000002,0.09532000000000004,0.1887689119606362
0.08200000000000003,0.09094000000000001,0.1887689119606362
0.03800000000000002,0.08752000000000001,0.1887689119606362
0.06800000000000003,0.08772000000000003,0.1887689119606362
0.07800000000000003,0.10128000000000005,0.1887689119606362
0.08600000000000002,0.09782000000000006,0.1887689119606362
0.07400000000000001,0.10044000000000003,0.1887689119606362
0.10000000000000003,0.10168000000000005,0.1887689119606362
0.07000000000000002,0.11056000000000007,0.1887689119606362
0.10000000000000003,0.10408000000000009,0.1887689119606362
0.04600000000000001,0.08123999999999999,0.1887689119606362
0.07000000000000003,0.07964000000000002,0.1887689119606362
0.10400000000000004,0.07460000000000003,0.1887689119606362
0.09400000000000003,0.08116,0.1887689119606362
0.10000000000000003,0.07920000000000003,0.1887689119606362
0.06800000000000002,0.07894000000000004,0.1887689119606362
0.08600000000000003,0.08052000000000004,0.1887689119606362
0.06400000000000003,0.07488,0.1887689119606362
0.07400000000000004,0.08692000000000003,0.1887689119606362
0.05600000000000001,0.07836000000000003,0.1887689119606362
0.07600000000000003,0.07966000000000006,0.1887689119606362
0.10800000000000004,0.07424000000000003,0.1887689119606362
0.07800000000000001,0.08784000000000004,0.1887689119606362
0.11200000000000004,0.07784000000000002,0.1887689119606362
0.14000000000000007,0.08214000000000002,0.1887689119606362
0.08400000000000002,0.08324000000000005,0.1887689119606362
0.15800000000000008,0.07848000000000002,0.1887689119606362
0.07400000000000002,0.07650000000000003,0.1887689119606362
0.11200000000000004,0.08496000000000004,0.1887689119606362
0.09600000000000003,0.09094000000000003,0.1887689119606362
0.11000000000000003,0.07998000000000002,0.1887689119606362
0.10400000000000004,0.08580000000000002,0.1887689119606362
0.050000000000000024,0.0798,0.1887689119606362
0.05200000000000001,0.08768000000000002,0.1887689119606362
0.05400000000000002,0.09240000000000004,0.1887689119606362
0.05000000000000002,0.07894000000000001,0.1887689119606362
0.08200000000000003,0.07708000000000001,0.1887689119606362
0.09200000000000003,0.09052000000000006,0.1887689119606362
0.09000000000000004,0.09036000000000004,0.1887689119606362
0.07800000000000001,0.08278000000000002,0.1887689119606362
0.07400000000000004,0.07868000000000003,0.1887689119606362
0.024000000000000014,0.08608000000000002,0.1887689119606362
0.036000000000000025,0.07590000000000004,0.1887689119606362
0.09000000000000004,0.09568000000000006,0.1887689119606362
0.058000000000000024,0.08650000000000004,0.1887689119606362
0.04400000000000001,0.08586000000000003,0.1887689119606362
0.11800000000000004,0.08316000000000005,0.1887689119606362
0.09200000000000003,0.09168000000000004,0.1887689119606362
0.09800000000000003,0.09356000000000003,0.1887689119606362
0.13800000000000007,0.09066000000000005,0.1887689119606362
0.07400000000000004,0.08564000000000004,0.1887689119606362
0.11200000000000003,0.08940000000000005,0.1887689119606362
0.08800000000000002,0.07582000000000003,0.1887689119606362
0.07800000000000001,0.09832000000000005,0.1887689119606362
0.10600000000000001,0.09062000000000003,0.1887689119606362
0.08400000000000002,0.08618000000000002,0.1887689119606362
0.07000000000000002,0.08264000000000005,0.1887689119606362
0.10400000000000004,0.08232000000000003,0.1887689119606362
0.12000000000000005,0.07998000000000005,0.1887689119606362
0.06200000000000001,0.09984000000000007,0.1887689119606362
0.13000000000000003,0.09874000000000005,0.1887689119606362
0.09600000000000003,0.09350000000000006,0.1887689119606362
0.06400000000000003,0.09016000000000005,0.1887689119606362
0.08400000000000002,0.08830000000000002,0.1887689119606362
0.09800000000000003,0.08694000000000003,0.1887689119606362
0.08400000000000003,0.09730000000000004,0.1887689119606362
0.11000000000000001,0.07788,0.1887689119606362
0.08800000000000002,0.07488,0.1887689119606362
0.08200000000000003,0.08272000000000003,0.1887689119606362
0.08800000000000002,0.08400000000000002,0.1887689119606362
0.09200000000000004,0.08194000000000003,0.1887689119606362
0.06400000000000004,0.07912000000000002,0.1887689119606362
0.12200000000000003,0.08060000000000003,0.1887689119606362
0.08400000000000002,0.07796000000000004,0.1887689119606362
0.06400000000000003,0.08330000000000003,0.1887689119606362
0.11200000000000004,0.08288000000000005,0.1887689119606362
0.10600000000000004,0.08108000000000004,0.1887689119606362
0.09400000000000006,0.07750000000000004,0.1887689119606362
0.08400000000000002,0.08775999999999999,0.1887689119606362
0.084,0.09118000000000004,0.1887689119606362
0.08200000000000003,0.08262000000000001,0.1887689119606362
0.07600000000000003,0.07780000000000004,0.1887689119606362
0.09800000000000005,0.08196000000000002,0.1887689119606362
0.11600000000000006,0.07688000000000002,0.1887689119606362
0.10800000000000005,0.08162000000000004,0.1887689119606362
0.08800000000000002,0.08028000000000003,0.1887689119606362
0.05800000000000004,0.07772000000000003,0.1887689119606362
0.06600000000000002,0.08018000000000003,0.1887689119606362
0.06400000000000002,0.08940000000000002,0.1887689119606362
0.068,0.08790000000000003,0.1887689119606362
0.09000000000000001,0.08146000000000003,0.1887689119606362
0.044000000000000004,0.08288000000000005,0.1887689119606362
0.06600000000000002,0.07688000000000003,0.1887689119606362
0.08200000000000003,0.08506000000000004,0.1887689119606362
0.023999999999999994,0.08140000000000003,0.1887689119606362
0.06800000000000002,0.08978000000000003,0.1887689119606362
0.08600000000000003,0.07902000000000002,0.1887689119606362
0.09000000000000002,0.08832000000000004,0.1887689119606362
0.05400000000000002,0.08658000000000005,0.1887689119606362
0.10400000000000005,0.07970000000000003,0.1887689119606362
0.07400000000000001,0.08954000000000002,0.1887689119606362
0.07400000000000002,0.08412,0.1887689119606362
0.07200000000000001,0.08740000000000005,0.1887689119606362
0.09400000000000003,0.09696000000000006,0.1887689119606362
0.07800000000000004,0.09014000000000004,0.1887689119606362
0.06200000000000004,0.08600000000000003,0.1887689119606362
0.044,0.09064000000000003,0.1887689119606362
0.02000000000000001,0.08282,0.1887689119606362
0.05,0.09784000000000005,0.1887689119606362
0.022000000000000013,0.09174000000000003,0.1887689119606362
0.056000000000000015,0.09434000000000002,0.1887689119606362
0.10200000000000006,0.08804000000000006,0.1887689119606362
0.11200000000000004,0.09124000000000003,0.1887689119606362
0.11200000000000004,0.08834000000000003,0.1887689119606362
0.07000000000000003,0.09800000000000006,0.1887689119606362
0.11400000000000005,0.09538000000000003,0.1887689119606362
0.08800000000000002,0.09374000000000005,0.1887689119606362
0.07200000000000002,0.09776000000000004,0.1887689119606362
0.07600000000000001,0.09190000000000004,0.1887689119606362
0.05800000000000002,0.09038000000000003,0.1887689119606362
0.06800000000000002,0.09974000000000005,0.1887689119606362
0.08200000000000003,0.08940000000000005,0.1887689119606362
0.06800000000000003,0.08528000000000004,0.1887689119606362
0.10400000000000005,0.08754000000000005,0.1887689119606362
0.11000000000000004,0.09976000000000006,0.1887689119606362
0.12600000000000006,0.09422000000000008,0.1887689119606362
0.10800000000000004,0.09806000000000002,0.1887689119606362
0.056000000000000015,0.09628000000000003,0.1887689119606362
0.023999999999999994,0.09430000000000005,0.1887689119606362
0.06200000000000001,0.09258000000000004,0.1887689119606362
0.10800000000000003,0.09974000000000005,0.1887689119606362
0.08800000000000002,0.09324000000000005,0.1887689119606362
0.11200000000000004,0.09706000000000001,0.1887689119606362
0.12200000000000005,0.09654000000000003,0.1887689119606362
0.10400000000000005,0.10390000000000006,0.1887689119606362
0.09400000000000003,0.09986000000000006,0.1887689119606362
0.07200000000000002,0.07806000000000002,0.1887689119606362
0.10200000000000004,0.07354000000000002,0.1887689119606362
0.08800000000000004,0.08506000000000004,0.1887689119606362
0.08600000000000002,0.08354000000000004,0.1887689119606362
0.07000000000000002,0.07768000000000001,0.1887689119606362
0.10600000000000004,0.06966000000000003,0.1887689119606362
0.084,0.08290000000000002,0.1887689119606362
0.11000000000000003,0.08026000000000001,0.1887689119606362
0.10200000000000004,0.07748000000000001,0.1887689119606362
0.13400000000000006,0.07790000000000001,0.1887689119606362
0.15200000000000002,0.07986000000000003,0.1887689119606362
0.10400000000000005,0.07384,0.1887689119606362
0.19400000000000006,0.08814000000000002,0.1887689119606362
0.08600000000000002,0.08712000000000003,0.1887689119606362
0.12400000000000004,0.08344000000000004,0.1887689119606362
0.03800000000000001,0.07678,0.1887689119606362
0.09200000000000003,0.08870000000000001,0.1887689119606362
0.08600000000000002,0.07666000000000003,0.1887689119606362
0.07400000000000004,0.08304000000000004,0.1887689119606362
0.08600000000000002,0.08622000000000003,0.1887689119606362
0.04000000000000002,0.08446000000000004,0.1887689119606362
0.04400000000000001,0.07760000000000006,0.1887689119606362
0.07800000000000003,0.08926000000000005,0.1887689119606362
0.08600000000000002,0.09308000000000004,0.1887689119606362
0.07600000000000001,0.08312000000000007,0.1887689119606362
0.04600000000000002,0.08078000000000003,0.1887689119606362
0.09200000000000004,0.07710000000000003,0.1887689119606362
0.07200000000000004,0.07628000000000003,0.1887689119606362
0.07400000000000001,0.08554000000000002,0.1887689119606362
0.058000000000000024,0.09268000000000003,0.1887689119606362
0.052000000000000005,0.07912000000000004,0.1887689119606362
0.09600000000000004,0.08838000000000001,0.1887689119606362
0.06400000000000002,0.08692000000000003,0.1887689119606362
0.08200000000000005,0.08324000000000004,0.1887689119606362
0.1,0.09300000000000005,0.1887689119606362
0.10800000000000004,0.07894000000000004,0.1887689119606362
0.06600000000000002,0.08406000000000002,0.1887689119606362
0.12000000000000006,0.09546000000000002,0.1887689119606362
0.08400000000000003,0.08244000000000001,0.1887689119606362
0.08400000000000005,0.07986000000000003,0.1887689119606362
0.041999999999999996,0.08562000000000004,0.1887689119606362
0.06200000000000001,0.07216000000000002,0.1887689119606362
0.12000000000000005,0.09794000000000001,0.1887689119606362
0.09600000000000003,0.08388000000000004,0.1887689119606362
0.13800000000000004,0.08728000000000004,0.1887689119606362
0.07200000000000002,0.07938000000000002,0.1887689119606362
0.08200000000000002,0.08490000000000004,0.1887689119606362
0.07800000000000003,0.07396000000000004,0.1887689119606362
0.10400000000000004,0.09606000000000003,0.1887689119606362
0.10400000000000004,0.09188000000000003,0.1887689119606362
0.11000000000000004,0.08824000000000003,0.1887689119606362
0.10200000000000004,0.09086000000000004,0.1887689119606362
0.09400000000000004,0.08688000000000005,0.1887689119606362
0.10000000000000003,0.08440000000000003,0.1887689119606362
0.13400000000000004,0.09704000000000006,0.1887689119606362
0.07600000000000001,0.08558000000000006,0.1887689119606362
0.07000000000000002,0.08434000000000004,0.1887689119606362
0.08600000000000002,0.08240000000000001,0.1887689119606362
0.06400000000000002,0.09490000000000004,0.1887689119606362
0.13200000000000003,0.09324000000000005,0.1887689119606362
0.058000000000000024,0.08732000000000005,0.1887689119606362
0.04600000000000003,0.09438000000000002,0.1887689119606362
0.050000000000000024,0.08884000000000003,0.1887689119606362
0.04000000000000002,0.08464000000000003,0.1887689119606362
0.09400000000000003,0.09764000000000003,0.1887689119606362
0.07400000000000001,0.09138000000000003,0.1887689119606362
0.11800000000000005,0.08924000000000001,0.1887689119606362
0.04000000000000002,0.08248000000000003,0.1887689119606362
0.08600000000000002,0.10296000000000007,0.1887689119606362
0.09600000000000004,0.09596000000000005,0.1887689119606362
0.05800000000000002,0.07926000000000004,0.1887689119606362
0.08000000000000002,0.08218000000000004,0.1887689119606362
0.08200000000000003,0.08206000000000004,0.1887689119606362
0.08600000000000002,0.08612000000000003,0.1887689119606362
0.09800000000000006,0.08282000000000002,0.1887689119606362
0.08400000000000003,0.08474000000000005,0.1887689119606362
0.06400000000000003,0.08236000000000002,0.1887689119606362
0.05800000000000002,0.09302000000000003,0.1887689119606362
0.05000000000000001,0.09188000000000004,0.1887689119606362
0.10400000000000001,0.08856000000000003,0.1887689119606362
0.05400000000000002,0.08362000000000004,0.1887689119606362
0.10000000000000003,0.08178000000000005,0.1887689119606362
0.07200000000000002,0.08440000000000003,0.1887689119606362
0.12200000000000004,0.08562000000000004,0.1887689119606362
0.12200000000000003,0.09476000000000005,0.1887689119606362
0.13200000000000006,0.08600000000000001,0.1887689119606362
0.09600000000000003,0.09206000000000006,0.1887689119606362
0.05600000000000001,0.09492000000000005,0.1887689119606362
0.11400000000000005,0.08796000000000004,0.1887689119606362
0.08400000000000005,0.09856000000000006,0.1887689119606362
0.03400000000000001,0.08498000000000004,0.1887689119606362
0.03200000000000001,0.08134000000000004,0.1887689119606362
0.09600000000000002,0.08544000000000004,0.1887689119606362
0.09000000000000004,0.08482000000000003,0.1887689119606362
0.11800000000000002,0.09424000000000006,0.1887689119606362
0.12800000000000006,0.08416000000000003,0.1887689119606362
0.09600000000000003,0.09226000000000004,0.1887689119606362
0.06000000000000001,0.09644000000000003,0.1887689119606362
0.05400000000000002,0.08776000000000003,0.1887689119606362
0.06000000000000001,0.09656000000000002,0.1887689119606362
0.08400000000000002,0.08598000000000003,0.1887689119606362
0.08800000000000002,0.09780000000000004,0.1887689119606362
0.10200000000000004,0.08784000000000003,0.1887689119606362
0.14000000000000004,0.09716000000000005,0.1887689119606362
0.07000000000000002,0.09972000000000002,0.1887689119606362
0.060000000000000026,0.08674000000000004,0.1887689119606362
0.04600000000000001,0.09262000000000002,0.1887689119606362
0.04600000000000001,0.08420000000000001,0.1887689119606362
0.06400000000000003,0.10082000000000003,0.1887689119606362
0.07600000000000003,0.09668000000000004,0.1887689119606362
0.09000000000000002,0.09860000000000005,0.1887689119606362
0.038000000000000006,0.09702000000000006,0.1887689119606362
0.02600000000000001,0.09276000000000008,0.1887689119606362
0.06400000000000002,0.09296,0.1887689119606362
0.07,0.09864000000000005,0.1887689119606362
0.07800000000000003,0.09842000000000005,0.1887689119606362
0.058000000000000024,0.09604000000000001,0.1887689119606362
0.10800000000000004,0.09504000000000007,0.1887689119606362
0.14600000000000005,0.10508000000000008,0.1887689119606362
0.08400000000000002,0.10544000000000005,0.1887689119606362
0.10600000000000004,0.09690000000000004,0.1887689119606362
0.05800000000000004,0.09848000000000004,0.1887689119606362
0.07600000000000003,0.09512000000000004,0.1887689119606362
0.12600000000000006,0.10656000000000004,0.1887689119606362
0.06400000000000002,0.10392000000000008,0.1887689119606362
0.128,0.10716000000000003,0.1887689119606362
0.13000000000000003,0.09396000000000003,0.1887689119606362
0.048000000000000015,0.08428000000000004,0.1887689119606362
0.07800000000000003,0.08996000000000004,0.1887689119606362
0.06200000000000003,0.08652000000000004,0.1887689119606362
0.06200000000000001,0.09204000000000005,0.1887689119606362
0.07200000000000002,0.08568000000000003,0.1887689119606362
0.08600000000000003,0.08796000000000001,0.1887689119606362
0.08400000000000003,0.09836000000000003,0.1887689119606362
0.10800000000000001,0.09254000000000004,0.1887689119606362
0.11400000000000005,0.09182000000000003,0.1887689119606362
0.15200000000000005,0.09622000000000003,0.1887689119606362
0.10400000000000005,0.09522000000000005,0.1887689119606362
0.05200000000000003,0.09990000000000003,0.1887689119606362
0.14600000000000005,0.09122000000000002,0.1887689119606362
0.12000000000000002,0.10230000000000004,0.1887689119606362
0.07,0.10198000000000006,0.1887689119606362
0.14600000000000007,0.10164000000000006,0.1887689119606362
0.11000000000000004,0.09270000000000003,0.1887689119606362
0.08600000000000002,0.08110000000000002,0.1887689119606362
0.058000000000000024,0.09242000000000002,0.1887689119606362
0.10400000000000001,0.08410000000000001,0.1887689119606362
0.09400000000000003,0.08690000000000003,0.1887689119606362
0.07200000000000002,0.08874000000000005,0.1887689119606362
0.09200000000000003,0.09860000000000008,0.1887689119606362
0.11600000000000003,0.08682000000000004,0.1887689119606362
0.09200000000000003,0.10254000000000005,0.1887689119606362
0.09000000000000004,0.08970000000000002,0.1887689119606362
0.12000000000000005,0.09634000000000005,0.1887689119606362
0.13400000000000006,0.10034000000000005,0.1887689119606362
0.15400000000000005,0.10328000000000002,0.1887689119606362
0.064,0.09282000000000003,0.1887689119606362
0.10200000000000004,0.08186000000000004,0.1887689119606362
0.09600000000000002,0.08590000000000002,0.1887689119606362
0.046000000000000006,0.08842000000000004,0.1887689119606362
0.06200000000000001,0.09132000000000007,0.1887689119606362
0.09000000000000002,0.08958,0.1887689119606362
0.044,0.09918000000000007,0.1887689119606362
0.08600000000000002,0.09826000000000006,0.1887689119606362
0.11800000000000005,0.10672000000000005,0.1887689119606362
0.14200000000000002,0.08886000000000004,0.1887689119606362
0.12800000000000003,0.09582000000000003,0.1887689119606362
0.14400000000000007,0.09280000000000005,0.1887689119606362
0.11400000000000003,0.10326000000000005,0.1887689119606362
0.12600000000000003,0.10876000000000006,0.1887689119606362
0.10000000000000005,0.10632000000000007,0.1887689119606362
0.08400000000000002,0.09252000000000003,0.1887689119606362
0.10200000000000004,0.09368000000000003,0.1887689119606362
0.09000000000000002,0.09948000000000005,0.1887689119606362
0.09800000000000006,0.09872000000000006,0.1887689119606362
0.14400000000000004,0.09064000000000004,0.1887689119606362
0.09800000000000003,0.09852000000000004,0.1887689119606362
0.12800000000000006,0.10540000000000002,0.1887689119606362
0.08800000000000002,0.10226000000000005,0.1887689119606362
0.08400000000000002,0.08476000000000004,0.1887689119606362
0.08800000000000002,0.09052000000000006,0.1887689119606362
0.04800000000000001,0.08728000000000005,0.1887689119606362
0.07800000000000001,0.08356000000000001,0.1887689119606362
0.07200000000000004,0.08924000000000003,0.1887689119606362
0.07400000000000004,0.09140000000000004,0.1887689119606362
0.06600000000000002,0.09006000000000007,0.1887689119606362
0.11400000000000005,0.08636000000000005,0.1887689119606362
0.11800000000000005,0.09624000000000005,0.1887689119606362
0.11600000000000005,0.08464000000000003,0.1887689119606362
0.14200000000000007,0.09280000000000002,0.1887689119606362
0.11600000000000005,0.10048000000000007,0.1887689119606362
0.06800000000000003,0.09430000000000002,0.1887689119606362
0.09400000000000003,0.09420000000000006,0.1887689119606362
0.07600000000000003,0.08152000000000004,0.1887689119606362
0.05800000000000001,0.09268000000000004,0.1887689119606362
0.08000000000000004,0.09536000000000006,0.1887689119606362
0.05200000000000002,0.09186000000000004,0.1887689119606362
0.12400000000000005,0.08788000000000006,0.1887689119606362
0.07400000000000001,0.09684000000000005,0.1887689119606362
0.11600000000000002,0.10360000000000003,0.1887689119606362
0.09600000000000003,0.09870000000000005,0.1887689119606362
0.12400000000000005,0.08992000000000003,0.1887689119606362
0.14200000000000007,0.10024000000000005,0.1887689119606362
0.10600000000000004,0.09394000000000004,0.1887689119606362
0.10000000000000003,0.10304000000000002,0.1887689119606362
0.07600000000000001,0.10374000000000005,0.1887689119606362
0.07400000000000002,0.10450000000000004,0.1887689119606362
0.13000000000000003,0.09678000000000003,0.1887689119606362
0.07000000000000002,0.09658000000000007,0.1887689119606362
0.07400000000000002,0.09498000000000005,0.1887689119606362
0.07600000000000001,0.08598000000000001,0.1887689119606362
0.12600000000000003,0.10142000000000007,0.1887689119606362
0.08800000000000002,0.09582000000000004,0.1887689119606362
0.11600000000000005,0.10132000000000005,0.1887689119606362
0.08800000000000002,0.09482000000000004,0.1887689119606362
0.08000000000000003,0.09650000000000006,0.1887689119606362
0.12200000000000005,0.08530000000000003,0.1887689119606362
0.13200000000000006,0.10018000000000005,0.1887689119606362
0.13800000000000004,0.10618000000000005,0.1887689119606362
0.11000000000000004,0.10236000000000005,0.1887689119606362
0.05600000000000001,0.09986000000000005,0.1887689119606362
0.09000000000000002,0.08990000000000004,0.1887689119606362
0.13600000000000004,0.10154000000000003,0.1887689119606362
0.13400000000000004,0.10374000000000005,0.1887689119606362
0.11000000000000003,0.10628000000000003,0.1887689119606362
0.11000000000000004,0.09078000000000004,0.1887689119606362
0.06800000000000002,0.10430000000000006,0.1887689119606362
0.09400000000000004,0.10266000000000006,0.1887689119606362
0.11000000000000004,0.10908000000000002,0.1887689119606362
0.13000000000000003,0.09162000000000001,0.1887689119606362
0.12400000000000005,0.09746000000000005,0.1887689119606362
0.12400000000000005,0.09952000000000003,0.1887689119606362
0.09000000000000002,0.11466000000000005,0.1887689119606362
0.07800000000000001,0.11356000000000004,0.1887689119606362
0.10000000000000005,0.11416000000000004,0.1887689119606362
0.16600000000000006,0.08658000000000003,0.1887689119606362
0.08600000000000002,0.09234000000000005,0.1887689119606362
0.12000000000000004,0.08150000000000002,0.1887689119606362
0.09000000000000002,0.09154000000000005,0.1887689119606362
0.13200000000000003,0.09626000000000003,0.1887689119606362
0.11200000000000002,0.09424000000000003,0.1887689119606362
0.07800000000000001,0.09110000000000004,0.1887689119606362
0.07200000000000002,0.08390000000000002,0.1887689119606362
0.094,0.08982000000000005,0.1887689119606362
0.032000000000000015,0.09058000000000005,0.1887689119606362
0.10400000000000004,0.09796000000000005,0.1887689119606362
0.07600000000000001,0.08342000000000001,0.1887689119606362
0.08200000000000002,0.09386000000000004,0.1887689119606362
0.07200000000000004,0.08838000000000004,0.1887689119606362
0.10400000000000004,0.10260000000000005,0.1887689119606362
0.12800000000000006,0.08722,0.1887689119606362
0.07000000000000002,0.09290000000000005,0.1887689119606362
0.08600000000000002,0.09292000000000006,0.1887689119606362
0.06000000000000002,0.09814000000000005,0.1887689119606362
0.10400000000000004,0.10788000000000005,0.1887689119606362
0.09000000000000005,0.10064000000000005,0.1887689119606362
0.14000000000000004,0.09250000000000003,0.1887689119606362
0.11800000000000006,0.08550000000000003,0.1887689119606362
0.13200000000000006,0.08854000000000005,0.1887689119606362
0.058000000000000024,0.09834000000000004,0.1887689119606362
0.13800000000000007,0.09560000000000002,0.1887689119606362
0.07800000000000004,0.08710000000000004,0.1887689119606362
0.07600000000000003,0.09882000000000006,0.1887689119606362
0.14200000000000004,0.09846000000000002,0.1887689119606362
0.18200000000000008,0.10352000000000003,0.1887689119606362
0.09800000000000003,0.09270000000000005,0.1887689119606362
0.14000000000000007,0.09702000000000002,0.1887689119606362
0.10800000000000004,0.09220000000000002,0.1887689119606362
0.11400000000000003,0.10874000000000007,0.1887689119606362
0.12600000000000003,0.10460000000000005,0.1887689119606362
0.10000000000000003,0.11048000000000008,0.1887689119606362
0.09800000000000003,0.08338000000000004,0.1887689119606362
0.07600000000000004,0.09546000000000004,0.1887689119606362
0.08600000000000003,0.09818000000000006,0.1887689119606362
0.13800000000000004,0.10296000000000007,0.1887689119606362
0.14600000000000007,0.08530000000000004,0.1887689119606362
0.08400000000000003,0.09374000000000003,0.1887689119606362
0.10400000000000004,0.09064000000000005,0.1887689119606362
0.05400000000000002,0.10366000000000004,0.1887689119606362
0.07000000000000002,0.10820000000000005,0.1887689119606362
0.08400000000000005,0.10492000000000004,0.1887689119606362
0.12600000000000003,0.08478000000000004,0.1887689119606362
0.12400000000000004,0.09522000000000004,0.1887689119606362
0.13600000000000007,0.09440000000000005,0.1887689119606362
0.06200000000000002,0.10454000000000005,0.1887689119606362
0.10200000000000004,0.11536000000000006,0.1887689119606362
0.12000000000000005,0.10712000000000008,0.1887689119606362
0.12000000000000005,0.10306000000000007,0.1887689119606362
0.08000000000000002,0.09656000000000003,0.1887689119606362
0.12200000000000005,0.10676000000000005,0.1887689119606362
0.04800000000000003,0.11996000000000005,0.1887689119606362
0.09000000000000002,0.08860000000000004,0.1887689119606362
0.08400000000000003,0.09544000000000005,0.1887689119606362
0.1,0.09056000000000004,0.1887689119606362
0.08400000000000002,0.09708000000000003,0.1887689119606362
0.09800000000000003,0.08892000000000007,0.1887689119606362
0.060000000000000026,0.09176000000000004,0.1887689119606362
0.05400000000000002,0.09572000000000004,0.1887689119606362
0.10600000000000001,0.09658000000000007,0.1887689119606362
0.02600000000000001,0.08868000000000005,0.1887689119606362
0.058000000000000024,0.08112000000000005,0.1887689119606362
0.066,0.08620000000000003,0.1887689119606362
0.08800000000000002,0.08288000000000004,0.1887689119606362
0.05800000000000001,0.08448000000000001,0.1887689119606362
0.032,0.08204000000000002,0.1887689119606362
0.08400000000000002,0.09030000000000006,0.1887689119606362
0.06000000000000003,0.08328000000000003,0.1887689119606362
0.07200000000000001,0.09604000000000004,0.1887689119606362
0.04600000000000001,0.08788000000000006,0.1887689119606362
0.08000000000000004,0.09188000000000006,0.1887689119606362
0.11400000000000005,0.09448000000000004,0.1887689119606362
0.12600000000000006,0.09910000000000005,0.1887689119606362
0.05200000000000001,0.08196000000000002,0.1887689119606362
0.05000000000000003,0.08008000000000004,0.1887689119606362
0.08800000000000002,0.08068000000000003,0.1887689119606362
0.026000000000000016,0.08412000000000001,0.1887689119606362
0.018000000000000016,0.08046000000000003,0.1887689119606362
0.08200000000000002,0.08484000000000004,0.1887689119606362
0.05600000000000002,0.08940000000000005,0.1887689119606362
0.06200000000000001,0.09084000000000003,0.1887689119606362
0.08600000000000002,0.09850000000000003,0.1887689119606362
0.10600000000000002,0.08168000000000002,0.1887689119606362
0.11200000000000004,0.09028000000000005,0.1887689119606362
0.09600000000000002,0.08774000000000003,0.1887689119606362
0.07000000000000003,0.09132000000000003,0.1887689119606362
0.05000000000000002,0.09474000000000003,0.1887689119606362
0.060000000000000005,0.09730000000000007,0.1887689119606362
0.08800000000000002,0.09382000000000004,0.1887689119606362
0.08000000000000002,0.08822000000000003,0.1887689119606362
0.07600000000000003,0.09198000000000006,0.1887689119606362
0.15800000000000008,0.08938000000000004,0.1887689119606362
0.08000000000000002,0.09826000000000007,0.1887689119606362
0.046,0.08246000000000003,0.1887689119606362
0.15800000000000008,0.10428000000000004,0.1887689119606362
0.08200000000000002,0.09102000000000003,0.1887689119606362
0.058000000000000024,0.10366000000000006,0.1887689119606362
0.10000000000000003,0.09198000000000003,0.1887689119606362
0.07800000000000003,0.10070000000000005,0.1887689119606362
0.096,0.09714000000000002,0.1887689119606362
0.12000000000000005,0.10748000000000006,0.1887689119606362
0.09400000000000004,0.09586000000000003,0.1887689119606362
0.13600000000000004,0.08574000000000004,0.1887689119606362
0.11800000000000005,0.08994000000000002,0.1887689119606362
0.06400000000000002,0.08842,0.1887689119606362
0.10000000000000003,0.09304000000000003,0.1887689119606362
0.11600000000000002,0.08958000000000002,0.1887689119606362
0.05800000000000001,0.10470000000000002,0.1887689119606362
0.03200000000000001,0.09438000000000005,0.1887689119606362
0.10000000000000003,0.10904000000000005,0.1887689119606362
0.1600000000000001,0.09418000000000004,0.1887689119606362
0.09400000000000004,0.09030000000000003,0.1887689119606362
0.15400000000000005,0.09372000000000005,0.1887689119606362
0.06800000000000002,0.10518000000000007,0.1887689119606362
0.11600000000000005,0.11064000000000002,0.1887689119606362
0.07000000000000003,0.10056000000000004,0.1887689119606362
0.08000000000000003,0.08702000000000006,0.1887689119606362
0.08800000000000002,0.09358000000000004,0.1887689119606362
0.08200000000000002,0.08738000000000003,0.1887689119606362
0.08400000000000002,0.09430000000000005,0.1887689119606362
0.06600000000000002,0.08602000000000003,0.1887689119606362
0.066,0.10088000000000005,0.1887689119606362
0.060000000000000026,0.08910000000000003,0.1887689119606362
0.07,0.08062000000000002,0.1887689119606362
0.07600000000000001,0.08518000000000002,0.1887689119606362
0.049999999999999996,0.07782000000000003,0.1887689119606362
0.07,0.09032000000000007,0.1887689119606362
0.05800000000000001,0.08782000000000004,0.1887689119606362
0.032,0.09522000000000004,0.1887689119606362
0.09000000000000002,0.07970000000000003,0.1887689119606362
0.062,0.10328000000000005,0.1887689119606362
0.12600000000000003,0.09330000000000004,0.1887689119606362
0.09600000000000003,0.08598,0.1887689119606362
0.07600000000000001,0.09264000000000003,0.1887689119606362
0.04600000000000001,0.08826,0.1887689119606362
0.10200000000000004,0.10440000000000003,0.1887689119606362
0.027999999999999997,0.09168000000000003,0.1887689119606362
0.08200000000000003,0.09234000000000002,0.1887689119606362
0.060000000000000026,0.08230000000000003,0.1887689119606362
0.05800000000000001,0.08374000000000002,0.1887689119606362
0.09200000000000003,0.08318000000000005,0.1887689119606362
0.056000000000000015,0.09252000000000002,0.1887689119606362
0.04400000000000001,0.09318000000000003,0.1887689119606362
0.042000000000000016,0.10258000000000003,0.1887689119606362
0.07200000000000004,0.09394000000000004,0.1887689119606362
0.11600000000000005,0.11116000000000005,0.1887689119606362
0.048000000000000015,0.08950000000000005,0.1887689119606362
0.078,0.09346000000000006,0.1887689119606362
0.07400000000000001,0.09152000000000002,0.1887689119606362
0.09200000000000004,0.09910000000000006,0.1887689119606362
0.06800000000000003,0.10720000000000005,0.1887689119606362
0.08600000000000002,0.10680000000000005,0.1887689119606362
0.10800000000000004,0.08590000000000003,0.1887689119606362
0.07000000000000002,0.09358000000000007,0.1887689119606362
0.07600000000000003,0.08762,0.1887689119606362
0.07600000000000004,0.09968000000000002,0.1887689119606362
0.13200000000000003,0.08446000000000004,0.1887689119606362
0.07400000000000001,0.08846000000000004,0.1887689119606362
0.08200000000000005,0.08256,0.1887689119606362
0.08400000000000002,0.09038000000000003,0.1887689119606362
0.00800000000000001,0.09604000000000004,0.1887689119606362
0.01800000000000001,0.09248,0.1887689119606362
0.06400000000000003,0.09314000000000006,0.1887689119606362
0.09800000000000003,0.09162000000000005,0.1887689119606362
0.07400000000000001,0.09640000000000007,0.1887689119606362
0.01200000000000001,0.09958000000000003,0.1887689119606362
0.03200000000000001,0.11800000000000004,0.1887689119606362
0.06200000000000001,0.10276000000000003,0.1887689119606362
0.08600000000000002,0.09434000000000001,0.1887689119606362
0.09800000000000006,0.09784000000000005,0.1887689119606362
0.11200000000000003,0.09744000000000007,0.1887689119606362
0.03800000000000001,0.10640000000000004,0.1887689119606362
0.13000000000000003,0.09276000000000005,0.1887689119606362
0.10200000000000006,0.09620000000000006,0.1887689119606362
0.09400000000000003,0.09564000000000002,0.1887689119606362
0.11200000000000004,0.09084000000000002,0.1887689119606362
0.11000000000000004,0.09420000000000005,0.1887689119606362
0.06800000000000002,0.09384000000000005,0.1887689119606362
0.09600000000000002,0.10166000000000001,0.1887689119606362
0.11600000000000005,0.09784000000000002,0.1887689119606362
0.06400000000000003,0.10160000000000001,0.1887689119606362
0.07400000000000002,0.09204000000000007,0.1887689119606362
0.10400000000000004,0.09676000000000003,0.1887689119606362
0.13000000000000003,0.10240000000000005,0.1887689119606362
0.11000000000000004,0.10002000000000005,0.1887689119606362
0.024,0.09716000000000002,0.1887689119606362
0.10600000000000002,0.08956000000000003,0.1887689119606362
0.06800000000000002,0.09600000000000003,0.1887689119606362
0.13400000000000004,0.10096000000000004,0.1887689119606362
0.08600000000000002,0.10166000000000003,0.1887689119606362
0.09000000000000001,0.09748000000000004,0.1887689119606362
0.06800000000000002,0.10116000000000004,0.1887689119606362
0.12200000000000003,0.10148000000000003,0.1887689119606362
0.13000000000000003,0.10686000000000001,0.1887689119606362
0.10600000000000002,0.09636000000000006,0.1887689119606362
0.10400000000000002,0.09880000000000008,0.1887689119606362
0.10400000000000002,0.09742000000000005,0.1887689119606362
0.12200000000000005,0.10528000000000005,0.1887689119606362
0.07800000000000003,0.10794000000000004,0.1887689119606362
0.10400000000000004,0.10322000000000005,0.1887689119606362
0.10600000000000004,0.08908000000000005,0.1887689119606362
0.07800000000000001,0.08756000000000004,0.1887689119606362
0.12000000000000002,0.08556000000000002,0.1887689119606362
0.10200000000000004,0.08576000000000004,0.1887689119606362
0.10000000000000003,0.08524000000000005,0.1887689119606362
0.08000000000000003,0.09066000000000006,0.1887689119606362
0.06200000000000003,0.08868000000000004,0.1887689119606362
0.08000000000000003,0.08816000000000003,0.1887689119606362
0.09000000000000002,0.09096000000000007,0.1887689119606362
0.06400000000000003,0.09088000000000004,0.1887689119606362
0.07200000000000002,0.09154000000000004,0.1887689119606362
0.12800000000000003,0.08984000000000006,0.1887689119606362
0.09800000000000003,0.09108000000000004,0.1887689119606362
0.08400000000000003,0.08284000000000005,0.1887689119606362
0.11600000000000002,0.09514000000000006,0.1887689119606362
0.14400000000000004,0.09136000000000002,0.1887689119606362
0.10600000000000004,0.08780000000000006,0.1887689119606362
0.13000000000000003,0.09054000000000002,0.1887689119606362
0.04400000000000001,0.08760000000000005,0.1887689119606362
0.08000000000000003,0.09974000000000004,0.1887689119606362
0.05400000000000001,0.09158000000000002,0.1887689119606362
0.05600000000000001,0.09204000000000004,0.1887689119606362
0.07400000000000002,0.09140000000000002,0.1887689119606362
0.06800000000000002,0.09004000000000005,0.1887689119606362
0.08600000000000003,0.09340000000000002,0.1887689119606362
0.07800000000000001,0.09042000000000003,0.1887689119606362
0.07800000000000003,0.09700000000000004,0.1887689119606362
0.12800000000000006,0.09728000000000005,0.1887689119606362
0.11800000000000004,0.09832000000000006,0.1887689119606362
0.10200000000000004,0.1071400000000001,0.1887689119606362
0.08600000000000002,0.09472000000000001,0.1887689119606362
0.10800000000000003,0.10148000000000006,0.1887689119606362
0.092,0.09866000000000007,0.1887689119606362
0.10200000000000002,0.10008000000000006,0.1887689119606362
0.09800000000000003,0.10130000000000004,0.1887689119606362
0.10000000000000002,0.10530000000000006,0.1887689119606362
0.07400000000000002,0.09244000000000002,0.1887689119606362
0.06400000000000003,0.09580000000000002,0.1887689119606362
0.06200000000000001,0.09472,0.1887689119606362
0.05800000000000002,0.09854000000000004,0.1887689119606362
0.10200000000000004,0.09152000000000005,0.1887689119606362
0.13200000000000003,0.09416000000000005,0.1887689119606362
0.08800000000000002,0.08962000000000003,0.1887689119606362
0.06600000000000002,0.09608000000000005,0.1887689119606362
0.0020000000000000087,0.09918000000000003,0.1887689119606362
0.044000000000000004,0.09666000000000004,0.1887689119606362
0.14200000000000002,0.09420000000000003,0.1887689119606362
0.14400000000000007,0.09932000000000005,0.1887689119606362
0.17200000000000004,0.09818000000000005,0.1887689119606362
0.10200000000000006,0.09904000000000004,0.1887689119606362
0.09400000000000003,0.10778000000000006,0.1887689119606362
0.11600000000000005,0.10846000000000004,0.1887689119606362
0.09600000000000003,0.10104000000000002,0.1887689119606362
0.09600000000000003,0.10126000000000004,0.1887689119606362
0.08600000000000003,0.10174000000000005,0.1887689119606362
0.06400000000000004,0.10638000000000006,0.1887689119606362
0.10000000000000003,0.09050000000000007,0.1887689119606362
0.08400000000000002,0.09198000000000005,0.1887689119606362
0.11400000000000005,0.09198000000000002,0.1887689119606362
0.10400000000000002,0.09754000000000003,0.1887689119606362
0.11000000000000004,0.09222000000000002,0.1887689119606362
0.11800000000000008,0.10008000000000004,0.1887689119606362
0.09200000000000003,0.09514000000000004,0.1887689119606362
0.09000000000000002,0.09254000000000004,0.1887689119606362
0.09200000000000003,0.10246000000000008,0.1887689119606362
0.08200000000000003,0.08982000000000005,0.1887689119606362
0.10200000000000004,0.10172000000000006,0.1887689119606362
0.08600000000000002,0.09226000000000002,0.1887689119606362
0.08800000000000005,0.10390000000000006,0.1887689119606362
0.06600000000000003,0.08542000000000002,0.1887689119606362
0.07800000000000001,0.10688000000000003,0.1887689119606362
0.10600000000000004,0.09954000000000005,0.1887689119606362
0.11600000000000005,0.0903,0.1887689119606362
0.08800000000000002,0.09620000000000006,0.1887689119606362
0.07000000000000003,0.09786000000000006,0.1887689119606362
0.06200000000000001,0.11388000000000005,0.1887689119606362
0.10000000000000003,0.09492,0.1887689119606362
0.09400000000000004,0.09522000000000004,0.1887689119606362
0.10000000000000003,0.08922000000000006,0.1887689119606362
0.06200000000000003,0.09738000000000005,0.1887689119606362
0.10400000000000004,0.09938000000000004,0.1887689119606362
0.14000000000000004,0.09452000000000003,0.1887689119606362
0.07600000000000003,0.09198000000000005,0.1887689119606362
0.07,0.10538000000000006,0.1887689119606362
0.10800000000000003,0.10034000000000003,0.1887689119606362
0.15200000000000005,0.10856000000000005,0.1887689119606362
0.05600000000000002,0.09746000000000006,0.1887689119606362
0.11800000000000005,0.09582000000000006,0.1887689119606362
0.09800000000000003,0.09248000000000003,0.1887689119606362
0.08800000000000004,0.10810000000000006,0.1887689119606362
0.10400000000000004,0.10536000000000005,0.1887689119606362
0.082,0.10144000000000006,0.1887689119606362
0.12000000000000005,0.09514000000000004,0.1887689119606362
0.08600000000000002,0.10106000000000004,0.1887689119606362
0.06000000000000002,0.10214000000000006,0.1887689119606362
0.11600000000000002,0.10792000000000006,0.1887689119606362
0.06400000000000003,0.09566000000000004,0.1887689119606362
0.07800000000000003,0.09894000000000001,0.1887689119606362
0.14200000000000004,0.09580000000000005,0.1887689119606362
0.06800000000000003,0.10654000000000002,0.1887689119606362
0.08800000000000002,0.10792000000000004,0.1887689119606362
0.08200000000000002,0.10428000000000005,0.1887689119606362
0.068,0.09846000000000003,0.1887689119606362
0.11000000000000004,0.09598000000000004,0.1887689119606362
0.13400000000000006,0.09960000000000004,0.1887689119606362
0.03600000000000001,0.10738000000000004,0.1887689119606362
0.09600000000000002,0.11760000000000008,0.1887689119606362
0.062000000000000006,0.10748000000000005,0.1887689119606362
0.08200000000000002,0.10306000000000004,0.1887689119606362
0.13400000000000006,0.10964000000000007,0.1887689119606362
0.12400000000000005,0.10436000000000008,0.1887689119606362
0.07800000000000003,0.11732000000000005,0.1887689119606362
0.10800000000000004,0.09170000000000005,0.1887689119606362
0.12200000000000003,0.09166000000000003,0.1887689119606362
0.13200000000000006,0.09498000000000001,0.1887689119606362
0.13000000000000006,0.09010000000000004,0.1887689119606362
0.15000000000000005,0.09496000000000003,0.1887689119606362
0.10600000000000004,0.08754000000000002,0.1887689119606362
0.10800000000000004,0.09762000000000007,0.1887689119606362
0.11000000000000007,0.08154000000000004,0.1887689119606362
0.12200000000000005,0.10196000000000002,0.1887689119606362
0.12600000000000003,0.09270000000000006,0.1887689119606362
0.12000000000000005,0.09058000000000006,0.1887689119606362
0.10000000000000002,0.09600000000000003,0.1887689119606362
0.058000000000000024,0.09690000000000007,0.1887689119606362
0.08200000000000002,0.10300000000000004,0.1887689119606362
0.07200000000000002,0.09588000000000002,0.1887689119606362
0.11000000000000004,0.09218000000000004,0.1887689119606362
0.11600000000000002,0.09310000000000002,0.1887689119606362
0.07000000000000003,0.08602000000000004,0.1887689119606362
0.134,0.10320000000000004,0.1887689119606362
0.14200000000000004,0.09598000000000005,0.1887689119606362
0.07200000000000002,0.08950000000000004,0.1887689119606362
0.08000000000000003,0.09656000000000002,0.1887689119606362
0.09400000000000003,0.09490000000000005,0.1887689119606362
0.11400000000000002,0.10960000000000006,0.1887689119606362
0.12000000000000002,0.09428000000000003,0.1887689119606362
0.10600000000000001,0.09854000000000004,0.1887689119606362
0.13600000000000007,0.08662000000000004,0.1887689119606362
0.10400000000000004,0.09588000000000003,0.1887689119606362
0.05400000000000002,0.09382,0.1887689119606362
0.11400000000000005,0.11104000000000004,0.1887689119606362
0.11600000000000005,0.09148000000000003,0.1887689119606362
0.10800000000000004,0.09530000000000004,0.1887689119606362
0.11200000000000003,0.10944000000000007,0.1887689119606362
0.10600000000000004,0.09824000000000005,0.1887689119606362
0.052000000000000025,0.10700000000000004,0.1887689119606362
0.10000000000000003,0.08714000000000004,0.1887689119606362
0.08200000000000002,0.09422000000000005,0.1887689119606362
0.08800000000000005,0.09146000000000004,0.1887689119606362
0.07200000000000002,0.10836000000000008,0.1887689119606362
0.08400000000000002,0.09210000000000002,0.1887689119606362
0.09000000000000004,0.09738000000000004,0.1887689119606362
0.09000000000000002,0.09328000000000004,0.1887689119606362
0.09600000000000004,0.10118000000000005,0.1887689119606362
0.07600000000000003,0.09792000000000005,0.1887689119606362
0.14200000000000007,0.09716000000000007,0.1887689119606362
0.07600000000000003,0.09506000000000002,0.1887689119606362
0.09400000000000003,0.09946000000000002,0.1887689119606362
0.10200000000000004,0.10060000000000006,0.1887689119606362
0.07600000000000003,0.10138000000000005,0.1887689119606362
0.12800000000000003,0.11056000000000006,0.1887689119606362
0.13400000000000006,0.10756000000000003,0.1887689119606362
0.042,0.10402000000000006,0.1887689119606362
0.046000000000000006,0.10164000000000005,0.1887689119606362
0.10000000000000005,0.10980000000000004,0.1887689119606362
0.07000000000000003,0.11280000000000004,0.1887689119606362
0.10400000000000005,0.09734000000000007,0.1887689119606362
0.10600000000000004,0.09370000000000003,0.1887689119606362
0.12600000000000003,0.10200000000000005,0.1887689119606362
0.05200000000000002,0.10174000000000004,0.1887689119606362
0.06800000000000003,0.10808000000000008,0.1887689119606362
0.09000000000000002,0.10344000000000003,0.1887689119606362
0.066,0.09946000000000006,0.1887689119606362
0.09000000000000002,0.10472000000000002,0.1887689119606362
0.11200000000000003,0.10140000000000005,0.1887689119606362
0.06200000000000001,0.10940000000000007,0.1887689119606362
0.11400000000000005,0.09838000000000005,0.1887689119606362
0.09800000000000003,0.10736000000000004,0.1887689119606362
0.15600000000000008,0.10388000000000006,0.1887689119606362
0.06600000000000002,0.11384000000000007,0.1887689119606362
0.10000000000000003,0.11092000000000007,0.1887689119606362
0.12000000000000002,0.08940000000000003,0.1887689119606362
0.11000000000000004,0.09684000000000004,0.1887689119606362
0.08600000000000002,0.08924000000000004,0.1887689119606362
0.03,0.08784000000000004,0.1887689119606362
0.10400000000000004,0.08676000000000006,0.1887689119606362
0.12600000000000006,0.09648000000000002,0.1887689119606362
0.14000000000000004,0.10132000000000005,0.1887689119606362
0.11200000000000003,0.09814000000000005,0.1887689119606362
0.07600000000000004,0.08908000000000003,0.1887689119606362
0.07600000000000001,0.07768000000000004,0.1887689119606362
0.068,0.0826,0.1887689119606362
0.08600000000000002,0.08228000000000006,0.1887689119606362
0.084,0.08844000000000005,0.1887689119606362
0.09400000000000004,0.09152000000000006,0.1887689119606362
0.13000000000000006,0.09198000000000005,0.1887689119606362
0.04200000000000002,0.08420000000000005,0.1887689119606362
0.09400000000000003,0.09232000000000005,0.1887689119606362
0.064,0.08452000000000003,0.1887689119606362
0.08600000000000002,0.09196000000000004,0.1887689119606362
0.07600000000000003,0.10360000000000007,0.1887689119606362
0.12000000000000004,0.09714000000000003,0.1887689119606362
0.09000000000000001,0.08344000000000003,0.1887689119606362
0.052000000000000005,0.076,0.1887689119606362
0.09400000000000004,0.07716000000000002,0.1887689119606362
0.05200000000000002,0.08684000000000003,0.1887689119606362
0.05200000000000002,0.08914000000000004,0.1887689119606362
0.052000000000000005,0.08484000000000005,0.1887689119606362
0.05400000000000001,0.08684000000000004,0.1887689119606362
0.08000000000000002,0.09564000000000004,0.1887689119606362
0.06400000000000003,0.09862000000000004,0.1887689119606362
0.10000000000000003,0.08572000000000003,0.1887689119606362
0.14200000000000004,0.09192000000000006,0.1887689119606362
0.08600000000000002,0.08798000000000003,0.1887689119606362
0.16000000000000006,0.09960000000000004,0.1887689119606362
0.11600000000000005,0.09834000000000005,0.1887689119606362
0.09800000000000002,0.10274000000000004,0.1887689119606362
0.13400000000000006,0.09362000000000002,0.1887689119606362
0.12600000000000003,0.08610000000000002,0.1887689119606362
0.05000000000000002,0.08706000000000004,0.1887689119606362
0.13600000000000007,0.08594000000000003,0.1887689119606362
0.14200000000000004,0.10018000000000003,0.1887689119606362
0.09600000000000003,0.09566000000000006,0.1887689119606362
0.13600000000000007,0.10016000000000005,0.1887689119606362
0.10000000000000006,0.08734000000000003,0.1887689119606362
0.044000000000000025,0.09398000000000006,0.1887689119606362
0.09000000000000002,0.08354000000000002,0.1887689119606362
0.16000000000000003,0.10258000000000005,0.1887689119606362
0.13400000000000006,0.10406000000000007,0.1887689119606362
0.13400000000000004,0.10020000000000008,0.1887689119606362
0.04800000000000001,0.08258000000000001,0.1887689119606362
0.09400000000000003,0.08218000000000002,0.1887689119606362
0.12000000000000005,0.09382000000000004,0.1887689119606362
0.07000000000000005,0.09470000000000005,0.1887689119606362
0.10600000000000004,0.09464000000000004,0.1887689119606362
0.06600000000000003,0.08410000000000001,0.1887689119606362
0.06000000000000002,0.09522000000000003,0.1887689119606362
0.022000000000000002,0.09658000000000003,0.1887689119606362
0.10600000000000005,0.10456000000000006,0.1887689119606362
0.10200000000000002,0.08962000000000003,0.1887689119606362
0.15200000000000008,0.08926000000000002,0.1887689119606362
0.10000000000000003,0.09232000000000003,0.1887689119606362
0.11400000000000005,0.11046000000000003,0.1887689119606362
0.16200000000000003,0.10956000000000007,0.1887689119606362
0.12000000000000005,0.10740000000000005,0.1887689119606362
0.10600000000000004,0.08217999999999999,0.1887689119606362
0.058000000000000024,0.08794000000000002,0.1887689119606362
0.08800000000000002,0.08994000000000003,0.1887689119606362
0.11800000000000004,0.09334000000000005,0.1887689119606362
0.13600000000000007,0.09618000000000006,0.1887689119606362
0.11200000000000004,0.09948000000000007,0.1887689119606362
0.07000000000000002,0.08018000000000002,0.1887689119606362
0.13200000000000003,0.07654000000000004,0.1887689119606362
0.11800000000000002,0.07966000000000001,0.1887689119606362
0.12800000000000006,0.08590000000000002,0.1887689119606362
0.11600000000000005,0.09028000000000003,0.1887689119606362
0.08800000000000004,0.07902000000000003,0.1887689119606362
0.05000000000000002,0.08954000000000004,0.1887689119606362
0.09600000000000003,0.08474000000000001,0.1887689119606362
0.11600000000000002,0.10108000000000006,0.1887689119606362
0.13200000000000003,0.08574000000000004,0.1887689119606362
0.15400000000000005,0.09058000000000004,0.1887689119606362
0.10200000000000004,0.09664000000000005,0.1887689119606362
0.10800000000000004,0.09862000000000005,0.1887689119606362
0.11600000000000003,0.10720000000000006,0.1887689119606362
0.09400000000000003,0.10128000000000002,0.1887689119606362
0.04000000000000002,0.08818000000000004,0.1887689119606362
0.07000000000000002,0.08274000000000002,0.1887689119606362
0.12000000000000005,0.08354000000000006,0.1887689119606362
0.11000000000000004,0.08842000000000003,0.1887689119606362
0.058000000000000024,0.08988000000000002,0.1887689119606362
0.03000000000000002,0.08810000000000003,0.1887689119606362
0.056000000000000015,0.09246000000000001,0.1887689119606362
0.05800000000000001,0.10014000000000005,0.1887689119606362
0.11800000000000004,0.09996000000000005,0.1887689119606362
0.08200000000000002,0.08862000000000006,0.1887689119606362
0.13200000000000006,0.09434000000000002,0.1887689119606362
0.09600000000000004,0.09412000000000005,0.1887689119606362
0.07800000000000001,0.10270000000000006,0.1887689119606362
0.03800000000000001,0.10188000000000003,0.1887689119606362
0.10800000000000003,0.11180000000000005,0.1887689119606362
0.038000000000000006,0.07522000000000001,0.1887689119606362
0.04400000000000001,0.08378000000000001,0.1887689119606362
0.10200000000000004,0.08670000000000004,0.1887689119606362
0.07800000000000004,0.09168000000000004,0.1887689119606362
0.07800000000000001,0.08246000000000003,0.1887689119606362
0.10400000000000002,0.08574000000000002,0.1887689119606362
0.05600000000000002,0.08324000000000002,0.1887689119606362
0.14200000000000004,0.09326000000000004,0.1887689119606362
0.058000000000000024,0.09648000000000004,0.1887689119606362
0.07200000000000004,0.09452000000000005,0.1887689119606362
0.05,0.08690000000000005,0.1887689119606362
0.07200000000000001,0.08802000000000006,0.1887689119606362
0.056000000000000036,0.09276000000000004,0.1887689119606362
0.08600000000000003,0.09910000000000002,0.1887689119606362
0.05000000000000001,0.10924000000000006,0.1887689119606362
0.08400000000000002,0.10456000000000006,0.1887689119606362
0.13200000000000006,0.09782000000000007,0.1887689119606362
0.12000000000000005,0.09712000000000005,0.1887689119606362
0.10600000000000004,0.10168000000000006,0.1887689119606362
0.08400000000000002,0.11216000000000008,0.1887689119606362
0.11600000000000002,0.09700000000000003,0.1887689119606362
0.08800000000000002,0.10020000000000007,0.1887689119606362
0.07200000000000004,0.09204000000000002,0.1887689119606362
0.07000000000000003,0.09064000000000004,0.1887689119606362
0.11200000000000003,0.10056000000000005,0.1887689119606362
0.12200000000000003,0.10068000000000005,0.1887689119606362
0.12600000000000006,0.10174000000000007,0.1887689119606362
0.09800000000000002,0.09588000000000003,0.1887689119606362
0.11000000000000003,0.09444000000000004,0.1887689119606362
0.10000000000000003,0.09076000000000005,0.1887689119606362
0.15000000000000005,0.09884000000000004,0.1887689119606362
0.13200000000000003,0.10768000000000004,0.1887689119606362
0.13600000000000004,0.10230000000000004,0.1887689119606362
0.08600000000000003,0.09080000000000003,0.1887689119606362
0.068,0.08508000000000002,0.1887689119606362
0.08200000000000002,0.09680000000000004,0.1887689119606362
0.10400000000000004,0.10520000000000004,0.1887689119606362
0.07200000000000002,0.10202000000000004,0.1887689119606362
0.10800000000000004,0.08180000000000003,0.1887689119606362
0.13000000000000006,0.09644000000000004,0.1887689119606362
0.14000000000000004,0.10196000000000006,0.1887689119606362
0.10000000000000005,0.10258000000000005,0.1887689119606362
0.11600000000000005,0.09128000000000007,0.1887689119606362
0.07000000000000002,0.09716000000000005,0.1887689119606362
0.022000000000000013,0.09494000000000005,0.1887689119606362
0.18000000000000008,0.11420000000000005,0.1887689119606362
0.10400000000000001,0.11226000000000007,0.1887689119606362
0.11800000000000004,0.11106000000000006,0.1887689119606362
0.12000000000000005,0.09076000000000004,0.1887689119606362
0.11600000000000003,0.08668000000000003,0.1887689119606362
0.09000000000000002,0.09128000000000003,0.1887689119606362
0.15600000000000006,0.09668000000000004,0.1887689119606362
0.12600000000000006,0.10160000000000004,0.1887689119606362
0.13000000000000003,0.10282000000000005,0.1887689119606362
0.09200000000000003,0.08716000000000003,0.1887689119606362
0.041999999999999996,0.08476000000000003,0.1887689119606362
0.10400000000000001,0.09196000000000003,0.1887689119606362
0.03400000000000001,0.09116,0.1887689119606362
0.058000000000000024,0.09634000000000005,0.1887689119606362
0.07400000000000002,0.08172000000000003,0.1887689119606362
0.08800000000000002,0.09208000000000004,0.1887689119606362
0.09400000000000004,0.09576000000000005,0.1887689119606362
0.07800000000000001,0.09634000000000002,0.1887689119606362
0.11400000000000003,0.09016000000000006,0.1887689119606362
0.09600000000000004,0.09356000000000006,0.1887689119606362
0.056000000000000015,0.09810000000000005,0.1887689119606362
0.14200000000000007,0.10016000000000008,0.1887689119606362
0.13000000000000006,0.10554000000000004,0.1887689119606362
0.10800000000000004,0.10234000000000004,0.1887689119606362
0.09000000000000002,0.09568000000000003,0.1887689119606362
0.07200000000000001,0.08284000000000004,0.1887689119606362
0.12600000000000003,0.09228000000000004,0.1887689119606362
0.08400000000000003,0.09860000000000002,0.1887689119606362
0.10800000000000004,0.09750000000000006,0.1887689119606362
0.06800000000000002,0.08660000000000002,0.1887689119606362
0.10600000000000007,0.09728000000000003,0.1887689119606362
0.10000000000000002,0.10816,0.1887689119606362
0.10000000000000003,0.10278000000000007,0.1887689119606362
0.10800000000000003,0.09100000000000005,0.1887689119606362
0.11800000000000005,0.09976000000000003,0.1887689119606362
0.10200000000000004,0.09498000000000004,0.1887689119606362
0.11600000000000003,0.10708000000000005,0.1887689119606362
0.12800000000000006,0.10562000000000002,0.1887689119606362
0.07000000000000003,0.11266000000000007,0.1887689119606362
0.08800000000000005,0.08436000000000002,0.1887689119606362
0.13000000000000006,0.08900000000000005,0.1887689119606362
0.10000000000000003,0.09864000000000005,0.1887689119606362
0.10400000000000004,0.09682000000000003,0.1887689119606362
0.08400000000000002,0.08596000000000004,0.1887689119606362
0.08600000000000003,0.09100000000000003,0.1887689119606362
0.05000000000000001,0.08570000000000001,0.1887689119606362
0.10400000000000004,0.10004000000000003,0.1887689119606362
0.06400000000000003,0.10006000000000005,0.1887689119606362
0.07800000000000003,0.09890000000000002,0.1887689119606362
0.1,0.08680000000000003,0.1887689119606362
0.12200000000000003,0.09400000000000003,0.1887689119606362
0.07800000000000001,0.09170000000000005,0.1887689119606362
0.12400000000000005,0.10460000000000005,0.1887689119606362
0.10800000000000004,0.10586000000000008,0.1887689119606362
0.08600000000000002,0.10934000000000005,0.1887689119606362
0.08200000000000003,0.10496000000000001,0.1887689119606362
0.07400000000000001,0.09618000000000003,0.1887689119606362
0.08400000000000002,0.10090000000000003,0.1887689119606362
0.10600000000000002,0.11370000000000008,0.1887689119606362
0.11000000000000003,0.08718000000000004,0.1887689119606362
0.11000000000000003,0.08762000000000005,0.1887689119606362
0.12800000000000006,0.08822000000000002,0.1887689119606362
0.13000000000000003,0.10154000000000005,0.1887689119606362
0.12400000000000005,0.10230000000000004,0.1887689119606362
0.08400000000000003,0.09836000000000004,0.1887689119606362
0.09400000000000003,0.08886000000000002,0.1887689119606362
0.11200000000000002,0.08350000000000002,0.1887689119606362
0.12600000000000003,0.09494000000000004,0.1887689119606362
0.10400000000000004,0.09454000000000004,0.1887689119606362
0.11600000000000002,0.09776,0.1887689119606362
0.08400000000000003,0.07666000000000002,0.1887689119606362
0.10600000000000002,0.09774000000000005,0.1887689119606362
0.05600000000000001,0.09054000000000004,0.1887689119606362
0.12400000000000005,0.09764000000000005,0.1887689119606362
0.12800000000000003,0.09478000000000006,0.1887689119606362
0.15800000000000003,0.09218000000000004,0.1887689119606362
0.10600000000000004,0.09260000000000007,0.1887689119606362
0.13200000000000006,0.10798000000000003,0.1887689119606362
0.11600000000000003,0.11652000000000008,0.1887689119606362
0.07800000000000004,0.10300000000000006,0.1887689119606362
0.06,0.09186000000000004,0.1887689119606362
0.08600000000000002,0.08318000000000002,0.1887689119606362
0.11600000000000002,0.09446000000000004,0.1887689119606362
0.11400000000000003,0.09814000000000003,0.1887689119606362
0.09400000000000003,0.09284000000000006,0.1887689119606362
0.09400000000000003,0.07618000000000005,0.1887689119606362
0.1,0.09646000000000006,0.1887689119606362
0.11000000000000004,0.10270000000000004,0.1887689119606362
0.14600000000000005,0.10080000000000004,0.1887689119606362
0.12200000000000005,0.08858000000000003,0.1887689119606362
0.15600000000000008,0.09390000000000001,0.1887689119606362
0.08000000000000002,0.09060000000000003,0.1887689119606362
0.15400000000000003,0.11314000000000007,0.1887689119606362
0.13000000000000003,0.10444000000000007,0.1887689119606362
0.11200000000000004,0.11252000000000005,0.1887689119606362
0.09800000000000003,0.07894000000000004,0.1887689119606362
0.10800000000000003,0.09318000000000003,0.1887689119606362
0.10200000000000004,0.09346000000000003,0.1887689119606362
0.09400000000000001,0.09528000000000006,0.1887689119606362
0.09000000000000001,0.08798000000000006,0.1887689119606362
0.10800000000000004,0.09238000000000003,0.1887689119606362
0.10800000000000004,0.08968000000000004,0.1887689119606362
0.14200000000000007,0.10822000000000007,0.1887689119606362
0.11400000000000005,0.10756000000000007,0.1887689119606362
0.06400000000000003,0.10160000000000005,0.1887689119606362
0.12600000000000003,0.08822000000000003,0.1887689119606362
0.14000000000000007,0.08862000000000005,0.1887689119606362
0.11600000000000002,0.08812000000000002,0.1887689119606362
0.08600000000000002,0.10594000000000005,0.1887689119606362
0.09800000000000003,0.10972000000000008,0.1887689119606362
0.08400000000000002,0.10720000000000003,0.1887689119606362
0.10400000000000004,0.10310000000000004,0.1887689119606362
0.10800000000000003,0.10252000000000003,0.1887689119606362
0.10200000000000005,0.10020000000000004,0.1887689119606362
0.07600000000000003,0.11988000000000007,0.1887689119606362
0.11400000000000003,0.08806000000000004,0.1887689119606362
0.14800000000000005,0.08174000000000003,0.1887689119606362
0.13000000000000006,0.09114000000000001,0.1887689119606362
0.11600000000000005,0.09386000000000005,0.1887689119606362
0.11200000000000004,0.09420000000000003,0.1887689119606362
0.07600000000000003,0.08170000000000002,0.1887689119606362
0.09000000000000002,0.09074000000000006,0.1887689119606362
0.12800000000000006,0.09090000000000002,0.1887689119606362
0.10000000000000003,0.09616000000000008,0.1887689119606362
0.14400000000000004,0.09186000000000002,0.1887689119606362
0.1740000000000001,0.09782000000000003,0.1887689119606362
0.08200000000000003,0.09600000000000004,0.1887689119606362
0.12400000000000005,0.10254000000000005,0.1887689119606362
0.09200000000000003,0.10372000000000006,0.1887689119606362
0.13400000000000006,0.10636000000000005,0.1887689119606362
0.09600000000000003,0.08242000000000003,0.1887689119606362
0.11400000000000005,0.08326000000000004,0.1887689119606362
0.13600000000000007,0.08514000000000004,0.1887689119606362
0.10400000000000002,0.09716000000000007,0.1887689119606362
0.12800000000000006,0.08594000000000004,0.1887689119606362
0.11000000000000003,0.08778000000000002,0.1887689119606362
0.10200000000000004,0.09344000000000002,0.1887689119606362
0.09600000000000003,0.09654000000000004,0.1887689119606362
0.11600000000000002,0.10192000000000007,0.1887689119606362
0.07800000000000003,0.09932000000000007,0.1887689119606362
0.06800000000000002,0.08698000000000004,0.1887689119606362
0.15000000000000005,0.08482000000000002,0.1887689119606362
0.08600000000000002,0.09164000000000001,0.1887689119606362
0.07200000000000004,0.09434000000000003,0.1887689119606362
0.1,0.10584000000000006,0.1887689119606362
0.09000000000000002,0.09932000000000002,0.1887689119606362
0.11400000000000005,0.09722000000000003,0.1887689119606362
0.10200000000000004,0.10428000000000007,0.1887689119606362
0.13200000000000006,0.10180000000000006,0.1887689119606362
0.09800000000000003,0.11272000000000006,0.1887689119606362
0.07400000000000001,0.08141999999999999,0.1887689119606362
0.09200000000000003,0.08874000000000001,0.1887689119606362
0.08600000000000002,0.09750000000000002,0.1887689119606362
0.10200000000000004,0.09876000000000004,0.1887689119606362
0.11400000000000005,0.08890000000000002,0.1887689119606362
0.10800000000000007,0.09258000000000005,0.1887689119606362
0.09200000000000003,0.08972000000000004,0.1887689119606362
0.11800000000000006,0.10294000000000003,0.1887689119606362
0.09800000000000002,0.10052000000000003,0.1887689119606362
0.12000000000000006,0.09856000000000002,0.1887689119606362
0.04200000000000001,0.08474000000000004,0.1887689119606362
0.11200000000000002,0.09058000000000004,0.1887689119606362
0.07200000000000004,0.09144000000000005,0.1887689119606362
0.07400000000000004,0.10154000000000005,0.1887689119606362
0.07800000000000004,0.10540000000000004,0.1887689119606362
0.10400000000000004,0.10664000000000005,0.1887689119606362
0.10800000000000004,0.10566000000000006,0.1887689119606362
0.08000000000000002,0.10172000000000007,0.1887689119606362
0.12200000000000005,0.10468000000000005,0.1887689119606362
0.10400000000000004,0.11544000000000006,0.1887689119606362
0.07000000000000003,0.08094000000000003,0.1887689119606362
0.09200000000000005,0.08570000000000004,0.1887689119606362
0.05600000000000002,0.08820000000000004,0.1887689119606362
0.06600000000000003,0.09878000000000002,0.1887689119606362
0.09000000000000002,0.09972000000000007,0.1887689119606362
0.08400000000000002,0.10324000000000007,0.1887689119606362
0.11600000000000003,0.09606000000000003,0.1887689119606362
0.08400000000000002,0.09360000000000007,0.1887689119606362
0.09400000000000006,0.09716000000000004,0.1887689119606362
0.08800000000000002,0.11292000000000008,0.1887689119606362
0.08400000000000003,0.09442000000000005,0.1887689119606362
0.09200000000000003,0.09912000000000004,0.1887689119606362
0.12200000000000003,0.09884000000000004,0.1887689119606362
0.06800000000000003,0.11632000000000006,0.1887689119606362
0.10600000000000005,0.10680000000000005,0.1887689119606362
0.12200000000000005,0.09048000000000002,0.1887689119606362
0.11400000000000005,0.08476000000000002,0.1887689119606362
0.12200000000000003,0.0858,0.1887689119606362
0.13600000000000007,0.08856000000000003,0.1887689119606362
0.11400000000000005,0.08664000000000004,0.1887689119606362
0.06400000000000003,0.08712000000000004,0.1887689119606362
0.12800000000000003,0.09690000000000004,0.1887689119606362
0.10000000000000002,0.09060000000000006,0.1887689119606362
0.09600000000000003,0.09564000000000002,0.1887689119606362
0.10200000000000004,0.09004000000000002,0.1887689119606362
0.12000000000000005,0.09948000000000001,0.1887689119606362
0.11400000000000002,0.10132000000000006,0.1887689119606362
0.13000000000000006,0.10554000000000005,0.1887689119606362
0.08400000000000005,0.08228000000000002,0.1887689119606362
0.12200000000000005,0.08328000000000005,0.1887689119606362
0.08800000000000002,0.08468000000000002,0.1887689119606362
0.07400000000000002,0.08776,0.1887689119606362
0.09400000000000003,0.08962000000000003,0.1887689119606362
0.07400000000000002,0.08264000000000002,0.1887689119606362
0.08000000000000002,0.08768000000000002,0.1887689119606362
0.10200000000000004,0.08612000000000003,0.1887689119606362
0.09000000000000004,0.09954000000000006,0.1887689119606362
0.09000000000000002,0.08868000000000004,0.1887689119606362
0.04800000000000001,0.09268000000000005,0.1887689119606362
0.08400000000000002,0.09622000000000004,0.1887689119606362
0.11800000000000005,0.10068000000000005,0.1887689119606362
0.12600000000000006,0.10074000000000005,0.1887689119606362
0.12000000000000004,0.09846000000000003,0.1887689119606362
0.09000000000000002,0.08596000000000005,0.1887689119606362
0.07800000000000003,0.08508000000000003,0.1887689119606362
0.12400000000000003,0.08568000000000002,0.1887689119606362
0.09400000000000003,0.08668000000000003,0.1887689119606362
0.10000000000000003,0.09044000000000008,0.1887689119606362
0.10000000000000003,0.09774000000000002,0.1887689119606362
0.14600000000000005,0.07448000000000005,0.1887689119606362
0.06400000000000002,0.08040000000000004,0.1887689119606362
0.09400000000000003,0.07456000000000002,0.1887689119606362
0.04400000000000001,0.07780000000000002,0.1887689119606362
0.12000000000000006,0.08226000000000003,0.1887689119606362
0.12800000000000006,0.08008000000000005,0.1887689119606362
0.07800000000000003,0.07668000000000003,0.1887689119606362
0.08800000000000002,0.07640000000000004,0.1887689119606362
0.06800000000000002,0.08818000000000001,0.1887689119606362
0.13600000000000004,0.08492000000000006,0.1887689119606362
0.11400000000000005,0.08796000000000004,0.1887689119606362
0.11000000000000004,0.08898000000000002,0.1887689119606362
0.07200000000000002,0.08568000000000002,0.1887689119606362
0.14400000000000004,0.09274000000000004,0.1887689119606362
0.04600000000000002,0.09238000000000003,0.1887689119606362
0.08000000000000004,0.08372000000000002,0.1887689119606362
0.029999999999999992,0.08176000000000004,0.1887689119606362
0.05200000000000002,0.08688000000000005,0.1887689119606362
0.07000000000000002,0.08828000000000004,0.1887689119606362
0.06600000000000002,0.08878000000000004,0.1887689119606362
0.09800000000000002,0.08632000000000002,0.1887689119606362
0.07200000000000002,0.09100000000000005,0.1887689119606362
0.09400000000000003,0.09200000000000004,0.1887689119606362
0.07400000000000002,0.10526000000000008,0.1887689119606362
0.09000000000000002,0.08624000000000005,0.1887689119606362
0.08800000000000004,0.09288000000000005,0.1887689119606362
0.09200000000000003,0.09378000000000004,0.1887689119606362
0.07800000000000001,0.09556000000000002,0.1887689119606362
0.07800000000000001,0.09538000000000003,0.1887689119606362
0.08000000000000002,0.10382000000000005,0.1887689119606362
0.066,0.07668000000000003,0.1887689119606362
0.10800000000000004,0.07820000000000003,0.1887689119606362
0.09000000000000002,0.07980000000000004,0.1887689119606362
0.050000000000000024,0.08326000000000003,0.1887689119606362
0.05400000000000002,0.08020000000000001,0.1887689119606362
0.07600000000000003,0.08416000000000005,0.1887689119606362
0.05200000000000002,0.08222000000000003,0.1887689119606362
0.13400000000000004,0.08328000000000003,0.1887689119606362
0.026000000000000002,0.08514000000000002,0.1887689119606362
0.03600000000000002,0.08882,0.1887689119606362
0.07000000000000002,0.08208000000000001,0.1887689119606362
0.12800000000000006,0.08580000000000003,0.1887689119606362
0.08800000000000004,0.08918000000000006,0.1887689119606362
0.12200000000000004,0.09088000000000003,0.1887689119606362
0.030000000000000013,0.09662000000000004,0.1887689119606362
0.06800000000000002,0.09758000000000004,0.1887689119606362
0.09600000000000003,0.09036000000000001,0.1887689119606362
0.10000000000000003,0.08766000000000003,0.1887689119606362
0.09800000000000003,0.09570000000000004,0.1887689119606362
0.08800000000000002,0.09754000000000004,0.1887689119606362
0.10400000000000004,0.08774000000000003,0.1887689119606362
0.12000000000000005,0.09034000000000003,0.1887689119606362
0.10600000000000004,0.08878000000000003,0.1887689119606362
0.11600000000000002,0.09938000000000005,0.1887689119606362
0.09800000000000003,0.09306000000000002,0.1887689119606362
0.11000000000000003,0.10304,0.1887689119606362
0.10800000000000005,0.08586000000000003,0.1887689119606362
0.08600000000000002,0.08298000000000003,0.1887689119606362
0.09200000000000003,0.08690000000000007,0.1887689119606362
0.05800000000000002,0.08174000000000002,0.1887689119606362
0.13000000000000003,0.08968000000000002,0.1887689119606362
0.14600000000000005,0.08390000000000004,0.1887689119606362
0.08000000000000003,0.09258000000000004,0.1887689119606362
0.05000000000000002,0.08142,0.1887689119606362
0.12200000000000003,0.09988000000000005,0.1887689119606362
0.11000000000000004,0.08802000000000001,0.1887689119606362
0.12000000000000005,0.08938000000000006,0.1887689119606362
0.08000000000000002,0.09508000000000004,0.1887689119606362
0.09400000000000003,0.09526000000000007,0.1887689119606362
0.12200000000000005,0.10772000000000008,0.1887689119606362
0.12000000000000004,0.09368000000000004,0.1887689119606362
0.050000000000000024,0.08782000000000004,0.1887689119606362
0.10000000000000003,0.08866000000000004,0.1887689119606362
0.09000000000000002,0.09234000000000003,0.1887689119606362
0.06800000000000003,0.09174000000000003,0.1887689119606362
0.09200000000000004,0.09332000000000001,0.1887689119606362
0.07600000000000001,0.08382000000000003,0.1887689119606362
0.05800000000000001,0.09930000000000004,0.1887689119606362
0.032,0.09230000000000003,0.1887689119606362
0.05600000000000001,0.10744000000000005,0.1887689119606362
0.10400000000000002,0.09014000000000001,0.1887689119606362
0.06200000000000001,0.09078000000000003,0.1887689119606362
0.07800000000000001,0.09060000000000006,0.1887689119606362
0.07600000000000003,0.10482000000000007,0.1887689119606362
0.09600000000000003,0.10716000000000007,0.1887689119606362
0.07400000000000001,0.10224000000000004,0.1887689119606362
0.13200000000000006,0.08358000000000006,0.1887689119606362
0.10200000000000004,0.08982000000000007,0.1887689119606362
0.06000000000000002,0.08766000000000007,0.1887689119606362
0.09600000000000003,0.09364000000000003,0.1887689119606362
0.08400000000000002,0.08334000000000003,0.1887689119606362
0.10600000000000005,0.0873,0.1887689119606362
0.11000000000000003,0.08492000000000002,0.1887689119606362
0.09200000000000003,0.09778000000000003,0.1887689119606362
0.06800000000000003,0.09480000000000004,0.1887689119606362
0.06200000000000001,0.09688000000000004,0.1887689119606362
0.06400000000000002,0.08438000000000004,0.1887689119606362
0.08200000000000005,0.08114000000000005,0.1887689119606362
0.08600000000000002,0.09432000000000003,0.1887689119606362
0.04400000000000001,0.09750000000000003,0.1887689119606362
0.08400000000000002,0.10848000000000005,0.1887689119606362
0.06600000000000002,0.10456000000000004,0.1887689119606362
0.07,0.09898000000000007,0.1887689119606362
0.09400000000000003,0.09632000000000003,0.1887689119606362
0.10800000000000004,0.09732000000000003,0.1887689119606362
0.10600000000000002,0.11348000000000005,0.1887689119606362
0.07200000000000004,0.09082000000000003,0.1887689119606362
0.10600000000000001,0.08490000000000004,0.1887689119606362
0.09600000000000002,0.08254000000000002,0.1887689119606362
0.13400000000000004,0.08282000000000005,0.1887689119606362
0.07800000000000003,0.09004000000000005,0.1887689119606362
0.12200000000000004,0.08646000000000002,0.1887689119606362
0.12800000000000006,0.09278000000000003,0.1887689119606362
0.10600000000000004,0.08074000000000005,0.1887689119606362
0.09800000000000003,0.10144000000000003,0.1887689119606362
0.15000000000000002,0.09070000000000004,0.1887689119606362
0.11200000000000004,0.09302000000000003,0.1887689119606362
0.09600000000000002,0.09272000000000001,0.1887689119606362
0.09400000000000003,0.09254000000000005,0.1887689119606362
0.07400000000000001,0.10124000000000004,0.1887689119606362
0.07200000000000004,0.09560000000000003,0.1887689119606362
0.11400000000000005,0.07914000000000003,0.1887689119606362
0.09200000000000003,0.07998000000000004,0.1887689119606362
0.11800000000000004,0.07758000000000004,0.1887689119606362
0.08200000000000002,0.09056000000000004,0.1887689119606362
0.09800000000000003,0.08058000000000004,0.1887689119606362
0.09200000000000003,0.07918000000000004,0.1887689119606362
0.05600000000000002,0.08228,0.1887689119606362
0.06200000000000001,0.08434000000000003,0.1887689119606362
0.038000000000000006,0.09444000000000007,0.1887689119606362
0.06800000000000003,0.08572000000000003,0.1887689119606362
0.05400000000000001,0.08442000000000004,0.1887689119606362
0.14800000000000005,0.08302000000000007,0.1887689119606362
0.08000000000000003,0.09328000000000004,0.1887689119606362
0.054000000000000006,0.08582000000000004,0.1887689119606362
0.03,0.10612000000000006,0.1887689119606362
0.07200000000000002,0.09444000000000005,0.1887689119606362
0.09600000000000003,0.09430000000000005,0.1887689119606362
0.07200000000000002,0.10152000000000005,0.1887689119606362
0.08200000000000002,0.10148000000000003,0.1887689119606362
0.05600000000000001,0.10488000000000003,0.1887689119606362
0.060000000000000026,0.08622000000000003,0.1887689119606362
0.0059999999999999915,0.08738,0.1887689119606362
0.04400000000000001,0.08482000000000003,0.1887689119606362
0.04000000000000001,0.09544000000000005,0.1887689119606362
0.06800000000000002,0.08418000000000002,0.1887689119606362
0.08200000000000005,0.08654000000000005,0.1887689119606362
0.05400000000000002,0.08584000000000004,0.1887689119606362
0.09200000000000003,0.08874000000000001,0.1887689119606362
0.028000000000000018,0.09192000000000004,0.1887689119606362
0.07800000000000004,0.09216000000000003,0.1887689119606362
0.03600000000000001,0.09050000000000004,0.1887689119606362
0.07800000000000001,0.08734000000000006,0.1887689119606362
0.08200000000000002,0.09700000000000003,0.1887689119606362
0.04000000000000002,0.09630000000000007,0.1887689119606362
0.05600000000000002,0.10568000000000004,0.1887689119606362
0.07800000000000003,0.10544000000000005,0.1887689119606362
0.07400000000000001,0.09546000000000004,0.1887689119606362
0.09800000000000005,0.09816000000000007,0.1887689119606362
0.09600000000000004,0.10148000000000004,0.1887689119606362
0.07,0.10912000000000006,0.1887689119606362
0.08400000000000002,0.08010000000000005,0.1887689119606362
0.09400000000000003,0.07706,0.1887689119606362
0.11000000000000003,0.08284000000000005,0.1887689119606362
0.05200000000000001,0.08494000000000003,0.1887689119606362
0.016,0.09068000000000002,0.1887689119606362
0.054000000000000006,0.09120000000000004,0.1887689119606362
0.06200000000000003,0.08830000000000005,0.1887689119606362
0.058000000000000024,0.09032000000000003,0.1887689119606362
0.08800000000000002,0.09192000000000006,0.1887689119606362
0.058000000000000024,0.09832000000000007,0.1887689119606362
0.06200000000000001,0.08890000000000003,0.1887689119606362
0.07400000000000001,0.09768000000000004,0.1887689119606362
0.10800000000000004,0.09272000000000004,0.1887689119606362
0.014000000000000002,0.10764000000000006,0.1887689119606362
0.06000000000000001,0.10644000000000003,0.1887689119606362
0.11400000000000003,0.09824000000000006,0.1887689119606362
0.10200000000000004,0.09196000000000006,0.1887689119606362
0.11200000000000003,0.09788000000000002,0.1887689119606362
0.13400000000000006,0.09872000000000004,0.1887689119606362
0.16400000000000003,0.09600000000000006,0.1887689119606362
0.13200000000000003,0.10206000000000005,0.1887689119606362
0.10200000000000004,0.09492000000000005,0.1887689119606362
0.08000000000000003,0.09416000000000002,0.1887689119606362
0.10600000000000002,0.09808000000000006,0.1887689119606362
0.05600000000000002,0.09748000000000008,0.1887689119606362
0.12400000000000003,0.10118000000000002,0.1887689119606362
0.14400000000000004,0.09132000000000005,0.1887689119606362
0.12200000000000004,0.09400000000000006,0.1887689119606362
0.08400000000000002,0.09124000000000004,0.1887689119606362
0.08000000000000003,0.09914000000000005,0.1887689119606362
0.12800000000000003,0.09540000000000004,0.1887689119606362
0.11400000000000005,0.09524000000000003,0.1887689119606362
0.11000000000000003,0.10094000000000006,0.1887689119606362
0.10800000000000004,0.10312000000000004,0.1887689119606362
0.12400000000000005,0.10654000000000004,0.1887689119606362
0.12200000000000004,0.10458000000000002,0.1887689119606362
0.10400000000000004,0.09620000000000002,0.1887689119606362
0.10600000000000004,0.09180000000000003,0.1887689119606362
0.09200000000000003,0.09876000000000004,0.1887689119606362
0.11800000000000006,0.10192000000000001,0.1887689119606362
0.13000000000000003,0.09990000000000004,0.1887689119606362
0.11000000000000003,0.08888000000000006,0.1887689119606362
0.14400000000000004,0.10196000000000006,0.1887689119606362
0.15800000000000006,0.10256000000000008,0.1887689119606362
0.13000000000000003,0.10666000000000006,0.1887689119606362
0.11800000000000004,0.09508000000000003,0.1887689119606362
0.13200000000000006,0.10028000000000005,0.1887689119606362
0.11200000000000002,0.09658000000000004,0.1887689119606362
0.14200000000000004,0.11256000000000005,0.1887689119606362
0.14200000000000007,0.11242000000000006,0.1887689119606362
0.136,0.11046000000000003,0.1887689119606362
0.13000000000000006,0.08760000000000001,0.1887689119606362
0.11200000000000003,0.09496000000000003,0.1887689119606362
0.12600000000000006,0.09960000000000006,0.1887689119606362
0.10200000000000004,0.09870000000000005,0.1887689119606362
0.09400000000000003,0.09740000000000004,0.1887689119606362
0.12400000000000005,0.09904000000000006,0.1887689119606362
0.11600000000000003,0.09266000000000005,0.1887689119606362
0.13000000000000006,0.10680000000000005,0.1887689119606362
0.07800000000000004,0.10614000000000004,0.1887689119606362
0.12000000000000006,0.10446000000000004,0.1887689119606362
0.12600000000000003,0.09068000000000004,0.1887689119606362
0.11200000000000004,0.09184000000000003,0.1887689119606362
0.09600000000000003,0.09358000000000004,0.1887689119606362
0.15000000000000008,0.10556000000000006,0.1887689119606362
0.13800000000000007,0.11318000000000006,0.1887689119606362
0.11200000000000002,0.10982000000000004,0.1887689119606362
0.10400000000000002,0.10524000000000003,0.1887689119606362
0.12400000000000004,0.10114000000000004,0.1887689119606362
0.09800000000000003,0.10494000000000002,0.1887689119606362
0.11600000000000005,0.11870000000000007,0.1887689119606362
0.11800000000000002,0.08420000000000005,0.1887689119606362
0.10400000000000004,0.09400000000000003,0.1887689119606362
0.08200000000000002,0.09076000000000004,0.1887689119606362
0.11200000000000004,0.09655999999999999,0.1887689119606362
0.08400000000000003,0.08986000000000005,0.1887689119606362
0.12400000000000003,0.08596000000000002,0.1887689119606362
0.11000000000000006,0.08604000000000006,0.1887689119606362
0.10400000000000004,0.08336000000000005,0.1887689119606362
0.068,0.09662000000000005,0.1887689119606362
0.10800000000000001,0.08928000000000003,0.1887689119606362
0.15000000000000002,0.09520000000000005,0.1887689119606362
0.07400000000000001,0.09882000000000006,0.1887689119606362
0.07200000000000001,0.09936000000000003,0.1887689119606362
0.10400000000000005,0.10102000000000005,0.1887689119606362
0.09400000000000001,0.10522000000000005,0.1887689119606362
0.056000000000000015,0.09136000000000004,0.1887689119606362
0.10200000000000004,0.08500000000000002,0.1887689119606362
0.09600000000000003,0.08444,0.1887689119606362
0.07200000000000001,0.09574,0.1887689119606362
0.076,0.08972000000000004,0.1887689119606362
0.10200000000000005,0.09368000000000003,0.1887689119606362
0.046000000000000006,0.09350000000000006,0.1887689119606362
0.06800000000000002,0.09324000000000006,0.1887689119606362
0.10400000000000002,0.09854000000000003,0.1887689119606362
0.09400000000000003,0.09166000000000005,0.1887689119606362
0.12400000000000003,0.08980000000000005,0.1887689119606362
0.11400000000000005,0.08544000000000002,0.1887689119606362
0.13000000000000003,0.09314000000000007,0.1887689119606362
0.10400000000000004,0.08688000000000001,0.1887689119606362
0.10000000000000003,0.10102000000000003,0.1887689119606362
0.046,0.09326000000000004,0.1887689119606362
0.07400000000000002,0.09404000000000005,0.1887689119606362
0.13400000000000006,0.10278000000000005,0.1887689119606362
0.09600000000000003,0.09786000000000003,0.1887689119606362
0.11400000000000002,0.10478000000000008,0.1887689119606362
0.08600000000000003,0.08992000000000003,0.1887689119606362
0.12400000000000003,0.09516000000000005,0.1887689119606362
0.082,0.09684000000000005,0.1887689119606362
0.08200000000000002,0.10258000000000005,0.1887689119606362
0.07400000000000004,0.09368000000000003,0.1887689119606362
0.10400000000000004,0.09916000000000003,0.1887689119606362
0.04800000000000003,0.09534000000000004,0.1887689119606362
0.13400000000000006,0.10096000000000004,0.1887689119606362
0.09000000000000002,0.10094000000000006,0.1887689119606362
0.08400000000000002,0.10638000000000006,0.1887689119606362
0.11000000000000003,0.08976000000000005,0.1887689119606362
0.14400000000000007,0.09836000000000004,0.1887689119606362
0.09600000000000004,0.09778000000000002,0.1887689119606362
0.15000000000000005,0.10156000000000004,0.1887689119606362
0.11400000000000005,0.11102000000000006,0.1887689119606362
0.04000000000000002,0.11006000000000006,0.1887689119606362
0.09600000000000003,0.10436000000000005,0.1887689119606362
0.13200000000000006,0.09962000000000004,0.1887689119606362
0.08200000000000002,0.10990000000000004,0.1887689119606362
0.09200000000000004,0.11426000000000003,0.1887689119606362
0.12200000000000003,0.09048000000000003,0.1887689119606362
0.12400000000000005,0.09088000000000002,0.1887689119606362
0.08000000000000004,0.09618000000000006,0.1887689119606362
0.1660000000000001,0.09860000000000005,0.1887689119606362
0.07000000000000002,0.10090000000000005,0.1887689119606362
0.06000000000000001,0.10342000000000003,0.1887689119606362
0.11200000000000004,0.09880000000000003,0.1887689119606362
0.08000000000000002,0.09770000000000004,0.1887689119606362
0.11000000000000004,0.09778000000000005,0.1887689119606362
0.12400000000000003,0.10634000000000006,0.1887689119606362
0.14800000000000005,0.09836000000000004,0.1887689119606362
0.12400000000000003,0.10506000000000003,0.1887689119606362
0.11800000000000005,0.10674000000000004,0.1887689119606362
0.14000000000000004,0.11382000000000005,0.1887689119606362
0.09800000000000005,0.10722000000000007,0.1887689119606362
0.13200000000000006,0.08910000000000001,0.1887689119606362
0.10600000000000004,0.09410000000000004,0.1887689119606362
0.11600000000000003,0.09822000000000006,0.1887689119606362
0.11400000000000005,0.09298000000000005,0.1887689119606362
0.13000000000000003,0.09624000000000005,0.1887689119606362
0.14600000000000005,0.08554000000000005,0.1887689119606362
0.12400000000000003,0.09546000000000003,0.1887689119606362
0.12600000000000006,0.08838000000000003,0.1887689119606362
0.08600000000000002,0.10296000000000005,0.1887689119606362
0.11800000000000002,0.09630000000000004,0.1887689119606362
0.14400000000000004,0.09486000000000004,0.1887689119606362
0.09600000000000003,0.09956000000000004,0.1887689119606362
0.13800000000000004,0.10638000000000007,0.1887689119606362
0.09400000000000003,0.10808000000000005,0.1887689119606362
0.14800000000000008,0.10828000000000007,0.1887689119606362
0.11800000000000005,0.08858000000000002,0.1887689119606362
0.12400000000000005,0.09334000000000003,0.1887689119606362
0.10200000000000002,0.08782000000000001,0.1887689119606362
0.12200000000000003,0.09708000000000006,0.1887689119606362
0.11800000000000002,0.10054000000000006,0.1887689119606362
0.08800000000000002,0.09450000000000004,0.1887689119606362
0.09200000000000003,0.09492000000000002,0.1887689119606362
0.14200000000000007,0.10334000000000007,0.1887689119606362
0.15000000000000005,0.10756000000000007,0.1887689119606362
0.13200000000000006,0.10044000000000004,0.1887689119606362
0.11400000000000003,0.09506000000000003,0.1887689119606362
0.12000000000000005,0.08670000000000003,0.1887689119606362
0.14800000000000002,0.09356000000000005,0.1887689119606362
0.12600000000000003,0.09238000000000003,0.1887689119606362
0.07800000000000001,0.10832000000000004,0.1887689119606362
0.08800000000000002,0.09592000000000005,0.1887689119606362
0.11600000000000005,0.10338000000000004,0.1887689119606362
0.11600000000000005,0.10792000000000009,0.1887689119606362
0.11800000000000004,0.10116000000000008,0.1887689119606362
0.11200000000000006,0.11312000000000007,0.1887689119606362
0.12400000000000003,0.08722000000000005,0.1887689119606362
0.09800000000000003,0.09670000000000004,0.1887689119606362
0.08000000000000002,0.09998000000000003,0.1887689119606362
0.09200000000000003,0.09840000000000003,0.1887689119606362
0.09200000000000003,0.09394000000000004,0.1887689119606362
0.10600000000000004,0.09518000000000004,0.1887689119606362
0.07800000000000003,0.09052000000000006,0.1887689119606362
0.12000000000000004,0.10802000000000003,0.1887689119606362
0.09600000000000003,0.10036000000000007,0.1887689119606362
0.13800000000000007,0.10444000000000007,0.1887689119606362
0.10000000000000003,0.08934000000000006,0.1887689119606362
0.11000000000000004,0.08786000000000004,0.1887689119606362
0.09000000000000002,0.09508000000000005,0.1887689119606362
0.12400000000000005,0.10858000000000005,0.1887689119606362
0.10800000000000001,0.10960000000000006,0.1887689119606362
0.10600000000000001,0.10256000000000005,0.1887689119606362
0.09800000000000003,0.10554000000000004,0.1887689119606362
0.10600000000000004,0.10300000000000006,0.1887689119606362
0.10400000000000004,0.10312000000000003,0.1887689119606362
0.14600000000000007,0.11908000000000006,0.1887689119606362
0.08000000000000002,0.09114000000000004,0.1887689119606362
0.09800000000000003,0.09354000000000007,0.1887689119606362
0.09800000000000003,0.09448000000000005,0.1887689119606362
0.11600000000000005,0.10006000000000004,0.1887689119606362
0.10400000000000001,0.10192000000000001,0.1887689119606362
0.046000000000000006,0.10052000000000005,0.1887689119606362
0.05000000000000001,0.10650000000000005,0.1887689119606362
0.07,0.10184000000000003,0.1887689119606362
0.10800000000000004,0.10368000000000004,0.1887689119606362
0.09000000000000004,0.11600000000000005,0.1887689119606362
0.09000000000000002,0.09770000000000005,0.1887689119606362
0.08600000000000002,0.10148000000000003,0.1887689119606362
0.11200000000000004,0.09796000000000003,0.1887689119606362
0.09400000000000003,0.11592000000000006,0.1887689119606362
0.12000000000000002,0.11156000000000005,0.1887689119606362
0.09800000000000003,0.08930000000000002,0.1887689119606362
0.10400000000000004,0.08690000000000006,0.1887689119606362
0.08200000000000005,0.08442000000000001,0.1887689119606362
0.08600000000000003,0.09856000000000006,0.1887689119606362
0.11400000000000003,0.09794000000000003,0.1887689119606362
0.10800000000000004,0.09902,0.1887689119606362
0.05600000000000001,0.09576000000000005,0.1887689119606362
0.11400000000000005,0.09686000000000006,0.1887689119606362
0.09000000000000002,0.09980000000000003,0.1887689119606362
0.12800000000000006,0.09540000000000003,0.1887689119606362
0.11400000000000005,0.09198000000000003,0.1887689119606362
0.12800000000000006,0.08506000000000002,0.1887689119606362
0.08400000000000002,0.09504000000000004,0.1887689119606362
0.11000000000000003,0.09022000000000006,0.1887689119606362
0.12600000000000006,0.10400000000000006,0.1887689119606362
0.12800000000000006,0.09408000000000004,0.1887689119606362
0.07600000000000001,0.10266000000000004,0.1887689119606362
0.08400000000000003,0.10832000000000007,0.1887689119606362
0.10200000000000004,0.10508000000000006,0.1887689119606362
0.11200000000000004,0.10884000000000003,0.1887689119606362
0.11800000000000004,0.09102000000000003,0.1887689119606362
0.12400000000000005,0.08590000000000003,0.1887689119606362
0.09200000000000003,0.09744000000000005,0.1887689119606362
0.09400000000000003,0.08766000000000002,0.1887689119606362
0.09000000000000002,0.10260000000000004,0.1887689119606362
0.10000000000000002,0.09672000000000004,0.1887689119606362
0.06800000000000002,0.09470000000000002,0.1887689119606362
0.06400000000000003,0.10720000000000009,0.1887689119606362
0.12200000000000004,0.09608000000000005,0.1887689119606362
0.10400000000000004,0.11228000000000007,0.1887689119606362
0.09200000000000005,0.09054000000000005,0.1887689119606362
0.11200000000000003,0.10916000000000008,0.1887689119606362
0.13400000000000004,0.09572000000000001,0.1887689119606362
0.09200000000000004,0.10852000000000006,0.1887689119606362
0.08600000000000002,0.11340000000000007,0.1887689119606362
0.09600000000000004,0.08774000000000004,0.1887689119606362
0.09800000000000006,0.08966000000000002,0.1887689119606362
0.05000000000000002,0.09708000000000006,0.1887689119606362
0.09200000000000004,0.09694000000000007,0.1887689119606362
0.07200000000000001,0.10384000000000006,0.1887689119606362
0.09400000000000003,0.10236000000000002,0.1887689119606362
0.09000000000000004,0.10242000000000005,0.1887689119606362
0.07800000000000001,0.10112000000000002,0.1887689119606362
0.12400000000000004,0.10408000000000006,0.1887689119606362
0.13800000000000007,0.10676000000000006,0.1887689119606362
0.10200000000000004,0.09466000000000004,0.1887689119606362
0.08200000000000003,0.10620000000000006,0.1887689119606362
0.08400000000000003,0.10452000000000004,0.1887689119606362
0.12200000000000005,0.11100000000000004,0.1887689119606362
0.08400000000000005,0.11568000000000006,0.1887689119606362
0.09800000000000003,0.09554000000000004,0.1887689119606362
0.09800000000000003,0.10408000000000002,0.1887689119606362
0.09200000000000004,0.10092000000000005,0.1887689119606362
0.11000000000000001,0.11248000000000008,0.1887689119606362
0.12800000000000006,0.10856000000000005,0.1887689119606362
0.09200000000000001,0.11032000000000007,0.1887689119606362
0.07800000000000001,0.09290000000000005,0.1887689119606362
0.08400000000000002,0.09898000000000004,0.1887689119606362
0.09600000000000003,0.09626000000000004,0.1887689119606362
0.060000000000000026,0.10462000000000006,0.1887689119606362
0.066,0.09230000000000008,0.1887689119606362
0.09600000000000003,0.09738000000000005,0.1887689119606362
0.08200000000000002,0.10362000000000005,0.1887689119606362
0.07,0.09580000000000004,0.1887689119606362
0.058000000000000024,0.08718000000000005,0.1887689119606362
0.038000000000000006,0.08426000000000003,0.1887689119606362
0.07400000000000001,0.09142000000000002,0.1887689119606362
0.07200000000000002,0.08458000000000007,0.1887689119606362
0.054000000000000006,0.09450000000000004,0.1887689119606362
0.06000000000000001,0.08738000000000003,0.1887689119606362
0.12000000000000004,0.09456000000000005,0.1887689119606362
0.08400000000000005,0.09030000000000005,0.1887689119606362
0.06800000000000003,0.10394000000000007,0.1887689119606362
0.06600000000000003,0.08930000000000002,0.1887689119606362
0.07200000000000001,0.09642000000000006,0.1887689119606362
0.12200000000000004,0.10258000000000005,0.1887689119606362
0.062,0.09612000000000007,0.1887689119606362
0.07600000000000003,0.09410000000000003,0.1887689119606362
0.06600000000000003,0.08670000000000003,0.1887689119606362
0.060000000000000026,0.08994000000000002,0.1887689119606362
0.11000000000000004,0.09646000000000002,0.1887689119606362
0.07800000000000003,0.08820000000000004,0.1887689119606362
0.08600000000000003,0.09482000000000003,0.1887689119606362
0.07200000000000002,0.09530000000000007,0.1887689119606362
0.07800000000000004,0.10430000000000002,0.1887689119606362
0.08600000000000005,0.10184000000000006,0.1887689119606362
0.04200000000000001,0.08814000000000002,0.1887689119606362
0.13600000000000007,0.09830000000000003,0.1887689119606362
0.08800000000000004,0.08740000000000005,0.1887689119606362
0.09800000000000003,0.10102000000000003,0.1887689119606362
0.08600000000000002,0.09864000000000006,0.1887689119606362
0.10400000000000004,0.10108000000000003,0.1887689119606362
0.12800000000000003,0.08676000000000006,0.1887689119606362
0.10800000000000004,0.09220000000000003,0.1887689119606362
0.07600000000000003,0.09220000000000005,0.1887689119606362
0.11000000000000003,0.08744000000000005,0.1887689119606362
0.09200000000000003,0.10040000000000004,0.1887689119606362
0.08200000000000005,0.08880000000000005,0.1887689119606362
0.13000000000000006,0.09778000000000006,0.1887689119606362
0.09000000000000002,0.09392000000000005,0.1887689119606362
0.09400000000000003,0.09648000000000005,0.1887689119606362
0.07200000000000001,0.08880000000000003,0.1887689119606362
0.11800000000000004,0.10056000000000004,0.1887689119606362
0.14400000000000004,0.10240000000000003,0.1887689119606362
0.10400000000000001,0.09422000000000007,0.1887689119606362
0.05400000000000002,0.09996000000000006,0.1887689119606362
0.14400000000000007,0.08520000000000003,0.1887689119606362
0.11400000000000003,0.10252000000000006,0.1887689119606362
0.13200000000000003,0.09904000000000003,0.1887689119606362
0.07200000000000001,0.09418000000000007,0.1887689119606362
0.12000000000000004,0.09152000000000002,0.1887689119606362
0.12200000000000005,0.10328000000000004,0.1887689119606362
0.12000000000000005,0.10172000000000006,0.1887689119606362
0.11600000000000002,0.10378000000000005,0.1887689119606362
0.08800000000000002,0.09468000000000006,0.1887689119606362
0.15000000000000005,0.09340000000000005,0.1887689119606362
0.10600000000000004,0.08582000000000005,0.1887689119606362
0.12800000000000003,0.10684000000000003,0.1887689119606362
0.12800000000000003,0.10882000000000006,0.1887689119606362
0.09800000000000003,0.10046000000000006,0.1887689119606362
0.04800000000000003,0.08744000000000002,0.1887689119606362
0.11600000000000003,0.08720000000000001,0.1887689119606362
0.09400000000000001,0.08820000000000003,0.1887689119606362
0.12400000000000005,0.09432000000000004,0.1887689119606362
0.12200000000000005,0.09392000000000007,0.1887689119606362
0.13000000000000003,0.09706000000000008,0.1887689119606362
0.07600000000000003,0.09232000000000003,0.1887689119606362
0.10200000000000002,0.08656000000000005,0.1887689119606362
0.10400000000000004,0.09384000000000003,0.1887689119606362
0.09400000000000001,0.08876,0.1887689119606362
0.12200000000000003,0.09442000000000003,0.1887689119606362
0.10200000000000004,0.09376000000000004,0.1887689119606362
0.08000000000000004,0.10244000000000009,0.1887689119606362
0.12200000000000005,0.08984000000000002,0.1887689119606362
0.17400000000000004,0.10666000000000005,0.1887689119606362
0.10200000000000004,0.09316000000000005,0.1887689119606362
0.12800000000000003,0.09140000000000002,0.1887689119606362
0.09200000000000003,0.09706000000000002,0.1887689119606362
0.09000000000000002,0.10024000000000004,0.1887689119606362
0.12200000000000003,0.10770000000000006,0.1887689119606362
0.13600000000000007,0.09678000000000003,0.1887689119606362
0.07000000000000002,0.09776000000000001,0.1887689119606362
0.08000000000000003,0.08780000000000006,0.1887689119606362
0.05000000000000002,0.09236000000000005,0.1887689119606362
0.14800000000000005,0.09480000000000004,0.1887689119606362
0.10400000000000004,0.08906000000000003,0.1887689119606362
0.13200000000000006,0.09412000000000002,0.1887689119606362
0.07800000000000001,0.10008000000000007,0.1887689119606362
0.12400000000000003,0.10052000000000004,0.1887689119606362
0.16800000000000007,0.10130000000000004,0.1887689119606362
0.07600000000000003,0.09060000000000004,0.1887689119606362
0.1620000000000001,0.09988000000000001,0.1887689119606362
0.12600000000000006,0.09222000000000005,0.1887689119606362
0.08400000000000002,0.10912000000000004,0.1887689119606362
0.11600000000000005,0.10382000000000007,0.1887689119606362
0.15800000000000006,0.10130000000000004,0.1887689119606362
0.10400000000000005,0.09108000000000004,0.1887689119606362
0.07800000000000004,0.10108000000000003,0.1887689119606362
0.08400000000000003,0.10052000000000004,0.1887689119606362
0.10000000000000006,0.10134000000000006,0.1887689119606362
0.11600000000000005,0.08916000000000006,0.1887689119606362
0.14600000000000007,0.09512000000000005,0.1887689119606362
0.09000000000000002,0.08726000000000002,0.1887689119606362
0.08000000000000003,0.10720000000000006,0.1887689119606362
0.09200000000000003,0.10562000000000005,0.1887689119606362
0.11000000000000004,0.09914000000000003,0.1887689119606362
0.09200000000000003,0.09416000000000002,0.1887689119606362
0.13400000000000006,0.09956000000000005,0.1887689119606362
0.10200000000000002,0.10102000000000005,0.1887689119606362
0.07600000000000001,0.10728000000000006,0.1887689119606362
0.11200000000000004,0.11758000000000003,0.1887689119606362
0.11800000000000005,0.10998000000000006,0.1887689119606362
0.12600000000000006,0.10316000000000004,0.1887689119606362
0.09000000000000002,0.09966000000000005,0.1887689119606362
0.15200000000000005,0.09930000000000004,0.1887689119606362
0.13800000000000004,0.11570000000000003,0.1887689119606362
0.10200000000000002,0.08510000000000002,0.1887689119606362
0.09400000000000003,0.09862000000000005,0.1887689119606362
0.058000000000000024,0.09510000000000003,0.1887689119606362
0.07600000000000003,0.08486000000000003,0.1887689119606362
0.10200000000000002,0.09486000000000003,0.1887689119606362
0.05200000000000002,0.09462000000000007,0.1887689119606362
0.11200000000000002,0.09072000000000006,0.1887689119606362
0.07200000000000002,0.09582000000000004,0.1887689119606362
0.08000000000000002,0.09686000000000004,0.1887689119606362
0.09000000000000002,0.08802000000000001,0.1887689119606362
0.14000000000000007,0.09370000000000005,0.1887689119606362
0.07800000000000001,0.10066000000000003,0.1887689119606362
0.09000000000000002,0.09176000000000004,0.1887689119606362
0.07600000000000003,0.10370000000000007,0.1887689119606362
0.07800000000000001,0.09010000000000006,0.1887689119606362
0.07600000000000003,0.09846000000000005,0.1887689119606362
0.08600000000000002,0.10250000000000005,0.1887689119606362
0.08600000000000003,0.09436000000000003,0.1887689119606362
0.10600000000000005,0.09234000000000003,0.1887689119606362
0.04800000000000002,0.10370000000000003,0.1887689119606362
0.11000000000000001,0.10710000000000007,0.1887689119606362
0.07800000000000004,0.10180000000000003,0.1887689119606362
0.09400000000000003,0.09050000000000004,0.1887689119606362
0.10800000000000004,0.10042000000000008,0.1887689119606362
0.10000000000000003,0.09012000000000002,0.1887689119606362
0.13000000000000006,0.10498000000000005,0.1887689119606362
0.15000000000000002,0.10320000000000004,0.1887689119606362
0.11200000000000004,0.10540000000000004,0.1887689119606362
0.10200000000000002,0.08378000000000002,0.1887689119606362
0.07,0.08554000000000005,0.1887689119606362
0.096,0.08250000000000005,0.1887689119606362
0.07400000000000001,0.08734000000000001,0.1887689119606362
0.04000000000000001,0.08726000000000003,0.1887689119606362
0.09200000000000003,0.08544000000000003,0.1887689119606362
0.07400000000000004,0.09290000000000002,0.1887689119606362
0.07600000000000003,0.08142000000000002,0.1887689119606362
0.08200000000000003,0.08966000000000006,0.1887689119606362
0.05600000000000001,0.08858000000000003,0.1887689119606362
0.12000000000000004,0.09152000000000007,0.1887689119606362
0.08800000000000004,0.08982000000000002,0.1887689119606362
0.04600000000000003,0.09266000000000003,0.1887689119606362
0.048000000000000015,0.08790000000000003,0.1887689119606362
0.06400000000000003,0.09328000000000004,0.1887689119606362
0.10000000000000003,0.08438000000000004,0.1887689119606362
0.08600000000000003,0.09014000000000003,0.1887689119606362
0.09400000000000003,0.08868000000000001,0.1887689119606362
0.08400000000000003,0.09138000000000004,0.1887689119606362
0.11200000000000002,0.09372000000000005,0.1887689119606362
0.11000000000000004,0.08696000000000005,0.1887689119606362
0.12000000000000005,0.09718000000000002,0.1887689119606362
0.09000000000000004,0.08294000000000003,0.1887689119606362
0.10400000000000006,0.08790000000000003,0.1887689119606362
0.07400000000000004,0.09706000000000004,0.1887689119606362
0.10600000000000004,0.08684000000000006,0.1887689119606362
0.08200000000000002,0.08798000000000002,0.1887689119606362
0.08000000000000003,0.09874000000000006,0.1887689119606362
0.08600000000000002,0.10558000000000005,0.1887689119606362
0.10200000000000004,0.10228000000000002,0.1887689119606362
0.06200000000000003,0.08770000000000003,0.1887689119606362
0.07600000000000003,0.09650000000000004,0.1887689119606362
0.09200000000000003,0.08764000000000004,0.1887689119606362
0.04200000000000001,0.10014000000000005,0.1887689119606362
0.11000000000000001,0.09708000000000004,0.1887689119606362
0.07200000000000002,0.10208000000000005,0.1887689119606362
0.13000000000000006,0.09454000000000005,0.1887689119606362
0.06800000000000003,0.10022000000000005,0.1887689119606362
0.13000000000000006,0.10318000000000002,0.1887689119606362
0.12600000000000006,0.09896000000000003,0.1887689119606362
0.08200000000000002,0.08138000000000002,0.1887689119606362
0.13600000000000004,0.09614000000000004,0.1887689119606362
0.10800000000000004,0.08820000000000006,0.1887689119606362
0.09000000000000002,0.09958000000000006,0.1887689119606362
0.14600000000000007,0.09960000000000002,0.1887689119606362
0.10000000000000005,0.09472000000000004,0.1887689119606362
0.08600000000000002,0.09206000000000004,0.1887689119606362
0.14400000000000007,0.09954000000000006,0.1887689119606362
0.06800000000000003,0.09812000000000004,0.1887689119606362
0.08200000000000002,0.10622000000000005,0.1887689119606362
0.10600000000000004,0.10524000000000007,0.1887689119606362
0.08800000000000002,0.10804000000000007,0.1887689119606362
0.10000000000000003,0.10078000000000001,0.1887689119606362
0.132,0.09256000000000003,0.1887689119606362
0.15400000000000008,0.10164000000000004,0.1887689119606362
0.09600000000000004,0.10668000000000005,0.1887689119606362
0.02400000000000001,0.08932000000000004,0.1887689119606362
0.09200000000000004,0.08184000000000004,0.1887689119606362
0.13000000000000003,0.07976000000000003,0.1887689119606362
0.08400000000000003,0.09452000000000002,0.1887689119606362
0.08200000000000002,0.09052000000000004,0.1887689119606362
0.12200000000000004,0.08738000000000005,0.1887689119606362
0.048000000000000015,0.08932000000000002,0.1887689119606362
0.10200000000000004,0.08688000000000003,0.1887689119606362
0.10000000000000005,0.10008000000000003,0.1887689119606362
0.08200000000000002,0.08844000000000003,0.1887689119606362
0.10200000000000004,0.09342000000000004,0.1887689119606362
0.07000000000000003,0.08252000000000004,0.1887689119606362
0.044000000000000025,0.09600000000000006,0.1887689119606362
0.03000000000000002,0.08476000000000004,0.1887689119606362
0.11400000000000007,0.09506000000000005,0.1887689119606362
0.12600000000000003,0.09148000000000003,0.1887689119606362
0.10400000000000004,0.09196000000000004,0.1887689119606362
0.10000000000000002,0.08830000000000003,0.1887689119606362
0.11800000000000004,0.09832000000000006,0.1887689119606362
0.12600000000000006,0.10606000000000006,0.1887689119606362
0.10000000000000003,0.09066000000000002,0.1887689119606362
0.07000000000000002,0.09144000000000005,0.1887689119606362
0.10000000000000002,0.08248000000000004,0.1887689119606362
0.098,0.09384000000000003,0.1887689119606362
0.08400000000000002,0.09692000000000006,0.1887689119606362
0.08800000000000002,0.08730000000000003,0.1887689119606362
0.12000000000000005,0.07772000000000003,0.1887689119606362
0.09400000000000003,0.09480000000000004,0.1887689119606362
0.10800000000000003,0.09196000000000003,0.1887689119606362
0.12800000000000006,0.09230000000000003,0.1887689119606362
0.09600000000000003,0.08760000000000003,0.1887689119606362
0.12600000000000006,0.09160000000000006,0.1887689119606362
0.13000000000000006,0.08278000000000002,0.1887689119606362
0.11600000000000003,0.10564000000000007,0.1887689119606362
0.11600000000000005,0.10318000000000006,0.1887689119606362
0.09400000000000003,0.09762000000000005,0.1887689119606362
0.14400000000000007,0.08880000000000003,0.1887689119606362
0.05800000000000001,0.10432000000000007,0.1887689119606362
0.12000000000000004,0.09928000000000002,0.1887689119606362
0.07200000000000001,0.09838000000000002,0.1887689119606362
0.11600000000000005,0.09132000000000003,0.1887689119606362
0.13000000000000003,0.09224000000000004,0.1887689119606362
0.12200000000000005,0.08818000000000002,0.1887689119606362
0.12400000000000003,0.10416000000000006,0.1887689119606362
0.12800000000000006,0.10894000000000006,0.1887689119606362
0.10600000000000004,0.09854000000000006,0.1887689119606362
0.07600000000000003,0.08620000000000004,0.1887689119606362
0.15000000000000002,0.09224000000000006,0.1887689119606362
0.12600000000000006,0.08254000000000002,0.1887689119606362
0.05600000000000002,0.10268000000000005,0.1887689119606362
0.12400000000000005,0.10726000000000006,0.1887689119606362
0.058000000000000024,0.10046000000000004,0.1887689119606362
0.13400000000000004,0.10172000000000003,0.1887689119606362
0.14600000000000002,0.09514000000000003,0.1887689119606362
0.1600000000000001,0.09374000000000002,0.1887689119606362
0.11000000000000001,0.11150000000000007,0.1887689119606362
0.11600000000000003,0.08760000000000004,0.1887689119606362
0.12200000000000003,0.07932000000000002,0.1887689119606362
0.11200000000000004,0.09032000000000003,0.1887689119606362
0.07800000000000001,0.09108000000000004,0.1887689119606362
0.13800000000000004,0.09062000000000003,0.1887689119606362
0.08600000000000002,0.07672000000000004,0.1887689119606362
0.10800000000000003,0.08664000000000005,0.1887689119606362
0.12600000000000006,0.08580000000000002,0.1887689119606362
0.20200000000000007,0.08978,0.1887689119606362
0.11000000000000003,0.08836000000000004,0.1887689119606362
0.14400000000000002,0.09260000000000003,0.1887689119606362
0.10800000000000001,0.08718000000000005,0.1887689119606362
0.07800000000000001,0.09764000000000003,0.1887689119606362
0.11000000000000004,0.09626000000000007,0.1887689119606362
0.09200000000000004,0.09014000000000007,0.1887689119606362
0.08600000000000002,0.08744000000000005,0.1887689119606362
0.12800000000000003,0.09620000000000005,0.1887689119606362
0.11400000000000005,0.08852000000000003,0.1887689119606362
0.09800000000000003,0.09622000000000006,0.1887689119606362
0.12200000000000005,0.09004000000000005,0.1887689119606362
0.09200000000000003,0.09104000000000007,0.1887689119606362
0.11600000000000005,0.09182000000000005,0.1887689119606362
0.11000000000000003,0.09852000000000007,0.1887689119606362
0.13800000000000004,0.10022000000000003,0.1887689119606362
0.08800000000000002,0.09598000000000005,0.1887689119606362
0.09000000000000002,0.08860000000000005,0.1887689119606362
0.11200000000000004,0.08656000000000004,0.1887689119606362
0.10400000000000004,0.09346000000000006,0.1887689119606362
0.09800000000000003,0.09216000000000003,0.1887689119606362
0.11000000000000003,0.10782000000000003,0.1887689119606362
0.12000000000000004,0.09486000000000004,0.1887689119606362
0.10400000000000004,0.09636000000000006,0.1887689119606362
0.10800000000000001,0.09918000000000003,0.1887689119606362
0.13400000000000006,0.09562000000000002,0.1887689119606362
0.10000000000000003,0.10150000000000002,0.1887689119606362
0.13600000000000007,0.08268000000000003,0.1887689119606362
0.09800000000000005,0.09480000000000002,0.1887689119606362
0.13600000000000004,0.09872000000000004,0.1887689119606362
0.15200000000000008,0.09822000000000006,0.1887689119606362
0.14800000000000005,0.08500000000000003,0.1887689119606362
0.13000000000000003,0.09736000000000003,0.1887689119606362
0.13000000000000006,0.08530000000000004,0.1887689119606362
0.09200000000000003,0.10220000000000005,0.1887689119606362
0.16000000000000006,0.09834000000000005,0.1887689119606362
0.13800000000000007,0.09786000000000004,0.1887689119606362
0.12000000000000006,0.08292000000000004,0.1887689119606362
0.14600000000000007,0.09488000000000002,0.1887689119606362
0.16200000000000006,0.09214000000000004,0.1887689119606362
0.06000000000000001,0.10152000000000004,0.1887689119606362
0.14400000000000007,0.10314000000000006,0.1887689119606362
0.17400000000000007,0.10330000000000006,0.1887689119606362
0.07400000000000002,0.09944000000000006,0.1887689119606362
0.09400000000000004,0.09334000000000005,0.1887689119606362
0.13200000000000006,0.09610000000000005,0.1887689119606362
0.09800000000000003,0.11198000000000004,0.1887689119606362
0.11200000000000003,0.09088000000000003,0.1887689119606362
0.17000000000000007,0.09848000000000004,0.1887689119606362
0.11800000000000004,0.09530000000000004,0.1887689119606362
0.08000000000000003,0.10596000000000007,0.1887689119606362
0.14400000000000004,0.10562000000000005,0.1887689119606362
0.12600000000000006,0.10590000000000004,0.1887689119606362
0.12600000000000006,0.10280000000000004,0.1887689119606362
0.16600000000000004,0.10218000000000005,0.1887689119606362
0.12400000000000005,0.09778000000000005,0.1887689119606362
0.15000000000000005,0.11402000000000008,0.1887689119606362
0.13000000000000003,0.10204000000000006,0.1887689119606362
0.12200000000000003,0.09978000000000005,0.1887689119606362
0.13200000000000003,0.10178000000000005,0.1887689119606362
0.12600000000000006,0.11262000000000003,0.1887689119606362
0.1600000000000001,0.10570000000000004,0.1887689119606362
0.09200000000000004,0.08674000000000001,0.1887689119606362
0.07200000000000001,0.08998000000000005,0.1887689119606362
0.06800000000000003,0.09254000000000004,0.1887689119606362
0.09400000000000003,0.08734000000000006,0.1887689119606362
0.07200000000000002,0.08950000000000004,0.1887689119606362
0.025999999999999995,0.08666000000000004,0.1887689119606362
0.15400000000000005,0.09084000000000003,0.1887689119606362
0.058000000000000024,0.09182000000000003,0.1887689119606362
0.10600000000000004,0.10118000000000003,0.1887689119606362
0.12400000000000005,0.09018000000000004,0.1887689119606362
0.12600000000000006,0.09610000000000006,0.1887689119606362
0.10800000000000005,0.09566000000000006,0.1887689119606362
0.10800000000000004,0.09508000000000007,0.1887689119606362
0.034000000000000016,0.09374000000000005,0.1887689119606362
0.08400000000000002,0.08726000000000006,0.1887689119606362
0.08200000000000002,0.09378000000000007,0.1887689119606362
0.04000000000000002,0.09290000000000002,0.1887689119606362
0.052000000000000005,0.08868000000000005,0.1887689119606362
0.08000000000000002,0.09190000000000001,0.1887689119606362
0.08600000000000002,0.10134000000000004,0.1887689119606362
0.08000000000000003,0.09982000000000003,0.1887689119606362
0.10000000000000003,0.10156000000000004,0.1887689119606362
0.084,0.09102000000000003,0.1887689119606362
0.054000000000000006,0.09322000000000003,0.1887689119606362
0.09000000000000002,0.08708000000000003,0.1887689119606362
0.08400000000000005,0.10122000000000006,0.1887689119606362
0.068,0.09728000000000005,0.1887689119606362
0.04200000000000001,0.09448000000000004,0.1887689119606362
0.032000000000000015,0.08106000000000003,0.1887689119606362
0.08000000000000003,0.08754000000000005,0.1887689119606362
0.12200000000000005,0.08890000000000005,0.1887689119606362
0.10000000000000003,0.09030000000000005,0.1887689119606362
0.08600000000000005,0.08306000000000004,0.1887689119606362
0.06200000000000001,0.09148000000000005,0.1887689119606362
0.08000000000000003,0.08502000000000005,0.1887689119606362
0.05800000000000003,0.08226000000000004,0.1887689119606362
0.06400000000000003,0.08546000000000004,0.1887689119606362
0.05800000000000003,0.07874,0.1887689119606362
0.08600000000000003,0.08848000000000002,0.1887689119606362
0.09400000000000003,0.08546000000000002,0.1887689119606362
0.08400000000000002,0.08686000000000005,0.1887689119606362
0.058000000000000024,0.07822000000000003,0.1887689119606362
0.11000000000000004,0.09096000000000005,0.1887689119606362
0.08200000000000002,0.08674000000000003,0.1887689119606362
0.09600000000000003,0.08038000000000003,0.1887689119606362
0.08400000000000002,0.08660000000000005,0.1887689119606362
0.07000000000000003,0.08570000000000003,0.1887689119606362
0.07800000000000001,0.09420000000000003,0.1887689119606362
0.08000000000000004,0.08428000000000005,0.1887689119606362
0.09400000000000003,0.09714000000000005,0.1887689119606362
0.07200000000000004,0.09178000000000003,0.1887689119606362
0.05400000000000001,0.09210000000000002,0.1887689119606362
0.08400000000000005,0.09466000000000005,0.1887689119606362
0.06400000000000002,0.09068000000000005,0.1887689119606362
0.11200000000000004,0.09882000000000005,0.1887689119606362
0.07800000000000003,0.10054000000000005,0.1887689119606362
0.08000000000000003,0.10110000000000004,0.1887689119606362
0.11600000000000005,0.10556000000000004,0.1887689119606362
0.052000000000000005,0.08982000000000004,0.1887689119606362
0.08600000000000003,0.09562000000000005,0.1887689119606362
0.09800000000000003,0.09116000000000003,0.1887689119606362
0.07600000000000001,0.09894000000000004,0.1887689119606362
0.09200000000000003,0.09716000000000005,0.1887689119606362
0.06600000000000002,0.10012000000000007,0.1887689119606362
0.06000000000000002,0.08990000000000009,0.1887689119606362
0.09400000000000004,0.09134,0.1887689119606362
0.024000000000000007,0.08874000000000004,0.1887689119606362
0.09600000000000003,0.08964000000000003,0.1887689119606362
0.07600000000000003,0.08434000000000005,0.1887689119606362
0.13400000000000006,0.08930000000000003,0.1887689119606362
0.04600000000000003,0.08328000000000003,0.1887689119606362
0.12800000000000006,0.09258000000000005,0.1887689119606362
0.06000000000000002,0.09268000000000007,0.1887689119606362
0.04200000000000002,0.08936000000000004,0.1887689119606362
0.024,0.09374000000000005,0.1887689119606362
0.10200000000000004,0.09302000000000005,0.1887689119606362
0.08600000000000002,0.09600000000000004,0.1887689119606362
0.06400000000000002,0.09642000000000003,0.1887689119606362
0.08400000000000005,0.10440000000000003,0.1887689119606362
0.06200000000000001,0.10316000000000008,0.1887689119606362
0.07400000000000002,0.09194000000000005,0.1887689119606362
0.030000000000000006,0.09044000000000002,0.1887689119606362
0.10400000000000004,0.09396000000000002,0.1887689119606362
0.06200000000000003,0.09668000000000002,0.1887689119606362
0.08200000000000005,0.08524000000000005,0.1887689119606362
0.11000000000000003,0.08992000000000004,0.1887689119606362
0.12400000000000003,0.08320000000000002,0.1887689119606362
0.07,0.09636000000000003,0.1887689119606362
0.07200000000000002,0.08600000000000005,0.1887689119606362
0.09200000000000003,0.09454000000000001,0.1887689119606362
0.10200000000000004,0.09208000000000002,0.1887689119606362
0.09200000000000003,0.08836000000000005,0.1887689119606362
0.13000000000000006,0.09548000000000004,0.1887689119606362
0.10000000000000003,0.08348000000000004,0.1887689119606362
0.09200000000000003,0.09110000000000001,0.1887689119606362
0.12400000000000004,0.08752000000000004,0.1887689119606362
0.09000000000000002,0.10108000000000006,0.1887689119606362
0.06400000000000003,0.08244000000000004,0.1887689119606362
0.12800000000000003,0.09834000000000002,0.1887689119606362
0.09200000000000004,0.09808000000000004,0.1887689119606362
0.14600000000000002,0.09140000000000004,0.1887689119606362
0.13000000000000006,0.09078000000000004,0.1887689119606362
0.11200000000000004,0.09552000000000005,0.1887689119606362
0.09200000000000003,0.10686000000000005,0.1887689119606362
0.11800000000000005,0.09134000000000003,0.1887689119606362
0.068,0.09804000000000003,0.1887689119606362
0.09800000000000003,0.08572000000000003,0.1887689119606362
0.07200000000000002,0.09444000000000007,0.1887689119606362
0.07000000000000002,0.09636000000000006,0.1887689119606362
0.062,0.08994000000000006,0.1887689119606362
0.14200000000000007,0.09184000000000005,0.1887689119606362
0.10800000000000003,0.10732000000000005,0.1887689119606362
0.08600000000000003,0.09804000000000007,0.1887689119606362
0.10200000000000002,0.10198000000000008,0.1887689119606362
0.07800000000000004,0.09156000000000004,0.1887689119606362
0.09600000000000003,0.09352000000000003,0.1887689119606362
0.10400000000000002,0.08590000000000003,0.1887689119606362
0.08600000000000003,0.10684000000000006,0.1887689119606362
0.09000000000000002,0.10742000000000004,0.1887689119606362
0.11200000000000004,0.09598000000000002,0.1887689119606362
0.17000000000000004,0.09520000000000002,0.1887689119606362
0.12400000000000003,0.10048000000000006,0.1887689119606362
0.07000000000000002,0.09580000000000004,0.1887689119606362
0.09000000000000002,0.09698000000000002,0.1887689119606362
0.09400000000000001,0.09236000000000005,0.1887689119606362
0.09600000000000003,0.08924000000000007,0.1887689119606362
0.08400000000000002,0.08150000000000003,0.1887689119606362
0.058000000000000024,0.09836000000000004,0.1887689119606362
0.07400000000000002,0.10130000000000003,0.1887689119606362
0.06400000000000002,0.09374000000000005,0.1887689119606362
0.11800000000000005,0.09900000000000006,0.1887689119606362
0.11600000000000005,0.09444000000000002,0.1887689119606362
0.11200000000000002,0.09586000000000004,0.1887689119606362
0.054000000000000006,0.10632000000000003,0.1887689119606362
0.09400000000000004,0.11650000000000005,0.1887689119606362
0.08800000000000002,0.10326000000000005,0.1887689119606362
0.08400000000000002,0.10064000000000006,0.1887689119606362
0.12400000000000003,0.09806000000000004,0.1887689119606362
0.09400000000000001,0.09302000000000003,0.1887689119606362
0.06800000000000003,0.10774000000000007,0.1887689119606362
0.10600000000000004,0.08980000000000002,0.1887689119606362
0.07200000000000002,0.08184000000000002,0.1887689119606362
0.10200000000000004,0.08972000000000004,0.1887689119606362
0.10400000000000005,0.0814,0.1887689119606362
0.10400000000000002,0.08990000000000006,0.1887689119606362
0.08400000000000003,0.09180000000000003,0.1887689119606362
0.098,0.09820000000000005,0.1887689119606362
0.10400000000000004,0.08316000000000001,0.1887689119606362
0.12800000000000006,0.09778000000000005,0.1887689119606362
0.092,0.09392000000000003,0.1887689119606362
0.13800000000000004,0.08900000000000002,0.1887689119606362
0.042000000000000016,0.08990000000000004,0.1887689119606362
0.07200000000000002,0.09220000000000003,0.1887689119606362
0.06,0.10186000000000005,0.1887689119606362
0.09400000000000003,0.09026,0.1887689119606362
0.08800000000000005,0.08976000000000002,0.1887689119606362
0.09000000000000005,0.09548000000000008,0.1887689119606362
0.11200000000000002,0.08328000000000002,0.1887689119606362
0.10000000000000006,0.09530000000000005,0.1887689119606362
0.06800000000000002,0.09308000000000004,0.1887689119606362
0.11400000000000002,0.08164000000000003,0.1887689119606362
0.05400000000000001,0.08770000000000004,0.1887689119606362
0.11600000000000003,0.09080000000000005,0.1887689119606362
0.028000000000000004,0.09770000000000005,0.1887689119606362
0.12600000000000003,0.08358000000000002,0.1887689119606362
0.07600000000000004,0.09516000000000006,0.1887689119606362
0.14200000000000007,0.08676000000000003,0.1887689119606362
0.07400000000000002,0.09902000000000007,0.1887689119606362
0.08000000000000003,0.09268000000000007,0.1887689119606362
0.09600000000000003,0.11010000000000005,0.1887689119606362
0.11000000000000004,0.09190000000000005,0.1887689119606362
0.11000000000000001,0.09632000000000006,0.1887689119606362
0.062,0.09930000000000004,0.1887689119606362
0.11600000000000003,0.08914000000000005,0.1887689119606362
0.07400000000000002,0.09838000000000005,0.1887689119606362
0.13800000000000007,0.09252000000000003,0.1887689119606362
0.09200000000000003,0.09768000000000006,0.1887689119606362
0.07800000000000004,0.09484000000000006,0.1887689119606362
0.082,0.09586000000000003,0.1887689119606362
0.11000000000000004,0.09020000000000003,0.1887689119606362
0.11200000000000002,0.09524000000000005,0.1887689119606362
0.07600000000000004,0.08614000000000005,0.1887689119606362
0.10600000000000004,0.09912000000000004,0.1887689119606362
0.05800000000000001,0.09846000000000002,0.1887689119606362
0.08000000000000002,0.09322000000000004,0.1887689119606362
0.066,0.09788000000000005,0.1887689119606362
0.1600000000000001,0.09884000000000004,0.1887689119606362
0.13200000000000003,0.09882000000000006,0.1887689119606362
0.041999999999999996,0.10540000000000006,0.1887689119606362
0.13000000000000006,0.10870000000000005,0.1887689119606362
0.10800000000000004,0.10474000000000004,0.1887689119606362
0.11200000000000003,0.09812000000000005,0.1887689119606362
0.11200000000000004,0.09770000000000005,0.1887689119606362
0.15400000000000003,0.09786000000000006,0.1887689119606362
0.09600000000000003,0.10934000000000006,0.1887689119606362
0.06200000000000002,0.09772000000000003,0.1887689119606362
0.12400000000000005,0.09120000000000006,0.1887689119606362
0.08400000000000002,0.09690000000000003,0.1887689119606362
0.08200000000000003,0.09604000000000003,0.1887689119606362
0.09400000000000006,0.10866000000000005,0.1887689119606362
0.05600000000000002,0.09610000000000003,0.1887689119606362
0.11200000000000004,0.09488000000000003,0.1887689119606362
0.06000000000000003,0.09570000000000008,0.1887689119606362
0.07,0.09358000000000004,0.1887689119606362
0.08800000000000002,0.09982000000000006,0.1887689119606362
0.09200000000000003,0.10412000000000006,0.1887689119606362
0.09600000000000003,0.10946000000000003,0.1887689119606362
0.11000000000000003,0.10446000000000004,0.1887689119606362
0.08000000000000002,0.11258000000000004,0.1887689119606362
0.11400000000000005,0.10430000000000007,0.1887689119606362
0.11600000000000003,0.08854000000000004,0.1887689119606362
0.10000000000000005,0.08882000000000004,0.1887689119606362
0.08200000000000003,0.08534000000000005,0.1887689119606362
0.12800000000000003,0.08610000000000005,0.1887689119606362
0.09800000000000003,0.08606000000000004,0.1887689119606362
0.10600000000000004,0.08860000000000003,0.1887689119606362
0.07200000000000004,0.09258000000000002,0.1887689119606362
0.08600000000000002,0.08578000000000004,0.1887689119606362
0.08800000000000005,0.09586000000000003,0.1887689119606362
0.07400000000000004,0.08938000000000004,0.1887689119606362
0.11000000000000004,0.09452000000000003,0.1887689119606362
0.09000000000000002,0.08694000000000002,0.1887689119606362
0.07600000000000003,0.09458000000000003,0.1887689119606362
0.07400000000000004,0.08866000000000002,0.1887689119606362
0.14200000000000007,0.09240000000000002,0.1887689119606362
0.07800000000000003,0.09042000000000003,0.1887689119606362
0.10800000000000004,0.08718000000000005,0.1887689119606362
0.08000000000000003,0.08848000000000003,0.1887689119606362
0.08600000000000005,0.09226000000000001,0.1887689119606362
0.11800000000000004,0.09728000000000006,0.1887689119606362
0.09600000000000003,0.08904000000000004,0.1887689119606362
0.07400000000000001,0.09426000000000004,0.1887689119606362
0.09600000000000003,0.09118000000000004,0.1887689119606362
0.05800000000000003,0.09846000000000005,0.1887689119606362
0.07200000000000004,0.10478000000000008,0.1887689119606362
0.10000000000000003,0.09076000000000004,0.1887689119606362
0.10400000000000004,0.08898000000000005,0.1887689119606362
0.14600000000000007,0.10118000000000005,0.1887689119606362
0.13200000000000003,0.10030000000000006,0.1887689119606362
0.14400000000000007,0.09832000000000006,0.1887689119606362
0.08400000000000003,0.09194000000000006,0.1887689119606362
0.09400000000000004,0.09894000000000004,0.1887689119606362
0.08200000000000003,0.08748000000000006,0.1887689119606362
0.12000000000000004,0.10146000000000008,0.1887689119606362
0.13600000000000004,0.09844000000000004,0.1887689119606362
0.09400000000000001,0.09892000000000004,0.1887689119606362
0.08000000000000003,0.09682000000000004,0.1887689119606362
0.054000000000000006,0.10186000000000003,0.1887689119606362
0.07200000000000001,0.10030000000000004,0.1887689119606362
0.09600000000000003,0.09716000000000004,0.1887689119606362
0.08000000000000002,0.09378000000000004,0.1887689119606362
0.10600000000000004,0.09874000000000002,0.1887689119606362
0.11400000000000002,0.08732000000000004,0.1887689119606362
0.08000000000000004,0.10298000000000003,0.1887689119606362
0.08400000000000002,0.09944000000000007,0.1887689119606362
0.05800000000000001,0.09452000000000003,0.1887689119606362
0.04400000000000001,0.09618000000000006,0.1887689119606362
0.12200000000000005,0.09442000000000006,0.1887689119606362
0.13000000000000006,0.09288000000000005,0.1887689119606362
0.12800000000000003,0.10310000000000005,0.1887689119606362
0.13200000000000006,0.10448000000000003,0.1887689119606362
0.08600000000000002,0.10252000000000006,0.1887689119606362
0.11000000000000001,0.10466000000000004,0.1887689119606362
0.16200000000000006,0.09968000000000006,0.1887689119606362
0.12400000000000005,0.09472000000000005,0.1887689119606362
0.14200000000000004,0.10584000000000006,0.1887689119606362
0.11200000000000004,0.08734000000000001,0.1887689119606362
0.08600000000000002,0.09262000000000005,0.1887689119606362
0.04800000000000001,0.08802000000000003,0.1887689119606362
0.09000000000000005,0.08794000000000005,0.1887689119606362
0.10200000000000002,0.08732000000000002,0.1887689119606362
0.15000000000000008,0.08866000000000004,0.1887689119606362
0.12000000000000006,0.08938000000000003,0.1887689119606362
0.09400000000000004,0.08178000000000005,0.1887689119606362
0.10600000000000004,0.09328000000000004,0.1887689119606362
0.11400000000000003,0.09018000000000002,0.1887689119606362
0.12800000000000003,0.08630000000000003,0.1887689119606362
0.11600000000000005,0.08648000000000004,0.1887689119606362
0.09000000000000002,0.08750000000000002,0.1887689119606362
0.09800000000000003,0.09172000000000004,0.1887689119606362
0.09200000000000001,0.08372000000000004,0.1887689119606362
0.09400000000000004,0.08918000000000006,0.1887689119606362
0.12400000000000003,0.08906000000000004,0.1887689119606362
0.08200000000000003,0.08030000000000005,0.1887689119606362
0.08200000000000006,0.09272000000000004,0.1887689119606362
0.07800000000000004,0.08766000000000004,0.1887689119606362
0.09200000000000005,0.08606000000000005,0.1887689119606362
0.07600000000000003,0.09028,0.1887689119606362
0.06600000000000003,0.09370000000000003,0.1887689119606362
0.08600000000000003,0.09388000000000006,0.1887689119606362
0.09600000000000004,0.08656000000000003,0.1887689119606362
0.08200000000000003,0.08870000000000004,0.1887689119606362
0.10800000000000004,0.08294000000000003,0.1887689119606362
0.09200000000000003,0.09136000000000005,0.1887689119606362
0.10600000000000004,0.08294000000000004,0.1887689119606362
0.09400000000000003,0.09500000000000007,0.1887689119606362
0.09200000000000003,0.08392000000000004,0.1887689119606362
0.10400000000000004,0.08982000000000004,0.1887689119606362
0.12400000000000003,0.09352000000000002,0.1887689119606362
0.11400000000000005,0.08712000000000006,0.1887689119606362
0.09200000000000001,0.09052,0.1887689119606362
0.12400000000000005,0.09454000000000004,0.1887689119606362
0.08200000000000005,0.09490000000000004,0.1887689119606362
0.05200000000000002,0.10078000000000002,0.1887689119606362
0.09200000000000003,0.10220000000000003,0.1887689119606362
0.10800000000000004,0.09290000000000005,0.1887689119606362
0.094,0.09978000000000005,0.1887689119606362
0.09400000000000004,0.08836000000000004,0.1887689119606362
0.036000000000000004,0.09966000000000005,0.1887689119606362
0.08800000000000004,0.09420000000000006,0.1887689119606362
0.07000000000000002,0.09560000000000002,0.1887689119606362
0.10000000000000006,0.09434000000000006,0.1887689119606362
0.09000000000000002,0.10178000000000005,0.1887689119606362
0.138,0.10080000000000006,0.1887689119606362
0.07200000000000001,0.10090000000000005,0.1887689119606362
0.12400000000000005,0.10252000000000006,0.1887689119606362
0.08600000000000003,0.10648000000000005,0.1887689119606362
0.07800000000000001,0.10390000000000005,0.1887689119606362
0.10600000000000002,0.09332000000000006,0.1887689119606362
0.08400000000000003,0.10204000000000006,0.1887689119606362
0.08600000000000002,0.10472000000000004,0.1887689119606362
0.06000000000000002,0.09418000000000007,0.1887689119606362
0.13000000000000003,0.09798000000000004,0.1887689119606362
0.07800000000000004,0.10064000000000006,0.1887689119606362
0.11600000000000005,0.10050000000000008,0.1887689119606362
0.10000000000000003,0.09992000000000004,0.1887689119606362
0.07800000000000001,0.10280000000000006,0.1887689119606362
0.05800000000000002,0.09770000000000005,0.1887689119606362
0.07400000000000002,0.10068000000000006,0.1887689119606362
0.08400000000000002,0.09608000000000005,0.1887689119606362
0.12200000000000005,0.10136000000000005,0.1887689119606362
0.09000000000000002,0.09598000000000004,0.1887689119606362
0.09000000000000002,0.10084000000000003,0.1887689119606362
0.09600000000000003,0.09976000000000003,0.1887689119606362
0.12600000000000006,0.10396000000000005,0.1887689119606362
0.11200000000000004,0.10204000000000005,0.1887689119606362
0.13000000000000006,0.08248000000000004,0.1887689119606362
0.10800000000000004,0.08360000000000002,0.1887689119606362
0.11000000000000004,0.09204000000000004,0.1887689119606362
0.08000000000000003,0.08948000000000002,0.1887689119606362
0.12000000000000004,0.08554000000000006,0.1887689119606362
0.1600000000000001,0.08280000000000004,0.1887689119606362
0.09800000000000003,0.09152000000000006,0.1887689119606362
0.12000000000000002,0.08616000000000004,0.1887689119606362
0.12800000000000003,0.09194000000000006,0.1887689119606362
0.12000000000000005,0.09232000000000005,0.1887689119606362
0.15800000000000008,0.08980000000000005,0.1887689119606362
0.12600000000000006,0.08466000000000003,0.1887689119606362
0.12000000000000005,0.0944400000000001,0.1887689119606362
0.11600000000000003,0.09710000000000005,0.1887689119606362
0.10200000000000004,0.08902000000000003,0.1887689119606362
0.07200000000000002,0.08848000000000003,0.1887689119606362
0.10200000000000004,0.09604000000000004,0.1887689119606362
0.06800000000000003,0.08320000000000002,0.1887689119606362
0.11200000000000004,0.09726000000000004,0.1887689119606362
0.06000000000000001,0.10016000000000004,0.1887689119606362
0.07400000000000004,0.09056000000000003,0.1887689119606362
0.07,0.09138000000000002,0.1887689119606362
0.12800000000000006,0.09460000000000007,0.1887689119606362
0.08800000000000002,0.10090000000000006,0.1887689119606362
0.13000000000000006,0.08638000000000004,0.1887689119606362
0.060000000000000026,0.09500000000000004,0.1887689119606362
0.11000000000000004,0.08500000000000002,0.1887689119606362
0.10600000000000004,0.08810000000000001,0.1887689119606362
0.08400000000000003,0.08484000000000003,0.1887689119606362
0.07600000000000003,0.10606000000000006,0.1887689119606362
0.09800000000000003,0.08978000000000001,0.1887689119606362
0.10200000000000005,0.09796000000000005,0.1887689119606362
0.12600000000000006,0.10194000000000007,0.1887689119606362
0.11600000000000005,0.09426000000000005,0.1887689119606362
0.12600000000000006,0.09942000000000004,0.1887689119606362
0.10200000000000002,0.08912000000000003,0.1887689119606362
0.06800000000000003,0.09828000000000008,0.1887689119606362
0.07000000000000003,0.09912000000000001,0.1887689119606362
0.10600000000000002,0.0945,0.1887689119606362
0.09000000000000002,0.08780000000000002,0.1887689119606362
0.068,0.09484000000000004,0.1887689119606362
0.09600000000000003,0.08450000000000003,0.1887689119606362
0.08200000000000005,0.10088000000000005,0.1887689119606362
0.10600000000000004,0.09450000000000004,0.1887689119606362
0.12800000000000006,0.09350000000000004,0.1887689119606362
0.10200000000000004,0.09560000000000005,0.1887689119606362
0.09200000000000003,0.09544000000000004,0.1887689119606362
0.15200000000000005,0.08802000000000006,0.1887689119606362
0.10600000000000004,0.10544000000000005,0.1887689119606362
0.14600000000000007,0.10134000000000008,0.1887689119606362
0.15600000000000006,0.09786000000000003,0.1887689119606362
0.07600000000000001,0.10084000000000003,0.1887689119606362
0.12400000000000005,0.09422000000000005,0.1887689119606362
0.09400000000000003,0.09094000000000006,0.1887689119606362
0.12000000000000001,0.10546000000000007,0.1887689119606362
0.07000000000000002,0.10004000000000003,0.1887689119606362
0.10000000000000003,0.09552000000000002,0.1887689119606362
0.14000000000000004,0.09478000000000002,0.1887689119606362
0.08600000000000002,0.10268000000000005,0.1887689119606362
0.09000000000000005,0.10742000000000003,0.1887689119606362
0.07600000000000001,0.09894000000000006,0.1887689119606362
0.06400000000000002,0.10596000000000007,0.1887689119606362
0.08400000000000002,0.10378000000000004,0.1887689119606362
0.09400000000000003,0.09718000000000004,0.1887689119606362
0.12400000000000003,0.10646000000000004,0.1887689119606362
0.08400000000000002,0.09924000000000002,0.1887689119606362
0.10400000000000001,0.10358000000000006,0.1887689119606362
0.11800000000000005,0.09546000000000003,0.1887689119606362
0.1,0.10838000000000005,0.1887689119606362
0.17000000000000004,0.10758000000000004,0.1887689119606362
0.13200000000000006,0.08884000000000004,0.1887689119606362
0.13800000000000004,0.08988000000000006,0.1887689119606362
0.09600000000000003,0.08488000000000002,0.1887689119606362
0.13200000000000006,0.09470000000000006,0.1887689119606362
0.11200000000000003,0.09168000000000004,0.1887689119606362
0.09400000000000004,0.09192000000000004,0.1887689119606362
0.09000000000000002,0.09226000000000002,0.1887689119606362
0.09200000000000003,0.09584000000000005,0.1887689119606362
0.07600000000000003,0.09222000000000005,0.1887689119606362
0.15000000000000005,0.08874,0.1887689119606362
0.14000000000000007,0.09108000000000005,0.1887689119606362
0.14200000000000004,0.08732000000000004,0.1887689119606362
0.15400000000000008,0.09450000000000006,0.1887689119606362
0.11600000000000005,0.09016000000000003,0.1887689119606362
0.13200000000000006,0.09834000000000004,0.1887689119606362
0.15400000000000008,0.08918000000000004,0.1887689119606362
0.11000000000000004,0.09584000000000004,0.1887689119606362
0.11800000000000002,0.09822000000000003,0.1887689119606362
0.11600000000000005,0.09150000000000005,0.1887689119606362
0.08600000000000001,0.09838000000000006,0.1887689119606362
0.09200000000000003,0.09588000000000006,0.1887689119606362
0.10200000000000004,0.08680000000000004,0.1887689119606362
0.08600000000000002,0.10050000000000003,0.1887689119606362
0.14400000000000004,0.08896000000000003,0.1887689119606362
0.10000000000000003,0.10150000000000005,0.1887689119606362
0.11400000000000006,0.0907,0.1887689119606362
0.09800000000000002,0.09756000000000005,0.1887689119606362
0.054000000000000006,0.10374000000000005,0.1887689119606362
0.10800000000000004,0.09354000000000004,0.1887689119606362
0.09800000000000002,0.09654000000000004,0.1887689119606362
0.15800000000000008,0.09084000000000002,0.1887689119606362
0.08200000000000005,0.10730000000000005,0.1887689119606362
0.1640000000000001,0.09206000000000003,0.1887689119606362
0.11400000000000003,0.09862000000000005,0.1887689119606362
0.13600000000000007,0.10362000000000005,0.1887689119606362
0.11000000000000003,0.09340000000000004,0.1887689119606362
0.10000000000000003,0.09704000000000004,0.1887689119606362
0.10000000000000003,0.09318000000000005,0.1887689119606362
0.10200000000000004,0.10000000000000002,0.1887689119606362
0.10600000000000004,0.10306000000000004,0.1887689119606362
0.08400000000000003,0.10138000000000005,0.1887689119606362
0.08000000000000002,0.09808000000000003,0.1887689119606362
0.09200000000000004,0.09526000000000003,0.1887689119606362
0.10200000000000004,0.09682000000000004,0.1887689119606362
0.12400000000000003,0.10238000000000004,0.1887689119606362
0.11200000000000004,0.10496000000000008,0.1887689119606362
0.10800000000000005,0.10250000000000006,0.1887689119606362
0.12200000000000005,0.10182000000000006,0.1887689119606362
0.12000000000000004,0.11078000000000005,0.1887689119606362
0.11000000000000003,0.10230000000000006,0.1887689119606362
0.12000000000000005,0.09856000000000002,0.1887689119606362
0.11200000000000004,0.10782000000000005,0.1887689119606362
0.13400000000000006,0.10206000000000005,0.1887689119606362
0.12800000000000006,0.10746000000000004,0.1887689119606362
0.11000000000000004,0.10638000000000002,0.1887689119606362
0.14200000000000002,0.11230000000000004,0.1887689119606362
0.12200000000000004,0.09198000000000003,0.1887689119606362
0.11800000000000002,0.08898000000000003,0.1887689119606362
0.07400000000000001,0.09034000000000003,0.1887689119606362
0.11200000000000003,0.08974000000000004,0.1887689119606362
0.13400000000000004,0.09614000000000002,0.1887689119606362
0.12400000000000003,0.09362000000000004,0.1887689119606362
0.17200000000000004,0.09600000000000006,0.1887689119606362
0.06800000000000002,0.09150000000000003,0.1887689119606362
0.05200000000000001,0.09758000000000003,0.1887689119606362
0.08200000000000002,0.08950000000000005,0.1887689119606362
0.07200000000000001,0.09902000000000004,0.1887689119606362
0.10600000000000004,0.10498000000000003,0.1887689119606362
0.07400000000000001,0.09436000000000003,0.1887689119606362
0.02800000000000001,0.09342000000000007,0.1887689119606362
0.07400000000000002,0.08970000000000002,0.1887689119606362
0.07600000000000003,0.09294000000000002,0.1887689119606362
0.08600000000000002,0.09758000000000001,0.1887689119606362
0.09000000000000002,0.09124000000000004,0.1887689119606362
0.013999999999999999,0.09274000000000002,0.1887689119606362
0.03200000000000001,0.09706000000000006,0.1887689119606362
0.09400000000000001,0.10106000000000004,0.1887689119606362
0.058000000000000024,0.09692000000000003,0.1887689119606362
0.010000000000000002,0.0911,0.1887689119606362
0.064,0.09898000000000001,0.1887689119606362
0.06000000000000001,0.08640000000000003,0.1887689119606362
0.12200000000000003,0.10354000000000008,0.1887689119606362
0.09800000000000003,0.09868000000000006,0.1887689119606362
0.10800000000000004,0.10260000000000002,0.1887689119606362
0.06600000000000003,0.08686000000000002,0.1887689119606362
0.07400000000000001,0.09206000000000003,0.1887689119606362
0.11200000000000003,0.08602000000000003,0.1887689119606362
0.07800000000000003,0.09398000000000004,0.1887689119606362
0.08400000000000002,0.09378000000000003,0.1887689119606362
0.09200000000000003,0.09352000000000006,0.1887689119606362
0.06600000000000002,0.08450000000000003,0.1887689119606362
0.04000000000000002,0.07834,0.1887689119606362
0.11400000000000005,0.08618000000000003,0.1887689119606362
0.11200000000000003,0.08210000000000003,0.1887689119606362
0.13200000000000006,0.08724000000000001,0.1887689119606362
0.07600000000000003,0.08610000000000004,0.1887689119606362
0.11000000000000003,0.09061999999999999,0.1887689119606362
0.07200000000000002,0.08142000000000002,0.1887689119606362
0.10000000000000005,0.09284,0.1887689119606362
0.08800000000000002,0.08486000000000003,0.1887689119606362
0.13800000000000004,0.08930000000000005,0.1887689119606362
0.10200000000000004,0.08884000000000003,0.1887689119606362
0.09200000000000004,0.09174000000000003,0.1887689119606362
0.10800000000000004,0.09652000000000002,0.1887689119606362
0.14600000000000007,0.09092000000000004,0.1887689119606362
0.05200000000000002,0.09370000000000005,0.1887689119606362
0.05800000000000002,0.08838000000000004,0.1887689119606362
0.05200000000000002,0.08918000000000002,0.1887689119606362
0.11800000000000005,0.09694000000000007,0.1887689119606362
-0.022,0.09196000000000003,0.1887689119606362
0.10600000000000001,0.09550000000000004,0.1887689119606362
0.09200000000000003,0.09810000000000005,0.1887689119606362
0.11400000000000003,0.10738000000000004,0.1887689119606362
0.09400000000000003,0.10628000000000008,0.1887689119606362
0.04600000000000001,0.08886000000000004,0.1887689119606362
0.13200000000000006,0.09938000000000005,0.1887689119606362
0.12000000000000004,0.08944000000000005,0.1887689119606362
0.09400000000000003,0.10558000000000002,0.1887689119606362
0.08600000000000003,0.10080000000000004,0.1887689119606362
0.08000000000000002,0.10664000000000005,0.1887689119606362
0.030000000000000006,0.08562000000000004,0.1887689119606362
0.068,0.09242000000000003,0.1887689119606362
0.11400000000000003,0.09190000000000004,0.1887689119606362
0.05800000000000002,0.09308000000000002,0.1887689119606362
0.030000000000000016,0.08354000000000003,0.1887689119606362
0.12400000000000003,0.09218000000000005,0.1887689119606362
0.019999999999999997,0.08140000000000003,0.1887689119606362
0.09000000000000002,0.09402000000000006,0.1887689119606362
0.07000000000000002,0.09280000000000005,0.1887689119606362
0.07200000000000002,0.09308000000000004,0.1887689119606362
0.06600000000000002,0.09350000000000004,0.1887689119606362
0.08400000000000003,0.09438000000000005,0.1887689119606362
0.05200000000000002,0.09444000000000001,0.1887689119606362
0.09000000000000002,0.10090000000000003,0.1887689119606362
0.07800000000000001,0.10284000000000006,0.1887689119606362
0.07600000000000003,0.10616000000000005,0.1887689119606362
0.08000000000000002,0.09902000000000004,0.1887689119606362
0.08400000000000002,0.09380000000000004,0.1887689119606362
0.13000000000000003,0.09788000000000005,0.1887689119606362
0.11600000000000002,0.10980000000000005,0.1887689119606362
0.07200000000000002,0.08612000000000006,0.1887689119606362
0.08400000000000005,0.08592000000000005,0.1887689119606362
0.13400000000000006,0.08644000000000003,0.1887689119606362
0.14,0.09384000000000005,0.1887689119606362
0.1620000000000001,0.09772000000000004,0.1887689119606362
0.11000000000000004,0.09142000000000006,0.1887689119606362
0.13200000000000003,0.08848000000000004,0.1887689119606362
0.12600000000000003,0.08096000000000006,0.1887689119606362
0.14400000000000004,0.09704000000000006,0.1887689119606362
0.10200000000000002,0.09120000000000002,0.1887689119606362
0.12600000000000003,0.09558000000000003,0.1887689119606362
0.11800000000000005,0.08572000000000006,0.1887689119606362
0.15200000000000005,0.09936000000000003,0.1887689119606362
0.08200000000000005,0.08448000000000003,0.1887689119606362
0.13000000000000006,0.10106000000000005,0.1887689119606362
0.11000000000000004,0.09096000000000004,0.1887689119606362
0.15200000000000008,0.09140000000000004,0.1887689119606362
0.12000000000000005,0.09490000000000005,0.1887689119606362
0.12200000000000005,0.10256000000000005,0.1887689119606362
0.15000000000000005,0.11282000000000009,0.1887689119606362
0.14800000000000005,0.09970000000000004,0.1887689119606362
0.04600000000000001,0.08880000000000005,0.1887689119606362
0.11200000000000002,0.08588000000000003,0.1887689119606362
0.09000000000000004,0.09492000000000006,0.1887689119606362
0.15600000000000003,0.09580000000000005,0.1887689119606362
0.10000000000000003,0.08718000000000004,0.1887689119606362
0.07600000000000003,0.08672000000000003,0.1887689119606362
0.10200000000000002,0.09588000000000002,0.1887689119606362
0.08400000000000003,0.09532000000000004,0.1887689119606362
0.08400000000000005,0.09538000000000002,0.1887689119606362
0.09200000000000003,0.08520000000000003,0.1887689119606362
0.1620000000000001,0.09092000000000001,0.1887689119606362
0.15400000000000003,0.08318000000000003,0.1887689119606362
0.10000000000000003,0.10840000000000005,0.1887689119606362
0.12000000000000002,0.10350000000000008,0.1887689119606362
0.11400000000000005,0.10022000000000003,0.1887689119606362
0.09600000000000003,0.08416000000000003,0.1887689119606362
0.12600000000000006,0.09912000000000003,0.1887689119606362
0.09200000000000003,0.09444000000000005,0.1887689119606362
0.07200000000000002,0.09550000000000003,0.1887689119606362
0.08400000000000003,0.08824000000000003,0.1887689119606362
0.07400000000000002,0.08992000000000004,0.1887689119606362
0.07000000000000003,0.08294000000000004,0.1887689119606362
0.11200000000000002,0.10272000000000003,0.1887689119606362
0.10400000000000002,0.10394000000000007,0.1887689119606362
0.08200000000000002,0.09838000000000004,0.1887689119606362
0.09200000000000003,0.08896000000000003,0.1887689119606362
0.09400000000000003,0.09208000000000004,0.1887689119606362
0.09800000000000002,0.08906000000000006,0.1887689119606362
0.10000000000000003,0.10260000000000002,0.1887689119606362
0.10000000000000002,0.11178000000000006,0.1887689119606362
0.09800000000000003,0.10390000000000003,0.1887689119606362
0.07000000000000003,0.10344000000000006,0.1887689119606362
0.08600000000000002,0.09786000000000004,0.1887689119606362
0.12400000000000003,0.09066000000000005,0.1887689119606362
0.11800000000000002,0.11266000000000007,0.1887689119606362
0.08400000000000002,0.08692,0.1887689119606362
0.08600000000000003,0.0878,0.1887689119606362
0.12000000000000006,0.08760000000000004,0.1887689119606362
0.14200000000000007,0.08960000000000007,0.1887689119606362
0.094,0.08990000000000004,0.1887689119606362
0.058,0.09064000000000005,0.1887689119606362
0.13200000000000003,0.09192000000000003,0.1887689119606362
0.15800000000000006,0.09024000000000004,0.1887689119606362
0.13400000000000006,0.09658000000000004,0.1887689119606362
0.14600000000000005,0.09152000000000003,0.1887689119606362
0.16400000000000006,0.09596000000000005,0.1887689119606362
0.16400000000000006,0.09554000000000003,0.1887689119606362
0.12600000000000003,0.09876000000000003,0.1887689119606362
0.11400000000000003,0.10334000000000004,0.1887689119606362
0.12000000000000005,0.10182000000000004,0.1887689119606362
0.046000000000000006,0.08764000000000004,0.1887689119606362
0.15600000000000006,0.09224000000000006,0.1887689119606362
0.13400000000000006,0.08532000000000001,0.1887689119606362
0.11400000000000003,0.09794000000000003,0.1887689119606362
0.10600000000000001,0.08876000000000003,0.1887689119606362
0.10800000000000003,0.08836000000000004,0.1887689119606362
0.10400000000000004,0.09366000000000002,0.1887689119606362
0.13800000000000004,0.09456,0.1887689119606362
0.138,0.09886000000000006,0.1887689119606362
0.11200000000000002,0.09154000000000005,0.1887689119606362
0.13800000000000007,0.08724000000000005,0.1887689119606362
0.11200000000000004,0.08988000000000002,0.1887689119606362
0.10000000000000005,0.09650000000000002,0.1887689119606362
0.10200000000000004,0.09356000000000002,0.1887689119606362
0.12600000000000006,0.10942000000000007,0.1887689119606362
0.16000000000000006,0.09562000000000005,0.1887689119606362
0.12000000000000004,0.10220000000000005,0.1887689119606362
0.11200000000000004,0.10386000000000005,0.1887689119606362
0.15400000000000005,0.09826000000000004,0.1887689119606362
0.10000000000000003,0.10558000000000005,0.1887689119606362
0.036000000000000004,0.08972000000000004,0.1887689119606362
0.026,0.09248000000000002,0.1887689119606362
0.12800000000000003,0.10052000000000003,0.1887689119606362
0.060000000000000026,0.09534000000000005,0.1887689119606362
0.08000000000000002,0.08544000000000003,0.1887689119606362
0.15000000000000005,0.09432000000000004,0.1887689119606362
0.07400000000000001,0.08918000000000004,0.1887689119606362
0.11600000000000005,0.09972000000000006,0.1887689119606362
0.09200000000000003,0.09718000000000004,0.1887689119606362
0.10200000000000004,0.09746000000000003,0.1887689119606362
0.052000000000000025,0.09256000000000003,0.1887689119606362
0.16600000000000006,0.10056000000000005,0.1887689119606362
0.11400000000000003,0.09818000000000005,0.1887689119606362
0.07600000000000004,0.10776000000000004,0.1887689119606362
0.12400000000000003,0.10462000000000007,0.1887689119606362
0.13800000000000004,0.11178000000000006,0.1887689119606362
0.11800000000000002,0.10364000000000005,0.1887689119606362
0.14200000000000004,0.09990000000000003,0.1887689119606362
0.17200000000000007,0.09950000000000005,0.1887689119606362
0.12600000000000006,0.11690000000000009,0.1887689119606362
0.08000000000000004,0.08960000000000004,0.1887689119606362
0.09800000000000003,0.08796000000000001,0.1887689119606362
0.02600000000000001,0.09522000000000004,0.1887689119606362
0.05200000000000002,0.10048000000000001,0.1887689119606362
0.08000000000000003,0.10578000000000008,0.1887689119606362
0.09400000000000003,0.10426000000000005,0.1887689119606362
0.08600000000000002,0.09672000000000006,0.1887689119606362
0.034000000000000016,0.09270000000000003,0.1887689119606362
0.09600000000000003,0.09522000000000001,0.1887689119606362
0.07800000000000004,0.10914000000000006,0.1887689119606362
0.11400000000000005,0.10236000000000003,0.1887689119606362
0.11800000000000002,0.10182000000000005,0.1887689119606362
0.15200000000000008,0.10402000000000006,0.1887689119606362
0.12600000000000003,0.11622000000000007,0.1887689119606362
0.10000000000000005,0.11070000000000005,0.1887689119606362
0.13400000000000004,0.09426000000000005,0.1887689119606362
0.11800000000000004,0.08694000000000005,0.1887689119606362
0.12800000000000003,0.08702000000000004,0.1887689119606362
0.16200000000000003,0.09474000000000002,0.1887689119606362
0.15200000000000005,0.10054000000000005,0.1887689119606362
0.12000000000000005,0.09256000000000005,0.1887689119606362
0.11400000000000003,0.09214000000000003,0.1887689119606362
0.07600000000000001,0.08778000000000005,0.1887689119606362
0.09800000000000003,0.09874000000000006,0.1887689119606362
0.08800000000000002,0.09834000000000004,0.1887689119606362
0.09200000000000004,0.09288000000000003,0.1887689119606362
0.05600000000000002,0.08206000000000002,0.1887689119606362
0.10200000000000004,0.09434000000000002,0.1887689119606362
0.12000000000000005,0.09034000000000003,0.1887689119606362
0.12400000000000005,0.09460000000000003,0.1887689119606362
0.11600000000000005,0.09518000000000004,0.1887689119606362
0.10200000000000004,0.09498000000000002,0.1887689119606362
0.10600000000000004,0.09080000000000005,0.1887689119606362
0.18800000000000008,0.10414000000000004,0.1887689119606362
0.15600000000000003,0.10200000000000006,0.1887689119606362
0.15400000000000005,0.09640000000000004,0.1887689119606362
0.07200000000000002,0.09482000000000007,0.1887689119606362
0.10600000000000004,0.08642000000000004,0.1887689119606362
0.08000000000000003,0.09538000000000006,0.1887689119606362
0.11400000000000003,0.10506000000000006,0.1887689119606362
0.06200000000000001,0.09332000000000004,0.1887689119606362
0.05000000000000001,0.08198000000000003,0.1887689119606362
0.08000000000000004,0.09162000000000003,0.1887689119606362
0.13400000000000004,0.10242000000000005,0.1887689119606362
0.08200000000000002,0.09576000000000004,0.1887689119606362
0.06200000000000003,0.08778000000000002,0.1887689119606362
0.09200000000000003,0.09830000000000001,0.1887689119606362
0.08000000000000002,0.09024000000000006,0.1887689119606362
0.10600000000000004,0.10634000000000006,0.1887689119606362
0.09000000000000002,0.10232000000000006,0.1887689119606362
0.06800000000000002,0.10416000000000004,0.1887689119606362
0.08200000000000005,0.08734000000000004,0.1887689119606362
0.07600000000000001,0.09654000000000001,0.1887689119606362
0.16200000000000006,0.10082000000000002,0.1887689119606362
0.09800000000000003,0.09660000000000006,0.1887689119606362
0.066,0.09466000000000004,0.1887689119606362
0.12800000000000003,0.09842000000000002,0.1887689119606362
0.03200000000000001,0.0892,0.1887689119606362
0.10600000000000004,0.10834000000000005,0.1887689119606362
0.13400000000000004,0.10164000000000002,0.1887689119606362
0.12800000000000003,0.10376000000000007,0.1887689119606362
0.046,0.08938000000000001,0.1887689119606362
0.06400000000000003,0.09202000000000006,0.1887689119606362
0.048000000000000015,0.08988000000000002,0.1887689119606362
0.11400000000000002,0.10342000000000003,0.1887689119606362
0.11000000000000004,0.10252000000000007,0.1887689119606362
0.08400000000000002,0.10408000000000005,0.1887689119606362
0.09200000000000003,0.10606000000000007,0.1887689119606362
0.08800000000000001,0.09600000000000004,0.1887689119606362
0.07000000000000003,0.10016000000000007,0.1887689119606362
0.13200000000000003,0.11128000000000007,0.1887689119606362
0.10200000000000004,0.08930000000000002,0.1887689119606362
0.10400000000000004,0.08694000000000003,0.1887689119606362
0.14200000000000007,0.08970000000000003,0.1887689119606362
0.12400000000000005,0.09634000000000006,0.1887689119606362
0.12000000000000002,0.09232000000000004,0.1887689119606362
0.09600000000000003,0.08242000000000002,0.1887689119606362
0.11800000000000005,0.08978000000000005,0.1887689119606362
0.11200000000000003,0.08858000000000002,0.1887689119606362
0.09200000000000003,0.09228000000000004,0.1887689119606362
0.10800000000000001,0.09238000000000003,0.1887689119606362
0.12600000000000006,0.09474000000000006,0.1887689119606362
0.09800000000000003,0.09232000000000003,0.1887689119606362
0.09200000000000003,0.09786000000000004,0.1887689119606362
0.11600000000000003,0.10052000000000004,0.1887689119606362
0.09800000000000002,0.09740000000000006,0.1887689119606362
0.024000000000000007,0.08206000000000005,0.1887689119606362
0.10600000000000004,0.08650000000000005,0.1887689119606362
0.10000000000000003,0.08662000000000002,0.1887689119606362
0.07600000000000003,0.09324000000000005,0.1887689119606362
0.08800000000000002,0.09026000000000002,0.1887689119606362
0.07400000000000004,0.0889,0.1887689119606362
0.09800000000000006,0.0874,0.1887689119606362
0.13200000000000003,0.09526000000000004,0.1887689119606362
0.12800000000000006,0.09524000000000005,0.1887689119606362
0.11000000000000003,0.09176000000000002,0.1887689119606362
0.06800000000000003,0.08818000000000005,0.1887689119606362
0.06600000000000003,0.08666000000000001,0.1887689119606362
0.04200000000000001,0.08656000000000004,0.1887689119606362
0.09200000000000003,0.09042000000000004,0.1887689119606362
0.08800000000000004,0.09804000000000006,0.1887689119606362
0.09000000000000002,0.08856000000000003,0.1887689119606362
0.08600000000000005,0.09798000000000004,0.1887689119606362
0.08200000000000002,0.09252000000000005,0.1887689119606362
0.10800000000000004,0.09268000000000003,0.1887689119606362
0.09800000000000002,0.09712000000000005,0.1887689119606362
0.09800000000000005,0.08714000000000004,0.1887689119606362
0.068,0.09542000000000005,0.1887689119606362
0.10600000000000004,0.10362000000000003,0.1887689119606362
0.05800000000000001,0.09724000000000003,0.1887689119606362
0.12200000000000003,0.09130000000000005,0.1887689119606362
0.12800000000000003,0.09730000000000005,0.1887689119606362
0.10400000000000005,0.08936000000000006,0.1887689119606362
0.06600000000000003,0.10310000000000007,0.1887689119606362
0.09400000000000003,0.09624000000000003,0.1887689119606362
0.09600000000000003,0.09668000000000004,0.1887689119606362
0.08200000000000002,0.09026000000000003,0.1887689119606362
0.15600000000000008,0.09794000000000003,0.1887689119606362
0.11600000000000005,0.09204000000000001,0.1887689119606362
0.07800000000000003,0.10514000000000007,0.1887689119606362
0.12200000000000005,0.10544000000000002,0.1887689119606362
0.10400000000000004,0.10492000000000003,0.1887689119606362
0.064,0.10618000000000002,0.1887689119606362
0.11600000000000002,0.09852000000000007,0.1887689119606362
0.13000000000000003,0.10260000000000005,0.1887689119606362
0.07200000000000004,0.10984000000000005,0.1887689119606362
0.058000000000000024,0.09042000000000003,0.1887689119606362
0.10000000000000003,0.09518000000000004,0.1887689119606362
0.08000000000000003,0.09316000000000006,0.1887689119606362
0.10600000000000004,0.09746000000000005,0.1887689119606362
0.10600000000000002,0.09932000000000005,0.1887689119606362
0.10400000000000005,0.09956000000000005,0.1887689119606362
0.04400000000000001,0.10262000000000004,0.1887689119606362
0.09200000000000003,0.09500000000000007,0.1887689119606362
0.09000000000000002,0.09832000000000006,0.1887689119606362
0.10000000000000003,0.10512000000000005,0.1887689119606362
0.07600000000000001,0.10130000000000002,0.1887689119606362
0.09200000000000003,0.09980000000000003,0.1887689119606362
0.10200000000000004,0.09848000000000003,0.1887689119606362
0.12800000000000006,0.10684000000000005,0.1887689119606362
0.09400000000000001,0.10848000000000002,0.1887689119606362
0.052000000000000005,0.08416000000000003,0.1887689119606362
0.11400000000000005,0.08172000000000004,0.1887689119606362
0.10400000000000004,0.09176000000000004,0.1887689119606362
0.09400000000000003,0.09560000000000003,0.1887689119606362
0.07800000000000003,0.08898000000000006,0.1887689119606362
0.10200000000000005,0.07724,0.1887689119606362
0.08400000000000005,0.08556000000000004,0.1887689119606362
0.09400000000000006,0.08484000000000004,0.1887689119606362
0.12600000000000006,0.08706000000000004,0.1887689119606362
0.15800000000000006,0.08936000000000004,0.1887689119606362
0.18400000000000008,0.09292000000000006,0.1887689119606362
0.16000000000000003,0.08862,0.1887689119606362
0.17400000000000007,0.10476000000000005,0.1887689119606362
0.14600000000000005,0.10114000000000005,0.1887689119606362
0.08800000000000002,0.09698000000000005,0.1887689119606362
0.04600000000000003,0.08172000000000001,0.1887689119606362
0.12000000000000005,0.09288000000000003,0.1887689119606362
0.10600000000000001,0.08444000000000003,0.1887689119606362
0.10200000000000002,0.09422000000000003,0.1887689119606362
0.13000000000000003,0.09408000000000002,0.1887689119606362
0.08400000000000002,0.09560000000000002,0.1887689119606362
0.09600000000000003,0.08918000000000004,0.1887689119606362
0.15000000000000005,0.10204000000000008,0.1887689119606362
0.12600000000000006,0.10742000000000007,0.1887689119606362
0.09200000000000003,0.09402000000000003,0.1887689119606362
0.09800000000000003,0.08412000000000001,0.1887689119606362
0.07200000000000002,0.08652000000000004,0.1887689119606362
0.10000000000000006,0.08470000000000005,0.1887689119606362
0.08200000000000002,0.09060000000000001,0.1887689119606362
0.12200000000000005,0.10698000000000006,0.1887689119606362
0.11600000000000006,0.09134000000000005,0.1887689119606362
0.1680000000000001,0.10336000000000009,0.1887689119606362
0.14400000000000004,0.09858000000000006,0.1887689119606362
0.12200000000000005,0.09362000000000004,0.1887689119606362
0.12000000000000005,0.11086000000000006,0.1887689119606362
0.08000000000000002,0.07808000000000002,0.1887689119606362
0.06600000000000003,0.09260000000000007,0.1887689119606362
0.136,0.09528000000000006,0.1887689119606362
0.09200000000000003,0.08918000000000005,0.1887689119606362
0.10800000000000004,0.08648,0.1887689119606362
0.12200000000000003,0.09024000000000004,0.1887689119606362
0.10200000000000004,0.08154000000000002,0.1887689119606362
0.14000000000000004,0.10620000000000006,0.1887689119606362
0.11600000000000005,0.09898000000000005,0.1887689119606362
0.12600000000000003,0.09830000000000004,0.1887689119606362
0.09600000000000003,0.08436000000000003,0.1887689119606362
0.13800000000000004,0.08476000000000002,0.1887689119606362
0.15000000000000002,0.08434000000000003,0.1887689119606362
0.11600000000000005,0.09884000000000003,0.1887689119606362
0.12400000000000005,0.10166000000000003,0.1887689119606362
0.10600000000000004,0.09642,0.1887689119606362
0.13800000000000007,0.09748000000000004,0.1887689119606362
0.15400000000000005,0.09770000000000005,0.1887689119606362
0.12800000000000003,0.09154000000000005,0.1887689119606362
0.08600000000000003,0.11046000000000003,0.1887689119606362
0.08000000000000002,0.08864000000000007,0.1887689119606362
0.09800000000000005,0.08844000000000003,0.1887689119606362
0.06600000000000002,0.08422000000000003,0.1887689119606362
0.09600000000000003,0.09808000000000003,0.1887689119606362
0.14000000000000007,0.10278000000000005,0.1887689119606362
0.08200000000000002,0.09614000000000004,0.1887689119606362
0.07800000000000004,0.10204000000000003,0.1887689119606362
0.09000000000000002,0.09814000000000006,0.1887689119606362
0.07200000000000001,0.09626000000000005,0.1887689119606362
0.13000000000000003,0.10850000000000001,0.1887689119606362
0.07400000000000004,0.09724000000000005,0.1887689119606362
0.10200000000000004,0.09674000000000005,0.1887689119606362
0.12000000000000005,0.09430000000000004,0.1887689119606362
0.10600000000000002,0.10962000000000006,0.1887689119606362
0.14800000000000005,0.10526000000000005,0.1887689119606362
0.046,0.08240000000000001,0.1887689119606362
0.13600000000000004,0.08792000000000003,0.1887689119606362
0.13000000000000006,0.08924000000000004,0.1887689119606362
0.11800000000000005,0.09510000000000003,0.1887689119606362
0.13000000000000006,0.08456000000000002,0.1887689119606362
0.14800000000000005,0.09144000000000004,0.1887689119606362
0.11200000000000003,0.08486,0.1887689119606362
0.10200000000000004,0.09704000000000004,0.1887689119606362
0.11800000000000002,0.09714000000000002,0.1887689119606362
0.1,0.09542000000000006,0.1887689119606362
0.07800000000000001,0.08596000000000004,0.1887689119606362
0.13200000000000003,0.08948000000000002,0.1887689119606362
0.11200000000000004,0.09094000000000006,0.1887689119606362
0.08600000000000003,0.09072000000000001,0.1887689119606362
0.15000000000000005,0.09790000000000006,0.1887689119606362
0.12800000000000003,0.09578000000000005,0.1887689119606362
0.13200000000000006,0.10356000000000004,0.1887689119606362
0.10800000000000003,0.09814000000000003,0.1887689119606362
0.12600000000000003,0.09926000000000006,0.1887689119606362
0.06000000000000001,0.10454000000000005,0.1887689119606362
0.11800000000000005,0.08804000000000001,0.1887689119606362
0.06800000000000003,0.08712000000000003,0.1887689119606362
0.09200000000000003,0.08974000000000006,0.1887689119606362
0.1700000000000001,0.08880000000000003,0.1887689119606362
0.15000000000000002,0.10010000000000005,0.1887689119606362
0.08800000000000002,0.09482000000000004,0.1887689119606362
0.08000000000000003,0.10008000000000006,0.1887689119606362
0.12400000000000004,0.09950000000000006,0.1887689119606362
0.08600000000000005,0.09770000000000005,0.1887689119606362
0.07200000000000001,0.10422000000000006,0.1887689119606362
0.12400000000000003,0.09440000000000004,0.1887689119606362
0.12000000000000004,0.10066000000000004,0.1887689119606362
0.14200000000000007,0.09126000000000004,0.1887689119606362
0.09600000000000004,0.10654000000000005,0.1887689119606362
0.12200000000000003,0.10742000000000004,0.1887689119606362
0.06000000000000001,0.08416000000000003,0.1887689119606362
0.13400000000000004,0.08988000000000003,0.1887689119606362
0.09400000000000003,0.08782000000000002,0.1887689119606362
0.09200000000000003,0.09764000000000005,0.1887689119606362
0.10400000000000002,0.09874000000000008,0.1887689119606362
0.15000000000000005,0.10146000000000005,0.1887689119606362
0.13800000000000007,0.09752000000000002,0.1887689119606362
0.09400000000000001,0.09138000000000003,0.1887689119606362
0.10800000000000005,0.09638000000000006,0.1887689119606362
0.10200000000000002,0.10866000000000005,0.1887689119606362
0.09800000000000003,0.09536,0.1887689119606362
0.13400000000000004,0.09750000000000004,0.1887689119606362
0.15200000000000008,0.09994000000000006,0.1887689119606362
0.13000000000000006,0.11730000000000003,0.1887689119606362
0.09200000000000003,0.10750000000000007,0.1887689119606362
0.11400000000000003,0.09648000000000005,0.1887689119606362
0.07400000000000002,0.09618000000000003,0.1887689119606362
0.10000000000000003,0.09858000000000003,0.1887689119606362
0.10600000000000004,0.11270000000000005,0.1887689119606362
0.09200000000000004,0.10758000000000002,0.1887689119606362
0.13200000000000006,0.10886000000000004,0.1887689119606362
0.08800000000000004,0.08566000000000004,0.1887689119606362
0.09600000000000004,0.08890000000000003,0.1887689119606362
0.13000000000000006,0.08658000000000003,0.1887689119606362
0.12400000000000003,0.09270000000000003,0.1887689119606362
0.15000000000000005,0.08766000000000002,0.1887689119606362
0.10600000000000004,0.09608000000000004,0.1887689119606362
0.14400000000000004,0.08974000000000004,0.1887689119606362
0.05800000000000003,0.08474000000000005,0.1887689119606362
0.10400000000000004,0.08562000000000002,0.1887689119606362
0.06600000000000002,0.08358000000000004,0.1887689119606362
0.08200000000000002,0.08788000000000004,0.1887689119606362
0.11800000000000004,0.08414000000000005,0.1887689119606362
0.12400000000000003,0.08834000000000002,0.1887689119606362
0.09800000000000003,0.08206000000000004,0.1887689119606362
0.13800000000000004,0.09104000000000002,0.1887689119606362
0.10600000000000004,0.08526000000000003,0.1887689119606362
0.10400000000000004,0.08638000000000003,0.1887689119606362
0.040000000000000015,0.08964000000000004,0.1887689119606362
0.09400000000000004,0.09122000000000001,0.1887689119606362
0.10600000000000004,0.09772000000000004,0.1887689119606362
0.10800000000000004,0.08752000000000006,0.1887689119606362
0.08600000000000003,0.08778000000000004,0.1887689119606362
0.12000000000000005,0.08674000000000004,0.1887689119606362
0.05400000000000001,0.09226000000000002,0.1887689119606362
0.08400000000000003,0.09566000000000002,0.1887689119606362
0.044000000000000025,0.08992000000000006,0.1887689119606362
0.13600000000000007,0.09158000000000005,0.1887689119606362
0.09400000000000003,0.09594000000000004,0.1887689119606362
0.11200000000000002,0.09934000000000005,0.1887689119606362
0.09600000000000004,0.09716000000000004,0.1887689119606362
0.10800000000000003,0.09138000000000004,0.1887689119606362
0.062,0.09490000000000004,0.1887689119606362
0.11000000000000003,0.08716000000000004,0.1887689119606362
0.09200000000000003,0.10430000000000005,0.1887689119606362
0.10400000000000001,0.09988000000000004,0.1887689119606362
0.07800000000000001,0.10128000000000005,0.1887689119606362
0.07600000000000003,0.08682000000000002,0.1887689119606362
0.09400000000000004,0.09154000000000004,0.1887689119606362
0.08000000000000002,0.09266000000000002,0.1887689119606362
0.060000000000000026,0.0874,0.1887689119606362
0.092,0.08446000000000001,0.1887689119606362
0.09400000000000004,0.09042000000000003,0.1887689119606362
0.05000000000000001,0.08448000000000006,0.1887689119606362
0.07200000000000004,0.09818000000000003,0.1887689119606362
0.04000000000000001,0.09532000000000006,0.1887689119606362
0.04600000000000001,0.09324000000000003,0.1887689119606362
0.05600000000000001,0.08998000000000003,0.1887689119606362
0.09400000000000003,0.09114000000000005,0.1887689119606362
0.10600000000000002,0.09108000000000002,0.1887689119606362
0.09600000000000003,0.10366000000000003,0.1887689119606362
0.10400000000000004,0.10028000000000004,0.1887689119606362
0.09000000000000004,0.09700000000000004,0.1887689119606362
0.05800000000000001,0.09806000000000004,0.1887689119606362
0.07400000000000002,0.09400000000000004,0.1887689119606362
0.06000000000000001,0.09596000000000002,0.1887689119606362
0.08200000000000002,0.10468000000000004,0.1887689119606362
0.10800000000000003,0.08258000000000003,0.1887689119606362
0.10200000000000005,0.08694000000000003,0.1887689119606362
0.13200000000000003,0.08370000000000004,0.1887689119606362
0.16600000000000006,0.08254000000000006,0.1887689119606362
0.07800000000000004,0.08596000000000002,0.1887689119606362
0.12600000000000006,0.08554000000000003,0.1887689119606362
0.10800000000000004,0.08970000000000004,0.1887689119606362
0.09000000000000002,0.08070000000000002,0.1887689119606362
0.042000000000000016,0.09064000000000001,0.1887689119606362
0.15400000000000003,0.08726000000000002,0.1887689119606362
0.15200000000000005,0.08638000000000003,0.1887689119606362
0.13600000000000004,0.09084000000000005,0.1887689119606362
0.134,0.08830000000000003,0.1887689119606362
0.09000000000000002,0.09264000000000006,0.1887689119606362
0.07600000000000001,0.09300000000000004,0.1887689119606362
0.05800000000000002,0.07994000000000002,0.1887689119606362
0.14800000000000005,0.08150000000000002,0.1887689119606362
0.13000000000000003,0.07582000000000001,0.1887689119606362
0.10200000000000004,0.08284000000000004,0.1887689119606362
0.08200000000000002,0.08006000000000003,0.1887689119606362
0.12800000000000006,0.07762000000000004,0.1887689119606362
0.04400000000000002,0.08148000000000002,0.1887689119606362
0.17000000000000007,0.07654000000000004,0.1887689119606362
0.09000000000000005,0.08660000000000001,0.1887689119606362
0.09200000000000003,0.07868000000000001,0.1887689119606362
0.08600000000000001,0.08390000000000006,0.1887689119606362
0.09600000000000003,0.07842000000000003,0.1887689119606362
0.10000000000000003,0.09048000000000006,0.1887689119606362
0.09000000000000002,0.07786000000000003,0.1887689119606362
0.08200000000000002,0.09148000000000002,0.1887689119606362
0.07200000000000001,0.08348000000000004,0.1887689119606362
0.14000000000000004,0.08470000000000003,0.1887689119606362
0.12400000000000005,0.09212000000000004,0.1887689119606362
0.09800000000000006,0.08616000000000004,0.1887689119606362
0.08000000000000003,0.08708000000000002,0.1887689119606362
0.07600000000000004,0.09350000000000004,0.1887689119606362
0.054,0.09050000000000001,0.1887689119606362
0.05600000000000002,0.09674000000000002,0.1887689119606362
0.036000000000000004,0.09484000000000005,0.1887689119606362
0.060000000000000026,0.08630000000000006,0.1887689119606362
0.10200000000000004,0.09186000000000002,0.1887689119606362
0.066,0.08872000000000005,0.1887689119606362
0.07200000000000002,0.09558000000000001,0.1887689119606362
0.04000000000000001,0.09536000000000003,0.1887689119606362
0.05400000000000003,0.09744000000000004,0.1887689119606362
0.08400000000000002,0.09518000000000006,0.1887689119606362
0.13000000000000006,0.10098000000000004,0.1887689119606362
0.11800000000000004,0.10028000000000006,0.1887689119606362
0.06800000000000002,0.10442000000000004,0.1887689119606362
0.060000000000000026,0.10184000000000007,0.1887689119606362
0.038000000000000006,0.10840000000000005,0.1887689119606362
0.09400000000000003,0.09930000000000005,0.1887689119606362
0.11800000000000002,0.0974,0.1887689119606362
0.15200000000000005,0.10288000000000004,0.1887689119606362
0.10200000000000004,0.10268000000000005,0.1887689119606362
0.03200000000000001,0.08482000000000006,0.1887689119606362
0.06200000000000003,0.08682000000000004,0.1887689119606362
0.06200000000000003,0.08736000000000003,0.1887689119606362
0.11600000000000003,0.0903,0.1887689119606362
0.10400000000000004,0.09304000000000005,0.1887689119606362
0.05000000000000002,0.09324000000000005,0.1887689119606362
0.11800000000000002,0.08594000000000004,0.1887689119606362
0.034,0.08800000000000002,0.1887689119606362
0.08400000000000003,0.08736000000000003,0.1887689119606362
0.13400000000000006,0.09440000000000004,0.1887689119606362
0.09400000000000001,0.09510000000000003,0.1887689119606362
0.09800000000000002,0.09824000000000004,0.1887689119606362
0.12800000000000003,0.09744000000000003,0.1887689119606362
0.13000000000000006,0.10212000000000003,0.1887689119606362
0.06400000000000003,0.09824000000000005,0.1887689119606362
0.07400000000000002,0.08584000000000004,0.1887689119606362
0.056000000000000015,0.08428000000000002,0.1887689119606362
0.09400000000000004,0.08856000000000004,0.1887689119606362
0.08800000000000002,0.08860000000000004,0.1887689119606362
0.02800000000000001,0.08638000000000005,0.1887689119606362
0.13200000000000003,0.08620000000000004,0.1887689119606362
0.14600000000000005,0.09572000000000006,0.1887689119606362
0.08000000000000002,0.08176000000000003,0.1887689119606362
0.09200000000000003,0.09310000000000003,0.1887689119606362
0.12400000000000003,0.09328000000000006,0.1887689119606362
0.13000000000000003,0.09184000000000006,0.1887689119606362
0.09400000000000003,0.08834000000000003,0.1887689119606362
0.16000000000000003,0.09616000000000004,0.1887689119606362
0.12000000000000002,0.10142000000000007,0.1887689119606362
0.09800000000000003,0.09226000000000002,0.1887689119606362
0.07200000000000002,0.08872000000000005,0.1887689119606362
0.14600000000000005,0.09500000000000004,0.1887689119606362
0.10400000000000001,0.08428000000000004,0.1887689119606362
0.08800000000000002,0.09142000000000003,0.1887689119606362
0.11600000000000002,0.09044000000000002,0.1887689119606362
0.08200000000000003,0.08400000000000002,0.1887689119606362
0.04200000000000001,0.0879,0.1887689119606362
0.10800000000000003,0.09172000000000007,0.1887689119606362
0.048,0.09982000000000005,0.1887689119606362
0.08200000000000002,0.08470000000000001,0.1887689119606362
0.08400000000000002,0.09000000000000005,0.1887689119606362
0.10200000000000005,0.08492,0.1887689119606362
0.08600000000000002,0.08950000000000004,0.1887689119606362
0.07200000000000001,0.08796000000000002,0.1887689119606362
0.084,0.10602000000000007,0.1887689119606362
0.09800000000000003,0.08962000000000003,0.1887689119606362
0.11000000000000004,0.09624000000000003,0.1887689119606362
0.05000000000000001,0.10354000000000002,0.1887689119606362
0.10400000000000004,0.09582000000000004,0.1887689119606362
0.11800000000000004,0.10450000000000005,0.1887689119606362
0.12200000000000003,0.08284000000000005,0.1887689119606362
0.07600000000000001,0.09224000000000003,0.1887689119606362
0.07800000000000001,0.08960000000000004,0.1887689119606362
0.05400000000000003,0.09150000000000003,0.1887689119606362
0.07800000000000003,0.08804000000000002,0.1887689119606362
0.096,0.09072000000000002,0.1887689119606362
0.08800000000000002,0.08298000000000003,0.1887689119606362
0.09000000000000002,0.09972000000000006,0.1887689119606362
0.07800000000000001,0.09482000000000004,0.1887689119606362
0.1,0.09034000000000005,0.1887689119606362
0.07400000000000002,0.09480000000000006,0.1887689119606362
0.10400000000000004,0.09156,0.1887689119606362
0.10400000000000004,0.08914000000000002,0.1887689119606362
0.09000000000000004,0.10276000000000006,0.1887689119606362
0.11800000000000002,0.11006000000000006,0.1887689119606362
0.11200000000000004,0.10086000000000005,0.1887689119606362
0.11200000000000003,0.09820000000000005,0.1887689119606362
0.14000000000000004,0.09970000000000007,0.1887689119606362
0.15000000000000005,0.09110000000000003,0.1887689119606362
0.14000000000000004,0.10698000000000005,0.1887689119606362
0.10200000000000004,0.09216000000000006,0.1887689119606362
0.07600000000000003,0.08968000000000004,0.1887689119606362
0.10400000000000004,0.09154000000000004,0.1887689119606362
0.06600000000000003,0.09820000000000005,0.1887689119606362
0.09000000000000002,0.09946000000000005,0.1887689119606362
0.07600000000000003,0.09262000000000004,0.1887689119606362
0.04000000000000001,0.09272000000000004,0.1887689119606362
0.04000000000000001,0.09802000000000007,0.1887689119606362
0.07400000000000002,0.08962000000000003,0.1887689119606362
0.08400000000000003,0.10234000000000004,0.1887689119606362
0.052000000000000025,0.09560000000000002,0.1887689119606362
0.09200000000000003,0.10070000000000005,0.1887689119606362
0.11400000000000003,0.0983,0.1887689119606362
0.10000000000000003,0.10858000000000004,0.1887689119606362
0.08600000000000002,0.10294000000000003,0.1887689119606362
0.05600000000000001,0.08484000000000003,0.1887689119606362
0.066,0.08796000000000002,0.1887689119606362
0.096,0.08340000000000004,0.1887689119606362
0.055999999999999994,0.09358000000000005,0.1887689119606362
0.12400000000000003,0.08700000000000002,0.1887689119606362
0.12200000000000003,0.09128000000000004,0.1887689119606362
0.09800000000000002,0.08646000000000004,0.1887689119606362
0.13200000000000006,0.08960000000000001,0.1887689119606362
0.048,0.09378000000000006,0.1887689119606362
0.09800000000000005,0.09042000000000004,0.1887689119606362
0.08800000000000004,0.09048000000000003,0.1887689119606362
0.13800000000000007,0.08676000000000003,0.1887689119606362
0.10600000000000004,0.09566000000000004,0.1887689119606362
0.11600000000000003,0.09040000000000004,0.1887689119606362
0.12000000000000002,0.10542000000000001,0.1887689119606362
0.10200000000000004,0.09238000000000005,0.1887689119606362
0.17000000000000007,0.09844000000000006,0.1887689119606362
0.09400000000000003,0.10054000000000005,0.1887689119606362
0.14000000000000004,0.09386000000000003,0.1887689119606362
0.07400000000000001,0.10122000000000003,0.1887689119606362
0.060000000000000026,0.08892000000000001,0.1887689119606362
0.07000000000000003,0.08084000000000005,0.1887689119606362
0.07400000000000002,0.09130000000000005,0.1887689119606362
0.13200000000000006,0.08620000000000003,0.1887689119606362
0.060000000000000026,0.09774000000000005,0.1887689119606362
0.13000000000000003,0.08562000000000002,0.1887689119606362
0.09000000000000002,0.08724000000000005,0.1887689119606362
0.042000000000000016,0.09954000000000009,0.1887689119606362
0.08000000000000003,0.08842000000000004,0.1887689119606362
0.09800000000000002,0.09174000000000006,0.1887689119606362
0.11000000000000001,0.08996000000000004,0.1887689119606362
0.07000000000000002,0.10390000000000002,0.1887689119606362
0.15200000000000008,0.09254000000000007,0.1887689119606362
0.12200000000000003,0.09478000000000002,0.1887689119606362
0.10000000000000003,0.10334000000000003,0.1887689119606362
0.05800000000000001,0.09216000000000005,0.1887689119606362
0.07200000000000001,0.09072000000000004,0.1887689119606362
0.10800000000000004,0.09146000000000001,0.1887689119606362
0.038,0.09648000000000002,0.1887689119606362
0.04600000000000002,0.10046000000000005,0.1887689119606362
0.023999999999999997,0.09890000000000002,0.1887689119606362
0.11600000000000005,0.09700000000000004,0.1887689119606362
0.09200000000000003,0.09438000000000006,0.1887689119606362
0.11000000000000004,0.09550000000000004,0.1887689119606362
0.05600000000000001,0.10082000000000003,0.1887689119606362
0.09200000000000003,0.10164000000000005,0.1887689119606362
0.10800000000000003,0.10562000000000005,0.1887689119606362
0.1620000000000001,0.10402000000000006,0.1887689119606362
0.10800000000000004,0.11674000000000005,0.1887689119606362
0.15000000000000005,0.10518000000000004,0.1887689119606362
0.07200000000000004,0.09088000000000004,0.1887689119606362
0.08400000000000002,0.09890000000000006,0.1887689119606362
0.06600000000000003,0.09558000000000004,0.1887689119606362
0.10400000000000004,0.10394000000000005,0.1887689119606362
0.03400000000000001,0.09850000000000006,0.1887689119606362
0.09000000000000002,0.10978000000000003,0.1887689119606362
0.13600000000000004,0.08494000000000002,0.1887689119606362
0.10200000000000004,0.08998000000000002,0.1887689119606362
0.07200000000000002,0.09490000000000004,0.1887689119606362
0.09000000000000002,0.09230000000000003,0.1887689119606362
0.09800000000000003,0.09080000000000005,0.1887689119606362
0.11000000000000004,0.08278000000000006,0.1887689119606362
0.14400000000000004,0.08886000000000004,0.1887689119606362
0.14200000000000004,0.08202000000000004,0.1887689119606362
0.08600000000000002,0.09224000000000006,0.1887689119606362
0.13000000000000006,0.09126000000000002,0.1887689119606362
0.15200000000000002,0.08894000000000005,0.1887689119606362
0.11200000000000004,0.09056000000000006,0.1887689119606362
0.13000000000000003,0.09750000000000004,0.1887689119606362
0.10200000000000002,0.09516000000000004,0.1887689119606362
0.12000000000000004,0.09216000000000002,0.1887689119606362
0.054000000000000006,0.08634000000000006,0.1887689119606362
0.10800000000000003,0.09190000000000004,0.1887689119606362
0.11400000000000005,0.08766000000000004,0.1887689119606362
0.11800000000000005,0.09576000000000003,0.1887689119606362
0.078,0.09306000000000003,0.1887689119606362
0.07600000000000003,0.09246000000000006,0.1887689119606362
0.05600000000000001,0.08772000000000006,0.1887689119606362
0.10600000000000004,0.10170000000000005,0.1887689119606362
0.08200000000000002,0.09532000000000003,0.1887689119606362
0.060000000000000026,0.09196000000000001,0.1887689119606362
0.11400000000000005,0.08838000000000003,0.1887689119606362
0.14000000000000004,0.08226000000000004,0.1887689119606362
0.136,0.08852000000000004,0.1887689119606362
0.13800000000000004,0.08882000000000004,0.1887689119606362
0.16200000000000006,0.10000000000000003,0.1887689119606362
0.14400000000000007,0.08800000000000002,0.1887689119606362
0.15200000000000005,0.09738000000000004,0.1887689119606362
0.10400000000000004,0.09684000000000005,0.1887689119606362
0.09400000000000003,0.09240000000000004,0.1887689119606362
0.16000000000000006,0.09844000000000006,0.1887689119606362
0.10800000000000001,0.08898000000000003,0.1887689119606362
0.09800000000000003,0.09630000000000002,0.1887689119606362
0.11600000000000005,0.10222000000000005,0.1887689119606362
0.12000000000000006,0.09116000000000003,0.1887689119606362
0.08400000000000003,0.09350000000000001,0.1887689119606362
0.07000000000000002,0.10170000000000003,0.1887689119606362
0.09000000000000002,0.08820000000000001,0.1887689119606362
0.09200000000000003,0.10542000000000007,0.1887689119606362
0.09200000000000004,0.09708000000000006,0.1887689119606362
0.09000000000000002,0.09716000000000004,0.1887689119606362
0.12400000000000005,0.09082000000000003,0.1887689119606362
0.14600000000000005,0.09230000000000003,0.1887689119606362
0.13400000000000004,0.08884000000000004,0.1887689119606362
0.15200000000000002,0.10150000000000006,0.1887689119606362
0.16800000000000004,0.10128000000000005,0.1887689119606362
0.11400000000000005,0.10176000000000002,0.1887689119606362
0.10200000000000004,0.10250000000000005,0.1887689119606362
0.11800000000000002,0.09824000000000005,0.1887689119606362
0.11200000000000004,0.09964000000000002,0.1887689119606362
0.08200000000000002,0.10784000000000007,0.1887689119606362
0.10000000000000005,0.09194000000000005,0.1887689119606362
0.09800000000000003,0.09402000000000002,0.1887689119606362
0.12200000000000005,0.09356000000000002,0.1887689119606362
0.08400000000000002,0.09958000000000003,0.1887689119606362
0.13600000000000004,0.09860000000000003,0.1887689119606362
0.09000000000000002,0.09856000000000004,0.1887689119606362
0.07400000000000001,0.10294000000000005,0.1887689119606362
0.07000000000000003,0.09480000000000004,0.1887689119606362
0.07200000000000004,0.09704000000000006,0.1887689119606362
0.10200000000000004,0.10544000000000003,0.1887689119606362
0.09800000000000003,0.10030000000000003,0.1887689119606362
0.14200000000000002,0.10036000000000006,0.1887689119606362
0.14000000000000004,0.09836000000000004,0.1887689119606362
0.15400000000000005,0.10968000000000007,0.1887689119606362
0.14800000000000002,0.10616000000000003,0.1887689119606362
0.07400000000000004,0.09118000000000002,0.1887689119606362
0.16000000000000003,0.08230000000000004,0.1887689119606362
0.13400000000000004,0.09078000000000003,0.1887689119606362
0.09800000000000003,0.09000000000000004,0.1887689119606362
0.09000000000000002,0.09026000000000005,0.1887689119606362
0.09600000000000003,0.09606000000000002,0.1887689119606362
0.06000000000000001,0.09004,0.1887689119606362
0.09400000000000003,0.09774000000000004,0.1887689119606362
0.078,0.08976000000000003,0.1887689119606362
0.09600000000000004,0.08968000000000002,0.1887689119606362
0.10600000000000004,0.08814000000000004,0.1887689119606362
0.12400000000000005,0.08482000000000006,0.1887689119606362
0.12000000000000005,0.09420000000000006,0.1887689119606362
0.11400000000000005,0.08582000000000004,0.1887689119606362
0.11400000000000005,0.09308,0.1887689119606362
0.07200000000000004,0.09068000000000004,0.1887689119606362
0.11200000000000002,0.09526000000000005,0.1887689119606362
0.11200000000000003,0.09456000000000003,0.1887689119606362
0.11800000000000002,0.09420000000000006,0.1887689119606362
0.10400000000000002,0.09788000000000005,0.1887689119606362
0.06600000000000003,0.08522000000000002,0.1887689119606362
0.044000000000000004,0.08442000000000005,0.1887689119606362
0.06800000000000002,0.09472000000000004,0.1887689119606362
0.15800000000000003,0.08266000000000001,0.1887689119606362
0.10600000000000004,0.09268000000000003,0.1887689119606362
0.07200000000000004,0.08864000000000002,0.1887689119606362
0.068,0.09110000000000004,0.1887689119606362
0.05600000000000001,0.09260000000000004,0.1887689119606362
0.07000000000000002,0.08812000000000005,0.1887689119606362
0.08400000000000002,0.09144000000000004,0.1887689119606362
0.10800000000000003,0.08366000000000003,0.1887689119606362
0.12800000000000003,0.09728000000000005,0.1887689119606362
0.09800000000000003,0.08872000000000003,0.1887689119606362
0.13600000000000007,0.09152000000000006,0.1887689119606362
0.10600000000000004,0.09516000000000004,0.1887689119606362
0.08400000000000002,0.09018000000000004,0.1887689119606362
0.11400000000000005,0.09826000000000006,0.1887689119606362
0.11400000000000005,0.09660000000000006,0.1887689119606362
0.07600000000000003,0.09874000000000004,0.1887689119606362
0.08000000000000003,0.10008000000000003,0.1887689119606362
0.06600000000000002,0.10548000000000005,0.1887689119606362
0.09000000000000002,0.10330000000000007,0.1887689119606362
0.046000000000000006,0.09276000000000004,0.1887689119606362
0.08800000000000005,0.10020000000000003,0.1887689119606362
0.10200000000000004,0.10432000000000005,0.1887689119606362
0.15800000000000003,0.10474000000000006,0.1887689119606362
0.14600000000000002,0.09992000000000008,0.1887689119606362
0.15200000000000005,0.10720000000000003,0.1887689119606362
0.14200000000000002,0.11160000000000003,0.1887689119606362
0.09600000000000003,0.11048000000000002,0.1887689119606362
0.11800000000000002,0.09854000000000004,0.1887689119606362
0.07800000000000001,0.10480000000000005,0.1887689119606362
0.10800000000000004,0.10412000000000006,0.1887689119606362
0.18200000000000008,0.10768000000000007,0.1887689119606362
0.09600000000000004,0.10332000000000006,0.1887689119606362
0.15600000000000003,0.10772000000000007,0.1887689119606362
0.09200000000000003,0.08100000000000003,0.1887689119606362
0.12200000000000004,0.08564000000000001,0.1887689119606362
0.12000000000000004,0.08500000000000003,0.1887689119606362
0.09600000000000003,0.09306000000000003,0.1887689119606362
0.08000000000000002,0.09192000000000004,0.1887689119606362
0.08600000000000002,0.09284000000000002,0.1887689119606362
0.06200000000000001,0.08422000000000002,0.1887689119606362
0.10800000000000004,0.10012000000000003,0.1887689119606362
0.08000000000000002,0.09346000000000004,0.1887689119606362
0.09800000000000002,0.09106000000000003,0.1887689119606362
0.13200000000000006,0.08584000000000003,0.1887689119606362
0.17400000000000004,0.08220000000000002,0.1887689119606362
0.13400000000000006,0.08626000000000003,0.1887689119606362
0.19600000000000006,0.08664000000000004,0.1887689119606362
0.16800000000000004,0.09714000000000003,0.1887689119606362
0.15000000000000005,0.08818000000000004,0.1887689119606362
0.17400000000000007,0.09864000000000003,0.1887689119606362
0.11400000000000002,0.10062000000000003,0.1887689119606362
0.13600000000000007,0.09650000000000003,0.1887689119606362
0.1620000000000001,0.10138000000000003,0.1887689119606362
0.028000000000000004,0.09648000000000004,0.1887689119606362
0.038000000000000006,0.08808000000000002,0.1887689119606362
0.058000000000000024,0.09530000000000004,0.1887689119606362
0.12000000000000002,0.08736000000000003,0.1887689119606362
0.08800000000000002,0.10094000000000004,0.1887689119606362
0.08600000000000002,0.09362000000000005,0.1887689119606362
0.06600000000000003,0.10212000000000007,0.1887689119606362
0.058000000000000024,0.10726000000000002,0.1887689119606362
0.048,0.09414000000000004,0.1887689119606362
0.10200000000000004,0.10330000000000004,0.1887689119606362
0.09400000000000006,0.09168000000000004,0.1887689119606362
0.10200000000000006,0.10174000000000007,0.1887689119606362
0.13600000000000007,0.09150000000000004,0.1887689119606362
0.12600000000000006,0.09894000000000003,0.1887689119606362
0.10000000000000003,0.10666000000000003,0.1887689119606362
0.10200000000000004,0.08856000000000003,0.1887689119606362
0.09200000000000003,0.08840000000000003,0.1887689119606362
0.13600000000000004,0.08350000000000005,0.1887689119606362
0.11000000000000004,0.09680000000000002,0.1887689119606362
0.16600000000000004,0.09642000000000005,0.1887689119606362
0.12800000000000006,0.09230000000000005,0.1887689119606362
0.07200000000000004,0.09976000000000006,0.1887689119606362
0.064,0.09558000000000005,0.1887689119606362
0.05800000000000002,0.09342000000000002,0.1887689119606362
0.13600000000000004,0.10034000000000001,0.1887689119606362
0.13600000000000007,0.09636000000000007,0.1887689119606362
0.16000000000000003,0.09918000000000007,0.1887689119606362
0.15800000000000006,0.09390000000000004,0.1887689119606362
0.18800000000000006,0.10822000000000002,0.1887689119606362
0.10600000000000004,0.10182000000000009,0.1887689119606362
0.04800000000000002,0.10004000000000003,0.1887689119606362
0.09200000000000003,0.10322000000000003,0.1887689119606362
0.09000000000000001,0.09790000000000003,0.1887689119606362
0.15600000000000006,0.11010000000000003,0.1887689119606362
0.07400000000000002,0.10502000000000004,0.1887689119606362
0.11400000000000002,0.10570000000000006,0.1887689119606362
0.09200000000000004,0.08696000000000007,0.1887689119606362
0.07800000000000001,0.08848000000000003,0.1887689119606362
0.08200000000000002,0.09274000000000003,0.1887689119606362
0.11200000000000004,0.08164000000000003,0.1887689119606362
0.10400000000000004,0.09594000000000003,0.1887689119606362
0.09400000000000001,0.09158000000000004,0.1887689119606362
0.09800000000000003,0.09800000000000006,0.1887689119606362
0.058,0.10010000000000006,0.1887689119606362
0.08000000000000002,0.09306000000000002,0.1887689119606362
0.07800000000000001,0.09706000000000005,0.1887689119606362
0.10600000000000007,0.08836000000000001,0.1887689119606362
0.09800000000000003,0.10234000000000003,0.1887689119606362
0.13200000000000006,0.09074000000000003,0.1887689119606362
0.13800000000000004,0.10062000000000001,0.1887689119606362
0.12000000000000005,0.10618000000000005,0.1887689119606362
0.09800000000000005,0.08960000000000004,0.1887689119606362
0.07,0.10266000000000003,0.1887689119606362
0.12000000000000006,0.09198000000000003,0.1887689119606362
0.16200000000000003,0.10046000000000006,0.1887689119606362
0.09600000000000002,0.10494000000000005,0.1887689119606362
0.13600000000000004,0.10322000000000003,0.1887689119606362
0.06800000000000002,0.09776000000000003,0.1887689119606362
0.07200000000000002,0.09590000000000003,0.1887689119606362
0.09400000000000004,0.10058000000000007,0.1887689119606362
0.08000000000000002,0.10370000000000006,0.1887689119606362
0.06200000000000001,0.10350000000000005,0.1887689119606362
0.14600000000000007,0.10802000000000007,0.1887689119606362
0.11800000000000002,0.10522000000000005,0.1887689119606362
